sheet_part,ref,label,formula,cached,shared,whole_column
xl/worksheets/sheet1.xml,B2,,"SUMIFS(Transactions!$H$2:$H$1201,Transactions!$C$2:$C$1201,""OPS"")",696140,0,0
xl/worksheets/sheet1.xml,B3,,"AVERAGEIFS(Transactions!$H$2:$H$1201,Transactions!$I$2:$I$1201,""Yes"")",2828.34669582119,0,0
xl/worksheets/sheet1.xml,B4,,"COUNTIFS(Transactions!$I$2:$I$1201,""No"")",171,0,0
xl/worksheets/sheet1.xml,B5,,MAX(Transactions!$H$2:$H$1201),5816.7,0,0
xl/worksheets/sheet1.xml,B6,,MIN(Transactions!$H$2:$H$1201),112.2,0,0
xl/worksheets/sheet1.xml,B7,,"_xlfn.XLOOKUP(""OPS"",Departments!$A$2:$A$6,Departments!$B$2:$B$6,""Unknown"")",Operations,0,0
xl/worksheets/sheet1.xml,B8,,_xlfn.UNIQUE(Transactions!$C$2:$C$1201),FIN,0,0
xl/worksheets/sheet2.xml,F2,,"VLOOKUP(D2,Lookup!$A$2:$B$4,2,FALSE())",0.1,0,0
xl/worksheets/sheet2.xml,G2,,"ROUND(E2*F2,2)",13.7,0,0
xl/worksheets/sheet2.xml,H2,,E2+G2,150.7,0,0
xl/worksheets/sheet2.xml,J2,,"_xlfn.XLOOKUP(C2,Departments!$A$2:$A$6,Departments!$B$2:$B$6,""Unknown"")",Finance,0,0
xl/worksheets/sheet2.xml,F3,,"VLOOKUP(D3,Lookup!$A$2:$B$4,2,FALSE())",0.15,0,0
xl/worksheets/sheet2.xml,G3,,"ROUND(E3*F3,2)",26.1,0,0
xl/worksheets/sheet2.xml,H3,,E3+G3,200.1,0,0
xl/worksheets/sheet2.xml,J3,,"_xlfn.XLOOKUP(C3,Departments!$A$2:$A$6,Departments!$B$2:$B$6,""Unknown"")",Quality,0,0
xl/worksheets/sheet2.xml,F4,,"VLOOKUP(D4,Lookup!$A$2:$B$4,2,FALSE())",0.05,0,0
xl/worksheets/sheet2.xml,G4,,"ROUND(E4*F4,2)",10.55,0,0
xl/worksheets/sheet2.xml,H4,,E4+G4,221.55,0,0
xl/worksheets/sheet2.xml,J4,,"_xlfn.XLOOKUP(C4,Departments!$A$2:$A$6,Departments!$B$2:$B$6,""Unknown"")",Human Resources,0,0
xl/worksheets/sheet2.xml,F5,,"VLOOKUP(D5,Lookup!$A$2:$B$4,2,FALSE())",0.1,0,0
xl/worksheets/sheet2.xml,G5,,"ROUND(E5*F5,2)",24.8,0,0
xl/worksheets/sheet2.xml,H5,,E5+G5,272.8,0,0
xl/worksheets/sheet2.xml,J5,,"_xlfn.XLOOKUP(C5,Departments!$A$2:$A$6,Departments!$B$2:$B$6,""Unknown"")",Technology,0,0
xl/worksheets/sheet2.xml,F6,,"VLOOKUP(D6,Lookup!$A$2:$B$4,2,FALSE())",0.15,0,0
xl/worksheets/sheet2.xml,G6,,"ROUND(E6*F6,2)",42.75,0,0
xl/worksheets/sheet2.xml,H6,,E6+G6,327.75,0,0
xl/worksheets/sheet2.xml,J6,,"_xlfn.XLOOKUP(C6,Departments!$A$2:$A$6,Departments!$B$2:$B$6,""Unknown"")",Operations,0,0
xl/worksheets/sheet2.xml,F7,,"VLOOKUP(D7,Lookup!$A$2:$B$4,2,FALSE())",0.05,0,0
xl/worksheets/sheet2.xml,G7,,"ROUND(E7*F7,2)",16.1,0,0
xl/worksheets/sheet2.xml,H7,,E7+G7,338.1,0,0
xl/worksheets/sheet2.xml,J7,,"_xlfn.XLOOKUP(C7,Departments!$A$2:$A$6,Departments!$B$2:$B$6,""Unknown"")",Finance,0,0
xl/worksheets/sheet2.xml,F8,,"VLOOKUP(D8,Lookup!$A$2:$B$4,2,FALSE())",0.1,0,0
xl/worksheets/sheet2.xml,G8,,"ROUND(E8*F8,2)",35.9,0,0
xl/worksheets/sheet2.xml,H8,,E8+G8,394.9,0,0
xl/worksheets/sheet2.xml,J8,,"_xlfn.XLOOKUP(C8,Departments!$A$2:$A$6,Departments!$B$2:$B$6,""Unknown"")",Quality,0,0
xl/worksheets/sheet2.xml,F9,,"VLOOKUP(D9,Lookup!$A$2:$B$4,2,FALSE())",0.15,0,0
xl/worksheets/sheet2.xml,G9,,"ROUND(E9*F9,2)",59.4,0,0
xl/worksheets/sheet2.xml,H9,,E9+G9,455.4,0,0
xl/worksheets/sheet2.xml,J9,,"_xlfn.XLOOKUP(C9,Departments!$A$2:$A$6,Departments!$B$2:$B$6,""Unknown"")",Human Resources,0,0
xl/worksheets/sheet2.xml,F10,,"VLOOKUP(D10,Lookup!$A$2:$B$4,2,FALSE())",0.05,0,0
xl/worksheets/sheet2.xml,G10,,"ROUND(E10*F10,2)",21.65,0,0
xl/worksheets/sheet2.xml,H10,,E10+G10,454.65,0,0
xl/worksheets/sheet2.xml,J10,,"_xlfn.XLOOKUP(C10,Departments!$A$2:$A$6,Departments!$B$2:$B$6,""Unknown"")",Technology,0,0
xl/worksheets/sheet2.xml,F11,,"VLOOKUP(D11,Lookup!$A$2:$B$4,2,FALSE())",0.1,0,0
xl/worksheets/sheet2.xml,G11,,"ROUND(E11*F11,2)",47,0,0
xl/worksheets/sheet2.xml,H11,,E11+G11,517,0,0
xl/worksheets/sheet2.xml,J11,,"_xlfn.XLOOKUP(C11,Departments!$A$2:$A$6,Departments!$B$2:$B$6,""Unknown"")",Operations,0,0
xl/worksheets/sheet2.xml,F12,,"VLOOKUP(D12,Lookup!$A$2:$B$4,2,FALSE())",0.15,0,0
xl/worksheets/sheet2.xml,G12,,"ROUND(E12*F12,2)",76.05,0,0
xl/worksheets/sheet2.xml,H12,,E12+G12,583.05,0,0
xl/worksheets/sheet2.xml,J12,,"_xlfn.XLOOKUP(C12,Departments!$A$2:$A$6,Departments!$B$2:$B$6,""Unknown"")",Finance,0,0
xl/worksheets/sheet2.xml,F13,,"VLOOKUP(D13,Lookup!$A$2:$B$4,2,FALSE())",0.05,0,0
xl/worksheets/sheet2.xml,G13,,"ROUND(E13*F13,2)",27.2,0,0
xl/worksheets/sheet2.xml,H13,,E13+G13,571.2,0,0
xl/worksheets/sheet2.xml,J13,,"_xlfn.XLOOKUP(C13,Departments!$A$2:$A$6,Departments!$B$2:$B$6,""Unknown"")",Quality,0,0
xl/worksheets/sheet2.xml,F14,,"VLOOKUP(D14,Lookup!$A$2:$B$4,2,FALSE())",0.1,0,0
xl/worksheets/sheet2.xml,G14,,"ROUND(E14*F14,2)",58.1,0,0
xl/worksheets/sheet2.xml,H14,,E14+G14,639.1,0,0
xl/worksheets/sheet2.xml,J14,,"_xlfn.XLOOKUP(C14,Departments!$A$2:$A$6,Departments!$B$2:$B$6,""Unknown"")",Human Resources,0,0
xl/worksheets/sheet2.xml,F15,,"VLOOKUP(D15,Lookup!$A$2:$B$4,2,FALSE())",0.15,0,0
xl/worksheets/sheet2.xml,G15,,"ROUND(E15*F15,2)",92.7,0,0
xl/worksheets/sheet2.xml,H15,,E15+G15,710.7,0,0
xl/worksheets/sheet2.xml,J15,,"_xlfn.XLOOKUP(C15,Departments!$A$2:$A$6,Departments!$B$2:$B$6,""Unknown"")",Technology,0,0
xl/worksheets/sheet2.xml,F16,,"VLOOKUP(D16,Lookup!$A$2:$B$4,2,FALSE())",0.05,0,0
xl/worksheets/sheet2.xml,G16,,"ROUND(E16*F16,2)",32.75,0,0
xl/worksheets/sheet2.xml,H16,,E16+G16,687.75,0,0
xl/worksheets/sheet2.xml,J16,,"_xlfn.XLOOKUP(C16,Departments!$A$2:$A$6,Departments!$B$2:$B$6,""Unknown"")",Operations,0,0
xl/worksheets/sheet2.xml,F17,,"VLOOKUP(D17,Lookup!$A$2:$B$4,2,FALSE())",0.1,0,0
xl/worksheets/sheet2.xml,G17,,"ROUND(E17*F17,2)",69.2,0,0
xl/worksheets/sheet2.xml,H17,,E17+G17,761.2,0,0
xl/worksheets/sheet2.xml,J17,,"_xlfn.XLOOKUP(C17,Departments!$A$2:$A$6,Departments!$B$2:$B$6,""Unknown"")",Finance,0,0
xl/worksheets/sheet2.xml,F18,,"VLOOKUP(D18,Lookup!$A$2:$B$4,2,FALSE())",0.15,0,0
xl/worksheets/sheet2.xml,G18,,"ROUND(E18*F18,2)",109.35,0,0
xl/worksheets/sheet2.xml,H18,,E18+G18,838.35,0,0
xl/worksheets/sheet2.xml,J18,,"_xlfn.XLOOKUP(C18,Departments!$A$2:$A$6,Departments!$B$2:$B$6,""Unknown"")",Quality,0,0
xl/worksheets/sheet2.xml,F19,,"VLOOKUP(D19,Lookup!$A$2:$B$4,2,FALSE())",0.05,0,0
xl/worksheets/sheet2.xml,G19,,"ROUND(E19*F19,2)",38.3,0,0
xl/worksheets/sheet2.xml,H19,,E19+G19,804.3,0,0
xl/worksheets/sheet2.xml,J19,,"_xlfn.XLOOKUP(C19,Departments!$A$2:$A$6,Departments!$B$2:$B$6,""Unknown"")",Human Resources,0,0
xl/worksheets/sheet2.xml,F20,,"VLOOKUP(D20,Lookup!$A$2:$B$4,2,FALSE())",0.1,0,0
xl/worksheets/sheet2.xml,G20,,"ROUND(E20*F20,2)",80.3,0,0
xl/worksheets/sheet2.xml,H20,,E20+G20,883.3,0,0
xl/worksheets/sheet2.xml,J20,,"_xlfn.XLOOKUP(C20,Departments!$A$2:$A$6,Departments!$B$2:$B$6,""Unknown"")",Technology,0,0
xl/worksheets/sheet2.xml,F21,,"VLOOKUP(D21,Lookup!$A$2:$B$4,2,FALSE())",0.15,0,0
xl/worksheets/sheet2.xml,G21,,"ROUND(E21*F21,2)",126,0,0
xl/worksheets/sheet2.xml,H21,,E21+G21,966,0,0
xl/worksheets/sheet2.xml,J21,,"_xlfn.XLOOKUP(C21,Departments!$A$2:$A$6,Departments!$B$2:$B$6,""Unknown"")",Operations,0,0
xl/worksheets/sheet2.xml,F22,,"VLOOKUP(D22,Lookup!$A$2:$B$4,2,FALSE())",0.05,0,0
xl/worksheets/sheet2.xml,G22,,"ROUND(E22*F22,2)",43.85,0,0
xl/worksheets/sheet2.xml,H22,,E22+G22,920.85,0,0
xl/worksheets/sheet2.xml,J22,,"_xlfn.XLOOKUP(C22,Departments!$A$2:$A$6,Departments!$B$2:$B$6,""Unknown"")",Finance,0,0
xl/worksheets/sheet2.xml,F23,,"VLOOKUP(D23,Lookup!$A$2:$B$4,2,FALSE())",0.1,0,0
xl/worksheets/sheet2.xml,G23,,"ROUND(E23*F23,2)",91.4,0,0
xl/worksheets/sheet2.xml,H23,,E23+G23,1005.4,0,0
xl/worksheets/sheet2.xml,J23,,"_xlfn.XLOOKUP(C23,Departments!$A$2:$A$6,Departments!$B$2:$B$6,""Unknown"")",Quality,0,0
xl/worksheets/sheet2.xml,F24,,"VLOOKUP(D24,Lookup!$A$2:$B$4,2,FALSE())",0.15,0,0
xl/worksheets/sheet2.xml,G24,,"ROUND(E24*F24,2)",142.65,0,0
xl/worksheets/sheet2.xml,H24,,E24+G24,1093.65,0,0
xl/worksheets/sheet2.xml,J24,,"_xlfn.XLOOKUP(C24,Departments!$A$2:$A$6,Departments!$B$2:$B$6,""Unknown"")",Human Resources,0,0
xl/worksheets/sheet2.xml,F25,,"VLOOKUP(D25,Lookup!$A$2:$B$4,2,FALSE())",0.05,0,0
xl/worksheets/sheet2.xml,G25,,"ROUND(E25*F25,2)",49.4,0,0
xl/worksheets/sheet2.xml,H25,,E25+G25,1037.4,0,0
xl/worksheets/sheet2.xml,J25,,"_xlfn.XLOOKUP(C25,Departments!$A$2:$A$6,Departments!$B$2:$B$6,""Unknown"")",Technology,0,0
xl/worksheets/sheet2.xml,F26,,"VLOOKUP(D26,Lookup!$A$2:$B$4,2,FALSE())",0.1,0,0
xl/worksheets/sheet2.xml,G26,,"ROUND(E26*F26,2)",102.5,0,0
xl/worksheets/sheet2.xml,H26,,E26+G26,1127.5,0,0
xl/worksheets/sheet2.xml,J26,,"_xlfn.XLOOKUP(C26,Departments!$A$2:$A$6,Departments!$B$2:$B$6,""Unknown"")",Operations,0,0
xl/worksheets/sheet2.xml,F27,,"VLOOKUP(D27,Lookup!$A$2:$B$4,2,FALSE())",0.15,0,0
xl/worksheets/sheet2.xml,G27,,"ROUND(E27*F27,2)",159.3,0,0
xl/worksheets/sheet2.xml,H27,,E27+G27,1221.3,0,0
xl/worksheets/sheet2.xml,J27,,"_xlfn.XLOOKUP(C27,Departments!$A$2:$A$6,Departments!$B$2:$B$6,""Unknown"")",Finance,0,0
xl/worksheets/sheet2.xml,F28,,"VLOOKUP(D28,Lookup!$A$2:$B$4,2,FALSE())",0.05,0,0
xl/worksheets/sheet2.xml,G28,,"ROUND(E28*F28,2)",54.95,0,0
xl/worksheets/sheet2.xml,H28,,E28+G28,1153.95,0,0
xl/worksheets/sheet2.xml,J28,,"_xlfn.XLOOKUP(C28,Departments!$A$2:$A$6,Departments!$B$2:$B$6,""Unknown"")",Quality,0,0
xl/worksheets/sheet2.xml,F29,,"VLOOKUP(D29,Lookup!$A$2:$B$4,2,FALSE())",0.1,0,0
xl/worksheets/sheet2.xml,G29,,"ROUND(E29*F29,2)",113.6,0,0
xl/worksheets/sheet2.xml,H29,,E29+G29,1249.6,0,0
xl/worksheets/sheet2.xml,J29,,"_xlfn.XLOOKUP(C29,Departments!$A$2:$A$6,Departments!$B$2:$B$6,""Unknown"")",Human Resources,0,0
xl/worksheets/sheet2.xml,F30,,"VLOOKUP(D30,Lookup!$A$2:$B$4,2,FALSE())",0.15,0,0
xl/worksheets/sheet2.xml,G30,,"ROUND(E30*F30,2)",175.95,0,0
xl/worksheets/sheet2.xml,H30,,E30+G30,1348.95,0,0
xl/worksheets/sheet2.xml,J30,,"_xlfn.XLOOKUP(C30,Departments!$A$2:$A$6,Departments!$B$2:$B$6,""Unknown"")",Technology,0,0
xl/worksheets/sheet2.xml,F31,,"VLOOKUP(D31,Lookup!$A$2:$B$4,2,FALSE())",0.05,0,0
xl/worksheets/sheet2.xml,G31,,"ROUND(E31*F31,2)",60.5,0,0
xl/worksheets/sheet2.xml,H31,,E31+G31,1270.5,0,0
xl/worksheets/sheet2.xml,J31,,"_xlfn.XLOOKUP(C31,Departments!$A$2:$A$6,Departments!$B$2:$B$6,""Unknown"")",Operations,0,0
xl/worksheets/sheet2.xml,F32,,"VLOOKUP(D32,Lookup!$A$2:$B$4,2,FALSE())",0.1,0,0
xl/worksheets/sheet2.xml,G32,,"ROUND(E32*F32,2)",124.7,0,0
xl/worksheets/sheet2.xml,H32,,E32+G32,1371.7,0,0
xl/worksheets/sheet2.xml,J32,,"_xlfn.XLOOKUP(C32,Departments!$A$2:$A$6,Departments!$B$2:$B$6,""Unknown"")",Finance,0,0
xl/worksheets/sheet2.xml,F33,,"VLOOKUP(D33,Lookup!$A$2:$B$4,2,FALSE())",0.15,0,0
xl/worksheets/sheet2.xml,G33,,"ROUND(E33*F33,2)",192.6,0,0
xl/worksheets/sheet2.xml,H33,,E33+G33,1476.6,0,0
xl/worksheets/sheet2.xml,J33,,"_xlfn.XLOOKUP(C33,Departments!$A$2:$A$6,Departments!$B$2:$B$6,""Unknown"")",Quality,0,0
xl/worksheets/sheet2.xml,F34,,"VLOOKUP(D34,Lookup!$A$2:$B$4,2,FALSE())",0.05,0,0
xl/worksheets/sheet2.xml,G34,,"ROUND(E34*F34,2)",66.05,0,0
xl/worksheets/sheet2.xml,H34,,E34+G34,1387.05,0,0
xl/worksheets/sheet2.xml,J34,,"_xlfn.XLOOKUP(C34,Departments!$A$2:$A$6,Departments!$B$2:$B$6,""Unknown"")",Human Resources,0,0
xl/worksheets/sheet2.xml,F35,,"VLOOKUP(D35,Lookup!$A$2:$B$4,2,FALSE())",0.1,0,0
xl/worksheets/sheet2.xml,G35,,"ROUND(E35*F35,2)",135.8,0,0
xl/worksheets/sheet2.xml,H35,,E35+G35,1493.8,0,0
xl/worksheets/sheet2.xml,J35,,"_xlfn.XLOOKUP(C35,Departments!$A$2:$A$6,Departments!$B$2:$B$6,""Unknown"")",Technology,0,0
xl/worksheets/sheet2.xml,F36,,"VLOOKUP(D36,Lookup!$A$2:$B$4,2,FALSE())",0.15,0,0
xl/worksheets/sheet2.xml,G36,,"ROUND(E36*F36,2)",209.25,0,0
xl/worksheets/sheet2.xml,H36,,E36+G36,1604.25,0,0
xl/worksheets/sheet2.xml,J36,,"_xlfn.XLOOKUP(C36,Departments!$A$2:$A$6,Departments!$B$2:$B$6,""Unknown"")",Operations,0,0
xl/worksheets/sheet2.xml,F37,,"VLOOKUP(D37,Lookup!$A$2:$B$4,2,FALSE())",0.05,0,0
xl/worksheets/sheet2.xml,G37,,"ROUND(E37*F37,2)",71.6,0,0
xl/worksheets/sheet2.xml,H37,,E37+G37,1503.6,0,0
xl/worksheets/sheet2.xml,J37,,"_xlfn.XLOOKUP(C37,Departments!$A$2:$A$6,Departments!$B$2:$B$6,""Unknown"")",Finance,0,0
xl/worksheets/sheet2.xml,F38,,"VLOOKUP(D38,Lookup!$A$2:$B$4,2,FALSE())",0.1,0,0
xl/worksheets/sheet2.xml,G38,,"ROUND(E38*F38,2)",146.9,0,0
xl/worksheets/sheet2.xml,H38,,E38+G38,1615.9,0,0
xl/worksheets/sheet2.xml,J38,,"_xlfn.XLOOKUP(C38,Departments!$A$2:$A$6,Departments!$B$2:$B$6,""Unknown"")",Quality,0,0
xl/worksheets/sheet2.xml,F39,,"VLOOKUP(D39,Lookup!$A$2:$B$4,2,FALSE())",0.15,0,0
xl/worksheets/sheet2.xml,G39,,"ROUND(E39*F39,2)",225.9,0,0
xl/worksheets/sheet2.xml,H39,,E39+G39,1731.9,0,0
xl/worksheets/sheet2.xml,J39,,"_xlfn.XLOOKUP(C39,Departments!$A$2:$A$6,Departments!$B$2:$B$6,""Unknown"")",Human Resources,0,0
xl/worksheets/sheet2.xml,F40,,"VLOOKUP(D40,Lookup!$A$2:$B$4,2,FALSE())",0.05,0,0
xl/worksheets/sheet2.xml,G40,,"ROUND(E40*F40,2)",77.15,0,0
xl/worksheets/sheet2.xml,H40,,E40+G40,1620.15,0,0
xl/worksheets/sheet2.xml,J40,,"_xlfn.XLOOKUP(C40,Departments!$A$2:$A$6,Departments!$B$2:$B$6,""Unknown"")",Technology,0,0
xl/worksheets/sheet2.xml,F41,,"VLOOKUP(D41,Lookup!$A$2:$B$4,2,FALSE())",0.1,0,0
xl/worksheets/sheet2.xml,G41,,"ROUND(E41*F41,2)",158,0,0
xl/worksheets/sheet2.xml,H41,,E41+G41,1738,0,0
xl/worksheets/sheet2.xml,J41,,"_xlfn.XLOOKUP(C41,Departments!$A$2:$A$6,Departments!$B$2:$B$6,""Unknown"")",Operations,0,0
xl/worksheets/sheet2.xml,F42,,"VLOOKUP(D42,Lookup!$A$2:$B$4,2,FALSE())",0.15,0,0
xl/worksheets/sheet2.xml,G42,,"ROUND(E42*F42,2)",242.55,0,0
xl/worksheets/sheet2.xml,H42,,E42+G42,1859.55,0,0
xl/worksheets/sheet2.xml,J42,,"_xlfn.XLOOKUP(C42,Departments!$A$2:$A$6,Departments!$B$2:$B$6,""Unknown"")",Finance,0,0
xl/worksheets/sheet2.xml,F43,,"VLOOKUP(D43,Lookup!$A$2:$B$4,2,FALSE())",0.05,0,0
xl/worksheets/sheet2.xml,G43,,"ROUND(E43*F43,2)",82.7,0,0
xl/worksheets/sheet2.xml,H43,,E43+G43,1736.7,0,0
xl/worksheets/sheet2.xml,J43,,"_xlfn.XLOOKUP(C43,Departments!$A$2:$A$6,Departments!$B$2:$B$6,""Unknown"")",Quality,0,0
xl/worksheets/sheet2.xml,F44,,"VLOOKUP(D44,Lookup!$A$2:$B$4,2,FALSE())",0.1,0,0
xl/worksheets/sheet2.xml,G44,,"ROUND(E44*F44,2)",169.1,0,0
xl/worksheets/sheet2.xml,H44,,E44+G44,1860.1,0,0
xl/worksheets/sheet2.xml,J44,,"_xlfn.XLOOKUP(C44,Departments!$A$2:$A$6,Departments!$B$2:$B$6,""Unknown"")",Human Resources,0,0
xl/worksheets/sheet2.xml,F45,,"VLOOKUP(D45,Lookup!$A$2:$B$4,2,FALSE())",0.15,0,0
xl/worksheets/sheet2.xml,G45,,"ROUND(E45*F45,2)",259.2,0,0
xl/worksheets/sheet2.xml,H45,,E45+G45,1987.2,0,0
xl/worksheets/sheet2.xml,J45,,"_xlfn.XLOOKUP(C45,Departments!$A$2:$A$6,Departments!$B$2:$B$6,""Unknown"")",Technology,0,0
xl/worksheets/sheet2.xml,F46,,"VLOOKUP(D46,Lookup!$A$2:$B$4,2,FALSE())",0.05,0,0
xl/worksheets/sheet2.xml,G46,,"ROUND(E46*F46,2)",88.25,0,0
xl/worksheets/sheet2.xml,H46,,E46+G46,1853.25,0,0
xl/worksheets/sheet2.xml,J46,,"_xlfn.XLOOKUP(C46,Departments!$A$2:$A$6,Departments!$B$2:$B$6,""Unknown"")",Operations,0,0
xl/worksheets/sheet2.xml,F47,,"VLOOKUP(D47,Lookup!$A$2:$B$4,2,FALSE())",0.1,0,0
xl/worksheets/sheet2.xml,G47,,"ROUND(E47*F47,2)",180.2,0,0
xl/worksheets/sheet2.xml,H47,,E47+G47,1982.2,0,0
xl/worksheets/sheet2.xml,J47,,"_xlfn.XLOOKUP(C47,Departments!$A$2:$A$6,Departments!$B$2:$B$6,""Unknown"")",Finance,0,0
xl/worksheets/sheet2.xml,F48,,"VLOOKUP(D48,Lookup!$A$2:$B$4,2,FALSE())",0.15,0,0
xl/worksheets/sheet2.xml,G48,,"ROUND(E48*F48,2)",275.85,0,0
xl/worksheets/sheet2.xml,H48,,E48+G48,2114.85,0,0
xl/worksheets/sheet2.xml,J48,,"_xlfn.XLOOKUP(C48,Departments!$A$2:$A$6,Departments!$B$2:$B$6,""Unknown"")",Quality,0,0
xl/worksheets/sheet2.xml,F49,,"VLOOKUP(D49,Lookup!$A$2:$B$4,2,FALSE())",0.05,0,0
xl/worksheets/sheet2.xml,G49,,"ROUND(E49*F49,2)",93.8,0,0
xl/worksheets/sheet2.xml,H49,,E49+G49,1969.8,0,0
xl/worksheets/sheet2.xml,J49,,"_xlfn.XLOOKUP(C49,Departments!$A$2:$A$6,Departments!$B$2:$B$6,""Unknown"")",Human Resources,0,0
xl/worksheets/sheet2.xml,F50,,"VLOOKUP(D50,Lookup!$A$2:$B$4,2,FALSE())",0.1,0,0
xl/worksheets/sheet2.xml,G50,,"ROUND(E50*F50,2)",191.3,0,0
xl/worksheets/sheet2.xml,H50,,E50+G50,2104.3,0,0
xl/worksheets/sheet2.xml,J50,,"_xlfn.XLOOKUP(C50,Departments!$A$2:$A$6,Departments!$B$2:$B$6,""Unknown"")",Technology,0,0
xl/worksheets/sheet2.xml,F51,,"VLOOKUP(D51,Lookup!$A$2:$B$4,2,FALSE())",0.15,0,0
xl/worksheets/sheet2.xml,G51,,"ROUND(E51*F51,2)",292.5,0,0
xl/worksheets/sheet2.xml,H51,,E51+G51,2242.5,0,0
xl/worksheets/sheet2.xml,J51,,"_xlfn.XLOOKUP(C51,Departments!$A$2:$A$6,Departments!$B$2:$B$6,""Unknown"")",Operations,0,0
xl/worksheets/sheet2.xml,F52,,"VLOOKUP(D52,Lookup!$A$2:$B$4,2,FALSE())",0.05,0,0
xl/worksheets/sheet2.xml,G52,,"ROUND(E52*F52,2)",99.35,0,0
xl/worksheets/sheet2.xml,H52,,E52+G52,2086.35,0,0
xl/worksheets/sheet2.xml,J52,,"_xlfn.XLOOKUP(C52,Departments!$A$2:$A$6,Departments!$B$2:$B$6,""Unknown"")",Finance,0,0
xl/worksheets/sheet2.xml,F53,,"VLOOKUP(D53,Lookup!$A$2:$B$4,2,FALSE())",0.1,0,0
xl/worksheets/sheet2.xml,G53,,"ROUND(E53*F53,2)",202.4,0,0
xl/worksheets/sheet2.xml,H53,,E53+G53,2226.4,0,0
xl/worksheets/sheet2.xml,J53,,"_xlfn.XLOOKUP(C53,Departments!$A$2:$A$6,Departments!$B$2:$B$6,""Unknown"")",Quality,0,0
xl/worksheets/sheet2.xml,F54,,"VLOOKUP(D54,Lookup!$A$2:$B$4,2,FALSE())",0.15,0,0
xl/worksheets/sheet2.xml,G54,,"ROUND(E54*F54,2)",309.15,0,0
xl/worksheets/sheet2.xml,H54,,E54+G54,2370.15,0,0
xl/worksheets/sheet2.xml,J54,,"_xlfn.XLOOKUP(C54,Departments!$A$2:$A$6,Departments!$B$2:$B$6,""Unknown"")",Human Resources,0,0
xl/worksheets/sheet2.xml,F55,,"VLOOKUP(D55,Lookup!$A$2:$B$4,2,FALSE())",0.05,0,0
xl/worksheets/sheet2.xml,G55,,"ROUND(E55*F55,2)",104.9,0,0
xl/worksheets/sheet2.xml,H55,,E55+G55,2202.9,0,0
xl/worksheets/sheet2.xml,J55,,"_xlfn.XLOOKUP(C55,Departments!$A$2:$A$6,Departments!$B$2:$B$6,""Unknown"")",Technology,0,0
xl/worksheets/sheet2.xml,F56,,"VLOOKUP(D56,Lookup!$A$2:$B$4,2,FALSE())",0.1,0,0
xl/worksheets/sheet2.xml,G56,,"ROUND(E56*F56,2)",213.5,0,0
xl/worksheets/sheet2.xml,H56,,E56+G56,2348.5,0,0
xl/worksheets/sheet2.xml,J56,,"_xlfn.XLOOKUP(C56,Departments!$A$2:$A$6,Departments!$B$2:$B$6,""Unknown"")",Operations,0,0
xl/worksheets/sheet2.xml,F57,,"VLOOKUP(D57,Lookup!$A$2:$B$4,2,FALSE())",0.15,0,0
xl/worksheets/sheet2.xml,G57,,"ROUND(E57*F57,2)",325.8,0,0
xl/worksheets/sheet2.xml,H57,,E57+G57,2497.8,0,0
xl/worksheets/sheet2.xml,J57,,"_xlfn.XLOOKUP(C57,Departments!$A$2:$A$6,Departments!$B$2:$B$6,""Unknown"")",Finance,0,0
xl/worksheets/sheet2.xml,F58,,"VLOOKUP(D58,Lookup!$A$2:$B$4,2,FALSE())",0.05,0,0
xl/worksheets/sheet2.xml,G58,,"ROUND(E58*F58,2)",110.45,0,0
xl/worksheets/sheet2.xml,H58,,E58+G58,2319.45,0,0
xl/worksheets/sheet2.xml,J58,,"_xlfn.XLOOKUP(C58,Departments!$A$2:$A$6,Departments!$B$2:$B$6,""Unknown"")",Quality,0,0
xl/worksheets/sheet2.xml,F59,,"VLOOKUP(D59,Lookup!$A$2:$B$4,2,FALSE())",0.1,0,0
xl/worksheets/sheet2.xml,G59,,"ROUND(E59*F59,2)",224.6,0,0
xl/worksheets/sheet2.xml,H59,,E59+G59,2470.6,0,0
xl/worksheets/sheet2.xml,J59,,"_xlfn.XLOOKUP(C59,Departments!$A$2:$A$6,Departments!$B$2:$B$6,""Unknown"")",Human Resources,0,0
xl/worksheets/sheet2.xml,F60,,"VLOOKUP(D60,Lookup!$A$2:$B$4,2,FALSE())",0.15,0,0
xl/worksheets/sheet2.xml,G60,,"ROUND(E60*F60,2)",342.45,0,0
xl/worksheets/sheet2.xml,H60,,E60+G60,2625.45,0,0
xl/worksheets/sheet2.xml,J60,,"_xlfn.XLOOKUP(C60,Departments!$A$2:$A$6,Departments!$B$2:$B$6,""Unknown"")",Technology,0,0
xl/worksheets/sheet2.xml,F61,,"VLOOKUP(D61,Lookup!$A$2:$B$4,2,FALSE())",0.05,0,0
xl/worksheets/sheet2.xml,G61,,"ROUND(E61*F61,2)",116,0,0
xl/worksheets/sheet2.xml,H61,,E61+G61,2436,0,0
xl/worksheets/sheet2.xml,J61,,"_xlfn.XLOOKUP(C61,Departments!$A$2:$A$6,Departments!$B$2:$B$6,""Unknown"")",Operations,0,0
xl/worksheets/sheet2.xml,F62,,"VLOOKUP(D62,Lookup!$A$2:$B$4,2,FALSE())",0.1,0,0
xl/worksheets/sheet2.xml,G62,,"ROUND(E62*F62,2)",235.7,0,0
xl/worksheets/sheet2.xml,H62,,E62+G62,2592.7,0,0
xl/worksheets/sheet2.xml,J62,,"_xlfn.XLOOKUP(C62,Departments!$A$2:$A$6,Departments!$B$2:$B$6,""Unknown"")",Finance,0,0
xl/worksheets/sheet2.xml,F63,,"VLOOKUP(D63,Lookup!$A$2:$B$4,2,FALSE())",0.15,0,0
xl/worksheets/sheet2.xml,G63,,"ROUND(E63*F63,2)",359.1,0,0
xl/worksheets/sheet2.xml,H63,,E63+G63,2753.1,0,0
xl/worksheets/sheet2.xml,J63,,"_xlfn.XLOOKUP(C63,Departments!$A$2:$A$6,Departments!$B$2:$B$6,""Unknown"")",Quality,0,0
xl/worksheets/sheet2.xml,F64,,"VLOOKUP(D64,Lookup!$A$2:$B$4,2,FALSE())",0.05,0,0
xl/worksheets/sheet2.xml,G64,,"ROUND(E64*F64,2)",121.55,0,0
xl/worksheets/sheet2.xml,H64,,E64+G64,2552.55,0,0
xl/worksheets/sheet2.xml,J64,,"_xlfn.XLOOKUP(C64,Departments!$A$2:$A$6,Departments!$B$2:$B$6,""Unknown"")",Human Resources,0,0
xl/worksheets/sheet2.xml,F65,,"VLOOKUP(D65,Lookup!$A$2:$B$4,2,FALSE())",0.1,0,0
xl/worksheets/sheet2.xml,G65,,"ROUND(E65*F65,2)",246.8,0,0
xl/worksheets/sheet2.xml,H65,,E65+G65,2714.8,0,0
xl/worksheets/sheet2.xml,J65,,"_xlfn.XLOOKUP(C65,Departments!$A$2:$A$6,Departments!$B$2:$B$6,""Unknown"")",Technology,0,0
xl/worksheets/sheet2.xml,F66,,"VLOOKUP(D66,Lookup!$A$2:$B$4,2,FALSE())",0.15,0,0
xl/worksheets/sheet2.xml,G66,,"ROUND(E66*F66,2)",375.75,0,0
xl/worksheets/sheet2.xml,H66,,E66+G66,2880.75,0,0
xl/worksheets/sheet2.xml,J66,,"_xlfn.XLOOKUP(C66,Departments!$A$2:$A$6,Departments!$B$2:$B$6,""Unknown"")",Operations,0,0
xl/worksheets/sheet2.xml,F67,,"VLOOKUP(D67,Lookup!$A$2:$B$4,2,FALSE())",0.05,0,0
xl/worksheets/sheet2.xml,G67,,"ROUND(E67*F67,2)",127.1,0,0
xl/worksheets/sheet2.xml,H67,,E67+G67,2669.1,0,0
xl/worksheets/sheet2.xml,J67,,"_xlfn.XLOOKUP(C67,Departments!$A$2:$A$6,Departments!$B$2:$B$6,""Unknown"")",Finance,0,0
xl/worksheets/sheet2.xml,F68,,"VLOOKUP(D68,Lookup!$A$2:$B$4,2,FALSE())",0.1,0,0
xl/worksheets/sheet2.xml,G68,,"ROUND(E68*F68,2)",257.9,0,0
xl/worksheets/sheet2.xml,H68,,E68+G68,2836.9,0,0
xl/worksheets/sheet2.xml,J68,,"_xlfn.XLOOKUP(C68,Departments!$A$2:$A$6,Departments!$B$2:$B$6,""Unknown"")",Quality,0,0
xl/worksheets/sheet2.xml,F69,,"VLOOKUP(D69,Lookup!$A$2:$B$4,2,FALSE())",0.15,0,0
xl/worksheets/sheet2.xml,G69,,"ROUND(E69*F69,2)",392.4,0,0
xl/worksheets/sheet2.xml,H69,,E69+G69,3008.4,0,0
xl/worksheets/sheet2.xml,J69,,"_xlfn.XLOOKUP(C69,Departments!$A$2:$A$6,Departments!$B$2:$B$6,""Unknown"")",Human Resources,0,0
xl/worksheets/sheet2.xml,F70,,"VLOOKUP(D70,Lookup!$A$2:$B$4,2,FALSE())",0.05,0,0
xl/worksheets/sheet2.xml,G70,,"ROUND(E70*F70,2)",132.65,0,0
xl/worksheets/sheet2.xml,H70,,E70+G70,2785.65,0,0
xl/worksheets/sheet2.xml,J70,,"_xlfn.XLOOKUP(C70,Departments!$A$2:$A$6,Departments!$B$2:$B$6,""Unknown"")",Technology,0,0
xl/worksheets/sheet2.xml,F71,,"VLOOKUP(D71,Lookup!$A$2:$B$4,2,FALSE())",0.1,0,0
xl/worksheets/sheet2.xml,G71,,"ROUND(E71*F71,2)",269,0,0
xl/worksheets/sheet2.xml,H71,,E71+G71,2959,0,0
xl/worksheets/sheet2.xml,J71,,"_xlfn.XLOOKUP(C71,Departments!$A$2:$A$6,Departments!$B$2:$B$6,""Unknown"")",Operations,0,0
xl/worksheets/sheet2.xml,F72,,"VLOOKUP(D72,Lookup!$A$2:$B$4,2,FALSE())",0.15,0,0
xl/worksheets/sheet2.xml,G72,,"ROUND(E72*F72,2)",409.05,0,0
xl/worksheets/sheet2.xml,H72,,E72+G72,3136.05,0,0
xl/worksheets/sheet2.xml,J72,,"_xlfn.XLOOKUP(C72,Departments!$A$2:$A$6,Departments!$B$2:$B$6,""Unknown"")",Finance,0,0
xl/worksheets/sheet2.xml,F73,,"VLOOKUP(D73,Lookup!$A$2:$B$4,2,FALSE())",0.05,0,0
xl/worksheets/sheet2.xml,G73,,"ROUND(E73*F73,2)",138.2,0,0
xl/worksheets/sheet2.xml,H73,,E73+G73,2902.2,0,0
xl/worksheets/sheet2.xml,J73,,"_xlfn.XLOOKUP(C73,Departments!$A$2:$A$6,Departments!$B$2:$B$6,""Unknown"")",Quality,0,0
xl/worksheets/sheet2.xml,F74,,"VLOOKUP(D74,Lookup!$A$2:$B$4,2,FALSE())",0.1,0,0
xl/worksheets/sheet2.xml,G74,,"ROUND(E74*F74,2)",280.1,0,0
xl/worksheets/sheet2.xml,H74,,E74+G74,3081.1,0,0
xl/worksheets/sheet2.xml,J74,,"_xlfn.XLOOKUP(C74,Departments!$A$2:$A$6,Departments!$B$2:$B$6,""Unknown"")",Human Resources,0,0
xl/worksheets/sheet2.xml,F75,,"VLOOKUP(D75,Lookup!$A$2:$B$4,2,FALSE())",0.15,0,0
xl/worksheets/sheet2.xml,G75,,"ROUND(E75*F75,2)",425.7,0,0
xl/worksheets/sheet2.xml,H75,,E75+G75,3263.7,0,0
xl/worksheets/sheet2.xml,J75,,"_xlfn.XLOOKUP(C75,Departments!$A$2:$A$6,Departments!$B$2:$B$6,""Unknown"")",Technology,0,0
xl/worksheets/sheet2.xml,F76,,"VLOOKUP(D76,Lookup!$A$2:$B$4,2,FALSE())",0.05,0,0
xl/worksheets/sheet2.xml,G76,,"ROUND(E76*F76,2)",143.75,0,0
xl/worksheets/sheet2.xml,H76,,E76+G76,3018.75,0,0
xl/worksheets/sheet2.xml,J76,,"_xlfn.XLOOKUP(C76,Departments!$A$2:$A$6,Departments!$B$2:$B$6,""Unknown"")",Operations,0,0
xl/worksheets/sheet2.xml,F77,,"VLOOKUP(D77,Lookup!$A$2:$B$4,2,FALSE())",0.1,0,0
xl/worksheets/sheet2.xml,G77,,"ROUND(E77*F77,2)",291.2,0,0
xl/worksheets/sheet2.xml,H77,,E77+G77,3203.2,0,0
xl/worksheets/sheet2.xml,J77,,"_xlfn.XLOOKUP(C77,Departments!$A$2:$A$6,Departments!$B$2:$B$6,""Unknown"")",Finance,0,0
xl/worksheets/sheet2.xml,F78,,"VLOOKUP(D78,Lookup!$A$2:$B$4,2,FALSE())",0.15,0,0
xl/worksheets/sheet2.xml,G78,,"ROUND(E78*F78,2)",442.35,0,0
xl/worksheets/sheet2.xml,H78,,E78+G78,3391.35,0,0
xl/worksheets/sheet2.xml,J78,,"_xlfn.XLOOKUP(C78,Departments!$A$2:$A$6,Departments!$B$2:$B$6,""Unknown"")",Quality,0,0
xl/worksheets/sheet2.xml,F79,,"VLOOKUP(D79,Lookup!$A$2:$B$4,2,FALSE())",0.05,0,0
xl/worksheets/sheet2.xml,G79,,"ROUND(E79*F79,2)",149.3,0,0
xl/worksheets/sheet2.xml,H79,,E79+G79,3135.3,0,0
xl/worksheets/sheet2.xml,J79,,"_xlfn.XLOOKUP(C79,Departments!$A$2:$A$6,Departments!$B$2:$B$6,""Unknown"")",Human Resources,0,0
xl/worksheets/sheet2.xml,F80,,"VLOOKUP(D80,Lookup!$A$2:$B$4,2,FALSE())",0.1,0,0
xl/worksheets/sheet2.xml,G80,,"ROUND(E80*F80,2)",302.3,0,0
xl/worksheets/sheet2.xml,H80,,E80+G80,3325.3,0,0
xl/worksheets/sheet2.xml,J80,,"_xlfn.XLOOKUP(C80,Departments!$A$2:$A$6,Departments!$B$2:$B$6,""Unknown"")",Technology,0,0
xl/worksheets/sheet2.xml,F81,,"VLOOKUP(D81,Lookup!$A$2:$B$4,2,FALSE())",0.15,0,0
xl/worksheets/sheet2.xml,G81,,"ROUND(E81*F81,2)",459,0,0
xl/worksheets/sheet2.xml,H81,,E81+G81,3519,0,0
xl/worksheets/sheet2.xml,J81,,"_xlfn.XLOOKUP(C81,Departments!$A$2:$A$6,Departments!$B$2:$B$6,""Unknown"")",Operations,0,0
xl/worksheets/sheet2.xml,F82,,"VLOOKUP(D82,Lookup!$A$2:$B$4,2,FALSE())",0.05,0,0
xl/worksheets/sheet2.xml,G82,,"ROUND(E82*F82,2)",154.85,0,0
xl/worksheets/sheet2.xml,H82,,E82+G82,3251.85,0,0
xl/worksheets/sheet2.xml,J82,,"_xlfn.XLOOKUP(C82,Departments!$A$2:$A$6,Departments!$B$2:$B$6,""Unknown"")",Finance,0,0
xl/worksheets/sheet2.xml,F83,,"VLOOKUP(D83,Lookup!$A$2:$B$4,2,FALSE())",0.1,0,0
xl/worksheets/sheet2.xml,G83,,"ROUND(E83*F83,2)",313.4,0,0
xl/worksheets/sheet2.xml,H83,,E83+G83,3447.4,0,0
xl/worksheets/sheet2.xml,J83,,"_xlfn.XLOOKUP(C83,Departments!$A$2:$A$6,Departments!$B$2:$B$6,""Unknown"")",Quality,0,0
xl/worksheets/sheet2.xml,F84,,"VLOOKUP(D84,Lookup!$A$2:$B$4,2,FALSE())",0.15,0,0
xl/worksheets/sheet2.xml,G84,,"ROUND(E84*F84,2)",475.65,0,0
xl/worksheets/sheet2.xml,H84,,E84+G84,3646.65,0,0
xl/worksheets/sheet2.xml,J84,,"_xlfn.XLOOKUP(C84,Departments!$A$2:$A$6,Departments!$B$2:$B$6,""Unknown"")",Human Resources,0,0
xl/worksheets/sheet2.xml,F85,,"VLOOKUP(D85,Lookup!$A$2:$B$4,2,FALSE())",0.05,0,0
xl/worksheets/sheet2.xml,G85,,"ROUND(E85*F85,2)",160.4,0,0
xl/worksheets/sheet2.xml,H85,,E85+G85,3368.4,0,0
xl/worksheets/sheet2.xml,J85,,"_xlfn.XLOOKUP(C85,Departments!$A$2:$A$6,Departments!$B$2:$B$6,""Unknown"")",Technology,0,0
xl/worksheets/sheet2.xml,F86,,"VLOOKUP(D86,Lookup!$A$2:$B$4,2,FALSE())",0.1,0,0
xl/worksheets/sheet2.xml,G86,,"ROUND(E86*F86,2)",324.5,0,0
xl/worksheets/sheet2.xml,H86,,E86+G86,3569.5,0,0
xl/worksheets/sheet2.xml,J86,,"_xlfn.XLOOKUP(C86,Departments!$A$2:$A$6,Departments!$B$2:$B$6,""Unknown"")",Operations,0,0
xl/worksheets/sheet2.xml,F87,,"VLOOKUP(D87,Lookup!$A$2:$B$4,2,FALSE())",0.15,0,0
xl/worksheets/sheet2.xml,G87,,"ROUND(E87*F87,2)",492.3,0,0
xl/worksheets/sheet2.xml,H87,,E87+G87,3774.3,0,0
xl/worksheets/sheet2.xml,J87,,"_xlfn.XLOOKUP(C87,Departments!$A$2:$A$6,Departments!$B$2:$B$6,""Unknown"")",Finance,0,0
xl/worksheets/sheet2.xml,F88,,"VLOOKUP(D88,Lookup!$A$2:$B$4,2,FALSE())",0.05,0,0
xl/worksheets/sheet2.xml,G88,,"ROUND(E88*F88,2)",165.95,0,0
xl/worksheets/sheet2.xml,H88,,E88+G88,3484.95,0,0
xl/worksheets/sheet2.xml,J88,,"_xlfn.XLOOKUP(C88,Departments!$A$2:$A$6,Departments!$B$2:$B$6,""Unknown"")",Quality,0,0
xl/worksheets/sheet2.xml,F89,,"VLOOKUP(D89,Lookup!$A$2:$B$4,2,FALSE())",0.1,0,0
xl/worksheets/sheet2.xml,G89,,"ROUND(E89*F89,2)",335.6,0,0
xl/worksheets/sheet2.xml,H89,,E89+G89,3691.6,0,0
xl/worksheets/sheet2.xml,J89,,"_xlfn.XLOOKUP(C89,Departments!$A$2:$A$6,Departments!$B$2:$B$6,""Unknown"")",Human Resources,0,0
xl/worksheets/sheet2.xml,F90,,"VLOOKUP(D90,Lookup!$A$2:$B$4,2,FALSE())",0.15,0,0
xl/worksheets/sheet2.xml,G90,,"ROUND(E90*F90,2)",508.95,0,0
xl/worksheets/sheet2.xml,H90,,E90+G90,3901.95,0,0
xl/worksheets/sheet2.xml,J90,,"_xlfn.XLOOKUP(C90,Departments!$A$2:$A$6,Departments!$B$2:$B$6,""Unknown"")",Technology,0,0
xl/worksheets/sheet2.xml,F91,,"VLOOKUP(D91,Lookup!$A$2:$B$4,2,FALSE())",0.05,0,0
xl/worksheets/sheet2.xml,G91,,"ROUND(E91*F91,2)",171.5,0,0
xl/worksheets/sheet2.xml,H91,,E91+G91,3601.5,0,0
xl/worksheets/sheet2.xml,J91,,"_xlfn.XLOOKUP(C91,Departments!$A$2:$A$6,Departments!$B$2:$B$6,""Unknown"")",Operations,0,0
xl/worksheets/sheet2.xml,F92,,"VLOOKUP(D92,Lookup!$A$2:$B$4,2,FALSE())",0.1,0,0
xl/worksheets/sheet2.xml,G92,,"ROUND(E92*F92,2)",346.7,0,0
xl/worksheets/sheet2.xml,H92,,E92+G92,3813.7,0,0
xl/worksheets/sheet2.xml,J92,,"_xlfn.XLOOKUP(C92,Departments!$A$2:$A$6,Departments!$B$2:$B$6,""Unknown"")",Finance,0,0
xl/worksheets/sheet2.xml,F93,,"VLOOKUP(D93,Lookup!$A$2:$B$4,2,FALSE())",0.15,0,0
xl/worksheets/sheet2.xml,G93,,"ROUND(E93*F93,2)",525.6,0,0
xl/worksheets/sheet2.xml,H93,,E93+G93,4029.6,0,0
xl/worksheets/sheet2.xml,J93,,"_xlfn.XLOOKUP(C93,Departments!$A$2:$A$6,Departments!$B$2:$B$6,""Unknown"")",Quality,0,0
xl/worksheets/sheet2.xml,F94,,"VLOOKUP(D94,Lookup!$A$2:$B$4,2,FALSE())",0.05,0,0
xl/worksheets/sheet2.xml,G94,,"ROUND(E94*F94,2)",177.05,0,0
xl/worksheets/sheet2.xml,H94,,E94+G94,3718.05,0,0
xl/worksheets/sheet2.xml,J94,,"_xlfn.XLOOKUP(C94,Departments!$A$2:$A$6,Departments!$B$2:$B$6,""Unknown"")",Human Resources,0,0
xl/worksheets/sheet2.xml,F95,,"VLOOKUP(D95,Lookup!$A$2:$B$4,2,FALSE())",0.1,0,0
xl/worksheets/sheet2.xml,G95,,"ROUND(E95*F95,2)",357.8,0,0
xl/worksheets/sheet2.xml,H95,,E95+G95,3935.8,0,0
xl/worksheets/sheet2.xml,J95,,"_xlfn.XLOOKUP(C95,Departments!$A$2:$A$6,Departments!$B$2:$B$6,""Unknown"")",Technology,0,0
xl/worksheets/sheet2.xml,F96,,"VLOOKUP(D96,Lookup!$A$2:$B$4,2,FALSE())",0.15,0,0
xl/worksheets/sheet2.xml,G96,,"ROUND(E96*F96,2)",542.25,0,0
xl/worksheets/sheet2.xml,H96,,E96+G96,4157.25,0,0
xl/worksheets/sheet2.xml,J96,,"_xlfn.XLOOKUP(C96,Departments!$A$2:$A$6,Departments!$B$2:$B$6,""Unknown"")",Operations,0,0
xl/worksheets/sheet2.xml,F97,,"VLOOKUP(D97,Lookup!$A$2:$B$4,2,FALSE())",0.05,0,0
xl/worksheets/sheet2.xml,G97,,"ROUND(E97*F97,2)",182.6,0,0
xl/worksheets/sheet2.xml,H97,,E97+G97,3834.6,0,0
xl/worksheets/sheet2.xml,J97,,"_xlfn.XLOOKUP(C97,Departments!$A$2:$A$6,Departments!$B$2:$B$6,""Unknown"")",Finance,0,0
xl/worksheets/sheet2.xml,F98,,"VLOOKUP(D98,Lookup!$A$2:$B$4,2,FALSE())",0.1,0,0
xl/worksheets/sheet2.xml,G98,,"ROUND(E98*F98,2)",368.9,0,0
xl/worksheets/sheet2.xml,H98,,E98+G98,4057.9,0,0
xl/worksheets/sheet2.xml,J98,,"_xlfn.XLOOKUP(C98,Departments!$A$2:$A$6,Departments!$B$2:$B$6,""Unknown"")",Quality,0,0
xl/worksheets/sheet2.xml,F99,,"VLOOKUP(D99,Lookup!$A$2:$B$4,2,FALSE())",0.15,0,0
xl/worksheets/sheet2.xml,G99,,"ROUND(E99*F99,2)",558.9,0,0
xl/worksheets/sheet2.xml,H99,,E99+G99,4284.9,0,0
xl/worksheets/sheet2.xml,J99,,"_xlfn.XLOOKUP(C99,Departments!$A$2:$A$6,Departments!$B$2:$B$6,""Unknown"")",Human Resources,0,0
xl/worksheets/sheet2.xml,F100,,"VLOOKUP(D100,Lookup!$A$2:$B$4,2,FALSE())",0.05,0,0
xl/worksheets/sheet2.xml,G100,,"ROUND(E100*F100,2)",188.15,0,0
xl/worksheets/sheet2.xml,H100,,E100+G100,3951.15,0,0
xl/worksheets/sheet2.xml,J100,,"_xlfn.XLOOKUP(C100,Departments!$A$2:$A$6,Departments!$B$2:$B$6,""Unknown"")",Technology,0,0
xl/worksheets/sheet2.xml,F101,,"VLOOKUP(D101,Lookup!$A$2:$B$4,2,FALSE())",0.1,0,0
xl/worksheets/sheet2.xml,G101,,"ROUND(E101*F101,2)",380,0,0
xl/worksheets/sheet2.xml,H101,,E101+G101,4180,0,0
xl/worksheets/sheet2.xml,J101,,"_xlfn.XLOOKUP(C101,Departments!$A$2:$A$6,Departments!$B$2:$B$6,""Unknown"")",Operations,0,0
xl/worksheets/sheet2.xml,F102,,"VLOOKUP(D102,Lookup!$A$2:$B$4,2,FALSE())",0.15,0,0
xl/worksheets/sheet2.xml,G102,,"ROUND(E102*F102,2)",575.55,0,0
xl/worksheets/sheet2.xml,H102,,E102+G102,4412.55,0,0
xl/worksheets/sheet2.xml,J102,,"_xlfn.XLOOKUP(C102,Departments!$A$2:$A$6,Departments!$B$2:$B$6,""Unknown"")",Finance,0,0
xl/worksheets/sheet2.xml,F103,,"VLOOKUP(D103,Lookup!$A$2:$B$4,2,FALSE())",0.05,0,0
xl/worksheets/sheet2.xml,G103,,"ROUND(E103*F103,2)",193.7,0,0
xl/worksheets/sheet2.xml,H103,,E103+G103,4067.7,0,0
xl/worksheets/sheet2.xml,J103,,"_xlfn.XLOOKUP(C103,Departments!$A$2:$A$6,Departments!$B$2:$B$6,""Unknown"")",Quality,0,0
xl/worksheets/sheet2.xml,F104,,"VLOOKUP(D104,Lookup!$A$2:$B$4,2,FALSE())",0.1,0,0
xl/worksheets/sheet2.xml,G104,,"ROUND(E104*F104,2)",391.1,0,0
xl/worksheets/sheet2.xml,H104,,E104+G104,4302.1,0,0
xl/worksheets/sheet2.xml,J104,,"_xlfn.XLOOKUP(C104,Departments!$A$2:$A$6,Departments!$B$2:$B$6,""Unknown"")",Human Resources,0,0
xl/worksheets/sheet2.xml,F105,,"VLOOKUP(D105,Lookup!$A$2:$B$4,2,FALSE())",0.15,0,0
xl/worksheets/sheet2.xml,G105,,"ROUND(E105*F105,2)",592.2,0,0
xl/worksheets/sheet2.xml,H105,,E105+G105,4540.2,0,0
xl/worksheets/sheet2.xml,J105,,"_xlfn.XLOOKUP(C105,Departments!$A$2:$A$6,Departments!$B$2:$B$6,""Unknown"")",Technology,0,0
xl/worksheets/sheet2.xml,F106,,"VLOOKUP(D106,Lookup!$A$2:$B$4,2,FALSE())",0.05,0,0
xl/worksheets/sheet2.xml,G106,,"ROUND(E106*F106,2)",199.25,0,0
xl/worksheets/sheet2.xml,H106,,E106+G106,4184.25,0,0
xl/worksheets/sheet2.xml,J106,,"_xlfn.XLOOKUP(C106,Departments!$A$2:$A$6,Departments!$B$2:$B$6,""Unknown"")",Operations,0,0
xl/worksheets/sheet2.xml,F107,,"VLOOKUP(D107,Lookup!$A$2:$B$4,2,FALSE())",0.1,0,0
xl/worksheets/sheet2.xml,G107,,"ROUND(E107*F107,2)",402.2,0,0
xl/worksheets/sheet2.xml,H107,,E107+G107,4424.2,0,0
xl/worksheets/sheet2.xml,J107,,"_xlfn.XLOOKUP(C107,Departments!$A$2:$A$6,Departments!$B$2:$B$6,""Unknown"")",Finance,0,0
xl/worksheets/sheet2.xml,F108,,"VLOOKUP(D108,Lookup!$A$2:$B$4,2,FALSE())",0.15,0,0
xl/worksheets/sheet2.xml,G108,,"ROUND(E108*F108,2)",608.85,0,0
xl/worksheets/sheet2.xml,H108,,E108+G108,4667.85,0,0
xl/worksheets/sheet2.xml,J108,,"_xlfn.XLOOKUP(C108,Departments!$A$2:$A$6,Departments!$B$2:$B$6,""Unknown"")",Quality,0,0
xl/worksheets/sheet2.xml,F109,,"VLOOKUP(D109,Lookup!$A$2:$B$4,2,FALSE())",0.05,0,0
xl/worksheets/sheet2.xml,G109,,"ROUND(E109*F109,2)",204.8,0,0
xl/worksheets/sheet2.xml,H109,,E109+G109,4300.8,0,0
xl/worksheets/sheet2.xml,J109,,"_xlfn.XLOOKUP(C109,Departments!$A$2:$A$6,Departments!$B$2:$B$6,""Unknown"")",Human Resources,0,0
xl/worksheets/sheet2.xml,F110,,"VLOOKUP(D110,Lookup!$A$2:$B$4,2,FALSE())",0.1,0,0
xl/worksheets/sheet2.xml,G110,,"ROUND(E110*F110,2)",413.3,0,0
xl/worksheets/sheet2.xml,H110,,E110+G110,4546.3,0,0
xl/worksheets/sheet2.xml,J110,,"_xlfn.XLOOKUP(C110,Departments!$A$2:$A$6,Departments!$B$2:$B$6,""Unknown"")",Technology,0,0
xl/worksheets/sheet2.xml,F111,,"VLOOKUP(D111,Lookup!$A$2:$B$4,2,FALSE())",0.15,0,0
xl/worksheets/sheet2.xml,G111,,"ROUND(E111*F111,2)",625.5,0,0
xl/worksheets/sheet2.xml,H111,,E111+G111,4795.5,0,0
xl/worksheets/sheet2.xml,J111,,"_xlfn.XLOOKUP(C111,Departments!$A$2:$A$6,Departments!$B$2:$B$6,""Unknown"")",Operations,0,0
xl/worksheets/sheet2.xml,F112,,"VLOOKUP(D112,Lookup!$A$2:$B$4,2,FALSE())",0.05,0,0
xl/worksheets/sheet2.xml,G112,,"ROUND(E112*F112,2)",210.35,0,0
xl/worksheets/sheet2.xml,H112,,E112+G112,4417.35,0,0
xl/worksheets/sheet2.xml,J112,,"_xlfn.XLOOKUP(C112,Departments!$A$2:$A$6,Departments!$B$2:$B$6,""Unknown"")",Finance,0,0
xl/worksheets/sheet2.xml,F113,,"VLOOKUP(D113,Lookup!$A$2:$B$4,2,FALSE())",0.1,0,0
xl/worksheets/sheet2.xml,G113,,"ROUND(E113*F113,2)",424.4,0,0
xl/worksheets/sheet2.xml,H113,,E113+G113,4668.4,0,0
xl/worksheets/sheet2.xml,J113,,"_xlfn.XLOOKUP(C113,Departments!$A$2:$A$6,Departments!$B$2:$B$6,""Unknown"")",Quality,0,0
xl/worksheets/sheet2.xml,F114,,"VLOOKUP(D114,Lookup!$A$2:$B$4,2,FALSE())",0.15,0,0
xl/worksheets/sheet2.xml,G114,,"ROUND(E114*F114,2)",642.15,0,0
xl/worksheets/sheet2.xml,H114,,E114+G114,4923.15,0,0
xl/worksheets/sheet2.xml,J114,,"_xlfn.XLOOKUP(C114,Departments!$A$2:$A$6,Departments!$B$2:$B$6,""Unknown"")",Human Resources,0,0
xl/worksheets/sheet2.xml,F115,,"VLOOKUP(D115,Lookup!$A$2:$B$4,2,FALSE())",0.05,0,0
xl/worksheets/sheet2.xml,G115,,"ROUND(E115*F115,2)",215.9,0,0
xl/worksheets/sheet2.xml,H115,,E115+G115,4533.9,0,0
xl/worksheets/sheet2.xml,J115,,"_xlfn.XLOOKUP(C115,Departments!$A$2:$A$6,Departments!$B$2:$B$6,""Unknown"")",Technology,0,0
xl/worksheets/sheet2.xml,F116,,"VLOOKUP(D116,Lookup!$A$2:$B$4,2,FALSE())",0.1,0,0
xl/worksheets/sheet2.xml,G116,,"ROUND(E116*F116,2)",435.5,0,0
xl/worksheets/sheet2.xml,H116,,E116+G116,4790.5,0,0
xl/worksheets/sheet2.xml,J116,,"_xlfn.XLOOKUP(C116,Departments!$A$2:$A$6,Departments!$B$2:$B$6,""Unknown"")",Operations,0,0
xl/worksheets/sheet2.xml,F117,,"VLOOKUP(D117,Lookup!$A$2:$B$4,2,FALSE())",0.15,0,0
xl/worksheets/sheet2.xml,G117,,"ROUND(E117*F117,2)",658.8,0,0
xl/worksheets/sheet2.xml,H117,,E117+G117,5050.8,0,0
xl/worksheets/sheet2.xml,J117,,"_xlfn.XLOOKUP(C117,Departments!$A$2:$A$6,Departments!$B$2:$B$6,""Unknown"")",Finance,0,0
xl/worksheets/sheet2.xml,F118,,"VLOOKUP(D118,Lookup!$A$2:$B$4,2,FALSE())",0.05,0,0
xl/worksheets/sheet2.xml,G118,,"ROUND(E118*F118,2)",221.45,0,0
xl/worksheets/sheet2.xml,H118,,E118+G118,4650.45,0,0
xl/worksheets/sheet2.xml,J118,,"_xlfn.XLOOKUP(C118,Departments!$A$2:$A$6,Departments!$B$2:$B$6,""Unknown"")",Quality,0,0
xl/worksheets/sheet2.xml,F119,,"VLOOKUP(D119,Lookup!$A$2:$B$4,2,FALSE())",0.1,0,0
xl/worksheets/sheet2.xml,G119,,"ROUND(E119*F119,2)",446.6,0,0
xl/worksheets/sheet2.xml,H119,,E119+G119,4912.6,0,0
xl/worksheets/sheet2.xml,J119,,"_xlfn.XLOOKUP(C119,Departments!$A$2:$A$6,Departments!$B$2:$B$6,""Unknown"")",Human Resources,0,0
xl/worksheets/sheet2.xml,F120,,"VLOOKUP(D120,Lookup!$A$2:$B$4,2,FALSE())",0.15,0,0
xl/worksheets/sheet2.xml,G120,,"ROUND(E120*F120,2)",675.45,0,0
xl/worksheets/sheet2.xml,H120,,E120+G120,5178.45,0,0
xl/worksheets/sheet2.xml,J120,,"_xlfn.XLOOKUP(C120,Departments!$A$2:$A$6,Departments!$B$2:$B$6,""Unknown"")",Technology,0,0
xl/worksheets/sheet2.xml,F121,,"VLOOKUP(D121,Lookup!$A$2:$B$4,2,FALSE())",0.05,0,0
xl/worksheets/sheet2.xml,G121,,"ROUND(E121*F121,2)",227,0,0
xl/worksheets/sheet2.xml,H121,,E121+G121,4767,0,0
xl/worksheets/sheet2.xml,J121,,"_xlfn.XLOOKUP(C121,Departments!$A$2:$A$6,Departments!$B$2:$B$6,""Unknown"")",Operations,0,0
xl/worksheets/sheet2.xml,F122,,"VLOOKUP(D122,Lookup!$A$2:$B$4,2,FALSE())",0.1,0,0
xl/worksheets/sheet2.xml,G122,,"ROUND(E122*F122,2)",457.7,0,0
xl/worksheets/sheet2.xml,H122,,E122+G122,5034.7,0,0
xl/worksheets/sheet2.xml,J122,,"_xlfn.XLOOKUP(C122,Departments!$A$2:$A$6,Departments!$B$2:$B$6,""Unknown"")",Finance,0,0
xl/worksheets/sheet2.xml,F123,,"VLOOKUP(D123,Lookup!$A$2:$B$4,2,FALSE())",0.15,0,0
xl/worksheets/sheet2.xml,G123,,"ROUND(E123*F123,2)",692.1,0,0
xl/worksheets/sheet2.xml,H123,,E123+G123,5306.1,0,0
xl/worksheets/sheet2.xml,J123,,"_xlfn.XLOOKUP(C123,Departments!$A$2:$A$6,Departments!$B$2:$B$6,""Unknown"")",Quality,0,0
xl/worksheets/sheet2.xml,F124,,"VLOOKUP(D124,Lookup!$A$2:$B$4,2,FALSE())",0.05,0,0
xl/worksheets/sheet2.xml,G124,,"ROUND(E124*F124,2)",232.55,0,0
xl/worksheets/sheet2.xml,H124,,E124+G124,4883.55,0,0
xl/worksheets/sheet2.xml,J124,,"_xlfn.XLOOKUP(C124,Departments!$A$2:$A$6,Departments!$B$2:$B$6,""Unknown"")",Human Resources,0,0
xl/worksheets/sheet2.xml,F125,,"VLOOKUP(D125,Lookup!$A$2:$B$4,2,FALSE())",0.1,0,0
xl/worksheets/sheet2.xml,G125,,"ROUND(E125*F125,2)",468.8,0,0
xl/worksheets/sheet2.xml,H125,,E125+G125,5156.8,0,0
xl/worksheets/sheet2.xml,J125,,"_xlfn.XLOOKUP(C125,Departments!$A$2:$A$6,Departments!$B$2:$B$6,""Unknown"")",Technology,0,0
xl/worksheets/sheet2.xml,F126,,"VLOOKUP(D126,Lookup!$A$2:$B$4,2,FALSE())",0.15,0,0
xl/worksheets/sheet2.xml,G126,,"ROUND(E126*F126,2)",708.75,0,0
xl/worksheets/sheet2.xml,H126,,E126+G126,5433.75,0,0
xl/worksheets/sheet2.xml,J126,,"_xlfn.XLOOKUP(C126,Departments!$A$2:$A$6,Departments!$B$2:$B$6,""Unknown"")",Operations,0,0
xl/worksheets/sheet2.xml,F127,,"VLOOKUP(D127,Lookup!$A$2:$B$4,2,FALSE())",0.05,0,0
xl/worksheets/sheet2.xml,G127,,"ROUND(E127*F127,2)",238.1,0,0
xl/worksheets/sheet2.xml,H127,,E127+G127,5000.1,0,0
xl/worksheets/sheet2.xml,J127,,"_xlfn.XLOOKUP(C127,Departments!$A$2:$A$6,Departments!$B$2:$B$6,""Unknown"")",Finance,0,0
xl/worksheets/sheet2.xml,F128,,"VLOOKUP(D128,Lookup!$A$2:$B$4,2,FALSE())",0.1,0,0
xl/worksheets/sheet2.xml,G128,,"ROUND(E128*F128,2)",479.9,0,0
xl/worksheets/sheet2.xml,H128,,E128+G128,5278.9,0,0
xl/worksheets/sheet2.xml,J128,,"_xlfn.XLOOKUP(C128,Departments!$A$2:$A$6,Departments!$B$2:$B$6,""Unknown"")",Quality,0,0
xl/worksheets/sheet2.xml,F129,,"VLOOKUP(D129,Lookup!$A$2:$B$4,2,FALSE())",0.15,0,0
xl/worksheets/sheet2.xml,G129,,"ROUND(E129*F129,2)",725.4,0,0
xl/worksheets/sheet2.xml,H129,,E129+G129,5561.4,0,0
xl/worksheets/sheet2.xml,J129,,"_xlfn.XLOOKUP(C129,Departments!$A$2:$A$6,Departments!$B$2:$B$6,""Unknown"")",Human Resources,0,0
xl/worksheets/sheet2.xml,F130,,"VLOOKUP(D130,Lookup!$A$2:$B$4,2,FALSE())",0.05,0,0
xl/worksheets/sheet2.xml,G130,,"ROUND(E130*F130,2)",243.65,0,0
xl/worksheets/sheet2.xml,H130,,E130+G130,5116.65,0,0
xl/worksheets/sheet2.xml,J130,,"_xlfn.XLOOKUP(C130,Departments!$A$2:$A$6,Departments!$B$2:$B$6,""Unknown"")",Technology,0,0
xl/worksheets/sheet2.xml,F131,,"VLOOKUP(D131,Lookup!$A$2:$B$4,2,FALSE())",0.1,0,0
xl/worksheets/sheet2.xml,G131,,"ROUND(E131*F131,2)",491,0,0
xl/worksheets/sheet2.xml,H131,,E131+G131,5401,0,0
xl/worksheets/sheet2.xml,J131,,"_xlfn.XLOOKUP(C131,Departments!$A$2:$A$6,Departments!$B$2:$B$6,""Unknown"")",Operations,0,0
xl/worksheets/sheet2.xml,F132,,"VLOOKUP(D132,Lookup!$A$2:$B$4,2,FALSE())",0.15,0,0
xl/worksheets/sheet2.xml,G132,,"ROUND(E132*F132,2)",742.05,0,0
xl/worksheets/sheet2.xml,H132,,E132+G132,5689.05,0,0
xl/worksheets/sheet2.xml,J132,,"_xlfn.XLOOKUP(C132,Departments!$A$2:$A$6,Departments!$B$2:$B$6,""Unknown"")",Finance,0,0
xl/worksheets/sheet2.xml,F133,,"VLOOKUP(D133,Lookup!$A$2:$B$4,2,FALSE())",0.05,0,0
xl/worksheets/sheet2.xml,G133,,"ROUND(E133*F133,2)",249.2,0,0
xl/worksheets/sheet2.xml,H133,,E133+G133,5233.2,0,0
xl/worksheets/sheet2.xml,J133,,"_xlfn.XLOOKUP(C133,Departments!$A$2:$A$6,Departments!$B$2:$B$6,""Unknown"")",Quality,0,0
xl/worksheets/sheet2.xml,F134,,"VLOOKUP(D134,Lookup!$A$2:$B$4,2,FALSE())",0.1,0,0
xl/worksheets/sheet2.xml,G134,,"ROUND(E134*F134,2)",502.1,0,0
xl/worksheets/sheet2.xml,H134,,E134+G134,5523.1,0,0
xl/worksheets/sheet2.xml,J134,,"_xlfn.XLOOKUP(C134,Departments!$A$2:$A$6,Departments!$B$2:$B$6,""Unknown"")",Human Resources,0,0
xl/worksheets/sheet2.xml,F135,,"VLOOKUP(D135,Lookup!$A$2:$B$4,2,FALSE())",0.15,0,0
xl/worksheets/sheet2.xml,G135,,"ROUND(E135*F135,2)",758.7,0,0
xl/worksheets/sheet2.xml,H135,,E135+G135,5816.7,0,0
xl/worksheets/sheet2.xml,J135,,"_xlfn.XLOOKUP(C135,Departments!$A$2:$A$6,Departments!$B$2:$B$6,""Unknown"")",Technology,0,0
xl/worksheets/sheet2.xml,F136,,"VLOOKUP(D136,Lookup!$A$2:$B$4,2,FALSE())",0.05,0,0
xl/worksheets/sheet2.xml,G136,,"ROUND(E136*F136,2)",254.75,0,0
xl/worksheets/sheet2.xml,H136,,E136+G136,5349.75,0,0
xl/worksheets/sheet2.xml,J136,,"_xlfn.XLOOKUP(C136,Departments!$A$2:$A$6,Departments!$B$2:$B$6,""Unknown"")",Operations,0,0
xl/worksheets/sheet2.xml,F137,,"VLOOKUP(D137,Lookup!$A$2:$B$4,2,FALSE())",0.1,0,0
xl/worksheets/sheet2.xml,G137,,"ROUND(E137*F137,2)",13.2,0,0
xl/worksheets/sheet2.xml,H137,,E137+G137,145.2,0,0
xl/worksheets/sheet2.xml,J137,,"_xlfn.XLOOKUP(C137,Departments!$A$2:$A$6,Departments!$B$2:$B$6,""Unknown"")",Finance,0,0
xl/worksheets/sheet2.xml,F138,,"VLOOKUP(D138,Lookup!$A$2:$B$4,2,FALSE())",0.15,0,0
xl/worksheets/sheet2.xml,G138,,"ROUND(E138*F138,2)",25.35,0,0
xl/worksheets/sheet2.xml,H138,,E138+G138,194.35,0,0
xl/worksheets/sheet2.xml,J138,,"_xlfn.XLOOKUP(C138,Departments!$A$2:$A$6,Departments!$B$2:$B$6,""Unknown"")",Quality,0,0
xl/worksheets/sheet2.xml,F139,,"VLOOKUP(D139,Lookup!$A$2:$B$4,2,FALSE())",0.05,0,0
xl/worksheets/sheet2.xml,G139,,"ROUND(E139*F139,2)",10.3,0,0
xl/worksheets/sheet2.xml,H139,,E139+G139,216.3,0,0
xl/worksheets/sheet2.xml,J139,,"_xlfn.XLOOKUP(C139,Departments!$A$2:$A$6,Departments!$B$2:$B$6,""Unknown"")",Human Resources,0,0
xl/worksheets/sheet2.xml,F140,,"VLOOKUP(D140,Lookup!$A$2:$B$4,2,FALSE())",0.1,0,0
xl/worksheets/sheet2.xml,G140,,"ROUND(E140*F140,2)",24.3,0,0
xl/worksheets/sheet2.xml,H140,,E140+G140,267.3,0,0
xl/worksheets/sheet2.xml,J140,,"_xlfn.XLOOKUP(C140,Departments!$A$2:$A$6,Departments!$B$2:$B$6,""Unknown"")",Technology,0,0
xl/worksheets/sheet2.xml,F141,,"VLOOKUP(D141,Lookup!$A$2:$B$4,2,FALSE())",0.15,0,0
xl/worksheets/sheet2.xml,G141,,"ROUND(E141*F141,2)",42,0,0
xl/worksheets/sheet2.xml,H141,,E141+G141,322,0,0
xl/worksheets/sheet2.xml,J141,,"_xlfn.XLOOKUP(C141,Departments!$A$2:$A$6,Departments!$B$2:$B$6,""Unknown"")",Operations,0,0
xl/worksheets/sheet2.xml,F142,,"VLOOKUP(D142,Lookup!$A$2:$B$4,2,FALSE())",0.05,0,0
xl/worksheets/sheet2.xml,G142,,"ROUND(E142*F142,2)",15.85,0,0
xl/worksheets/sheet2.xml,H142,,E142+G142,332.85,0,0
xl/worksheets/sheet2.xml,J142,,"_xlfn.XLOOKUP(C142,Departments!$A$2:$A$6,Departments!$B$2:$B$6,""Unknown"")",Finance,0,0
xl/worksheets/sheet2.xml,F143,,"VLOOKUP(D143,Lookup!$A$2:$B$4,2,FALSE())",0.1,0,0
xl/worksheets/sheet2.xml,G143,,"ROUND(E143*F143,2)",35.4,0,0
xl/worksheets/sheet2.xml,H143,,E143+G143,389.4,0,0
xl/worksheets/sheet2.xml,J143,,"_xlfn.XLOOKUP(C143,Departments!$A$2:$A$6,Departments!$B$2:$B$6,""Unknown"")",Quality,0,0
xl/worksheets/sheet2.xml,F144,,"VLOOKUP(D144,Lookup!$A$2:$B$4,2,FALSE())",0.15,0,0
xl/worksheets/sheet2.xml,G144,,"ROUND(E144*F144,2)",58.65,0,0
xl/worksheets/sheet2.xml,H144,,E144+G144,449.65,0,0
xl/worksheets/sheet2.xml,J144,,"_xlfn.XLOOKUP(C144,Departments!$A$2:$A$6,Departments!$B$2:$B$6,""Unknown"")",Human Resources,0,0
xl/worksheets/sheet2.xml,F145,,"VLOOKUP(D145,Lookup!$A$2:$B$4,2,FALSE())",0.05,0,0
xl/worksheets/sheet2.xml,G145,,"ROUND(E145*F145,2)",21.4,0,0
xl/worksheets/sheet2.xml,H145,,E145+G145,449.4,0,0
xl/worksheets/sheet2.xml,J145,,"_xlfn.XLOOKUP(C145,Departments!$A$2:$A$6,Departments!$B$2:$B$6,""Unknown"")",Technology,0,0
xl/worksheets/sheet2.xml,F146,,"VLOOKUP(D146,Lookup!$A$2:$B$4,2,FALSE())",0.1,0,0
xl/worksheets/sheet2.xml,G146,,"ROUND(E146*F146,2)",46.5,0,0
xl/worksheets/sheet2.xml,H146,,E146+G146,511.5,0,0
xl/worksheets/sheet2.xml,J146,,"_xlfn.XLOOKUP(C146,Departments!$A$2:$A$6,Departments!$B$2:$B$6,""Unknown"")",Operations,0,0
xl/worksheets/sheet2.xml,F147,,"VLOOKUP(D147,Lookup!$A$2:$B$4,2,FALSE())",0.15,0,0
xl/worksheets/sheet2.xml,G147,,"ROUND(E147*F147,2)",75.3,0,0
xl/worksheets/sheet2.xml,H147,,E147+G147,577.3,0,0
xl/worksheets/sheet2.xml,J147,,"_xlfn.XLOOKUP(C147,Departments!$A$2:$A$6,Departments!$B$2:$B$6,""Unknown"")",Finance,0,0
xl/worksheets/sheet2.xml,F148,,"VLOOKUP(D148,Lookup!$A$2:$B$4,2,FALSE())",0.05,0,0
xl/worksheets/sheet2.xml,G148,,"ROUND(E148*F148,2)",26.95,0,0
xl/worksheets/sheet2.xml,H148,,E148+G148,565.95,0,0
xl/worksheets/sheet2.xml,J148,,"_xlfn.XLOOKUP(C148,Departments!$A$2:$A$6,Departments!$B$2:$B$6,""Unknown"")",Quality,0,0
xl/worksheets/sheet2.xml,F149,,"VLOOKUP(D149,Lookup!$A$2:$B$4,2,FALSE())",0.1,0,0
xl/worksheets/sheet2.xml,G149,,"ROUND(E149*F149,2)",57.6,0,0
xl/worksheets/sheet2.xml,H149,,E149+G149,633.6,0,0
xl/worksheets/sheet2.xml,J149,,"_xlfn.XLOOKUP(C149,Departments!$A$2:$A$6,Departments!$B$2:$B$6,""Unknown"")",Human Resources,0,0
xl/worksheets/sheet2.xml,F150,,"VLOOKUP(D150,Lookup!$A$2:$B$4,2,FALSE())",0.15,0,0
xl/worksheets/sheet2.xml,G150,,"ROUND(E150*F150,2)",91.95,0,0
xl/worksheets/sheet2.xml,H150,,E150+G150,704.95,0,0
xl/worksheets/sheet2.xml,J150,,"_xlfn.XLOOKUP(C150,Departments!$A$2:$A$6,Departments!$B$2:$B$6,""Unknown"")",Technology,0,0
xl/worksheets/sheet2.xml,F151,,"VLOOKUP(D151,Lookup!$A$2:$B$4,2,FALSE())",0.05,0,0
xl/worksheets/sheet2.xml,G151,,"ROUND(E151*F151,2)",32.5,0,0
xl/worksheets/sheet2.xml,H151,,E151+G151,682.5,0,0
xl/worksheets/sheet2.xml,J151,,"_xlfn.XLOOKUP(C151,Departments!$A$2:$A$6,Departments!$B$2:$B$6,""Unknown"")",Operations,0,0
xl/worksheets/sheet2.xml,F152,,"VLOOKUP(D152,Lookup!$A$2:$B$4,2,FALSE())",0.1,0,0
xl/worksheets/sheet2.xml,G152,,"ROUND(E152*F152,2)",68.7,0,0
xl/worksheets/sheet2.xml,H152,,E152+G152,755.7,0,0
xl/worksheets/sheet2.xml,J152,,"_xlfn.XLOOKUP(C152,Departments!$A$2:$A$6,Departments!$B$2:$B$6,""Unknown"")",Finance,0,0
xl/worksheets/sheet2.xml,F153,,"VLOOKUP(D153,Lookup!$A$2:$B$4,2,FALSE())",0.15,0,0
xl/worksheets/sheet2.xml,G153,,"ROUND(E153*F153,2)",108.6,0,0
xl/worksheets/sheet2.xml,H153,,E153+G153,832.6,0,0
xl/worksheets/sheet2.xml,J153,,"_xlfn.XLOOKUP(C153,Departments!$A$2:$A$6,Departments!$B$2:$B$6,""Unknown"")",Quality,0,0
xl/worksheets/sheet2.xml,F154,,"VLOOKUP(D154,Lookup!$A$2:$B$4,2,FALSE())",0.05,0,0
xl/worksheets/sheet2.xml,G154,,"ROUND(E154*F154,2)",38.05,0,0
xl/worksheets/sheet2.xml,H154,,E154+G154,799.05,0,0
xl/worksheets/sheet2.xml,J154,,"_xlfn.XLOOKUP(C154,Departments!$A$2:$A$6,Departments!$B$2:$B$6,""Unknown"")",Human Resources,0,0
xl/worksheets/sheet2.xml,F155,,"VLOOKUP(D155,Lookup!$A$2:$B$4,2,FALSE())",0.1,0,0
xl/worksheets/sheet2.xml,G155,,"ROUND(E155*F155,2)",79.8,0,0
xl/worksheets/sheet2.xml,H155,,E155+G155,877.8,0,0
xl/worksheets/sheet2.xml,J155,,"_xlfn.XLOOKUP(C155,Departments!$A$2:$A$6,Departments!$B$2:$B$6,""Unknown"")",Technology,0,0
xl/worksheets/sheet2.xml,F156,,"VLOOKUP(D156,Lookup!$A$2:$B$4,2,FALSE())",0.15,0,0
xl/worksheets/sheet2.xml,G156,,"ROUND(E156*F156,2)",125.25,0,0
xl/worksheets/sheet2.xml,H156,,E156+G156,960.25,0,0
xl/worksheets/sheet2.xml,J156,,"_xlfn.XLOOKUP(C156,Departments!$A$2:$A$6,Departments!$B$2:$B$6,""Unknown"")",Operations,0,0
xl/worksheets/sheet2.xml,F157,,"VLOOKUP(D157,Lookup!$A$2:$B$4,2,FALSE())",0.05,0,0
xl/worksheets/sheet2.xml,G157,,"ROUND(E157*F157,2)",43.6,0,0
xl/worksheets/sheet2.xml,H157,,E157+G157,915.6,0,0
xl/worksheets/sheet2.xml,J157,,"_xlfn.XLOOKUP(C157,Departments!$A$2:$A$6,Departments!$B$2:$B$6,""Unknown"")",Finance,0,0
xl/worksheets/sheet2.xml,F158,,"VLOOKUP(D158,Lookup!$A$2:$B$4,2,FALSE())",0.1,0,0
xl/worksheets/sheet2.xml,G158,,"ROUND(E158*F158,2)",90.9,0,0
xl/worksheets/sheet2.xml,H158,,E158+G158,999.9,0,0
xl/worksheets/sheet2.xml,J158,,"_xlfn.XLOOKUP(C158,Departments!$A$2:$A$6,Departments!$B$2:$B$6,""Unknown"")",Quality,0,0
xl/worksheets/sheet2.xml,F159,,"VLOOKUP(D159,Lookup!$A$2:$B$4,2,FALSE())",0.15,0,0
xl/worksheets/sheet2.xml,G159,,"ROUND(E159*F159,2)",141.9,0,0
xl/worksheets/sheet2.xml,H159,,E159+G159,1087.9,0,0
xl/worksheets/sheet2.xml,J159,,"_xlfn.XLOOKUP(C159,Departments!$A$2:$A$6,Departments!$B$2:$B$6,""Unknown"")",Human Resources,0,0
xl/worksheets/sheet2.xml,F160,,"VLOOKUP(D160,Lookup!$A$2:$B$4,2,FALSE())",0.05,0,0
xl/worksheets/sheet2.xml,G160,,"ROUND(E160*F160,2)",49.15,0,0
xl/worksheets/sheet2.xml,H160,,E160+G160,1032.15,0,0
xl/worksheets/sheet2.xml,J160,,"_xlfn.XLOOKUP(C160,Departments!$A$2:$A$6,Departments!$B$2:$B$6,""Unknown"")",Technology,0,0
xl/worksheets/sheet2.xml,F161,,"VLOOKUP(D161,Lookup!$A$2:$B$4,2,FALSE())",0.1,0,0
xl/worksheets/sheet2.xml,G161,,"ROUND(E161*F161,2)",102,0,0
xl/worksheets/sheet2.xml,H161,,E161+G161,1122,0,0
xl/worksheets/sheet2.xml,J161,,"_xlfn.XLOOKUP(C161,Departments!$A$2:$A$6,Departments!$B$2:$B$6,""Unknown"")",Operations,0,0
xl/worksheets/sheet2.xml,F162,,"VLOOKUP(D162,Lookup!$A$2:$B$4,2,FALSE())",0.15,0,0
xl/worksheets/sheet2.xml,G162,,"ROUND(E162*F162,2)",158.55,0,0
xl/worksheets/sheet2.xml,H162,,E162+G162,1215.55,0,0
xl/worksheets/sheet2.xml,J162,,"_xlfn.XLOOKUP(C162,Departments!$A$2:$A$6,Departments!$B$2:$B$6,""Unknown"")",Finance,0,0
xl/worksheets/sheet2.xml,F163,,"VLOOKUP(D163,Lookup!$A$2:$B$4,2,FALSE())",0.05,0,0
xl/worksheets/sheet2.xml,G163,,"ROUND(E163*F163,2)",54.7,0,0
xl/worksheets/sheet2.xml,H163,,E163+G163,1148.7,0,0
xl/worksheets/sheet2.xml,J163,,"_xlfn.XLOOKUP(C163,Departments!$A$2:$A$6,Departments!$B$2:$B$6,""Unknown"")",Quality,0,0
xl/worksheets/sheet2.xml,F164,,"VLOOKUP(D164,Lookup!$A$2:$B$4,2,FALSE())",0.1,0,0
xl/worksheets/sheet2.xml,G164,,"ROUND(E164*F164,2)",113.1,0,0
xl/worksheets/sheet2.xml,H164,,E164+G164,1244.1,0,0
xl/worksheets/sheet2.xml,J164,,"_xlfn.XLOOKUP(C164,Departments!$A$2:$A$6,Departments!$B$2:$B$6,""Unknown"")",Human Resources,0,0
xl/worksheets/sheet2.xml,F165,,"VLOOKUP(D165,Lookup!$A$2:$B$4,2,FALSE())",0.15,0,0
xl/worksheets/sheet2.xml,G165,,"ROUND(E165*F165,2)",175.2,0,0
xl/worksheets/sheet2.xml,H165,,E165+G165,1343.2,0,0
xl/worksheets/sheet2.xml,J165,,"_xlfn.XLOOKUP(C165,Departments!$A$2:$A$6,Departments!$B$2:$B$6,""Unknown"")",Technology,0,0
xl/worksheets/sheet2.xml,F166,,"VLOOKUP(D166,Lookup!$A$2:$B$4,2,FALSE())",0.05,0,0
xl/worksheets/sheet2.xml,G166,,"ROUND(E166*F166,2)",60.25,0,0
xl/worksheets/sheet2.xml,H166,,E166+G166,1265.25,0,0
xl/worksheets/sheet2.xml,J166,,"_xlfn.XLOOKUP(C166,Departments!$A$2:$A$6,Departments!$B$2:$B$6,""Unknown"")",Operations,0,0
xl/worksheets/sheet2.xml,F167,,"VLOOKUP(D167,Lookup!$A$2:$B$4,2,FALSE())",0.1,0,0
xl/worksheets/sheet2.xml,G167,,"ROUND(E167*F167,2)",124.2,0,0
xl/worksheets/sheet2.xml,H167,,E167+G167,1366.2,0,0
xl/worksheets/sheet2.xml,J167,,"_xlfn.XLOOKUP(C167,Departments!$A$2:$A$6,Departments!$B$2:$B$6,""Unknown"")",Finance,0,0
xl/worksheets/sheet2.xml,F168,,"VLOOKUP(D168,Lookup!$A$2:$B$4,2,FALSE())",0.15,0,0
xl/worksheets/sheet2.xml,G168,,"ROUND(E168*F168,2)",191.85,0,0
xl/worksheets/sheet2.xml,H168,,E168+G168,1470.85,0,0
xl/worksheets/sheet2.xml,J168,,"_xlfn.XLOOKUP(C168,Departments!$A$2:$A$6,Departments!$B$2:$B$6,""Unknown"")",Quality,0,0
xl/worksheets/sheet2.xml,F169,,"VLOOKUP(D169,Lookup!$A$2:$B$4,2,FALSE())",0.05,0,0
xl/worksheets/sheet2.xml,G169,,"ROUND(E169*F169,2)",65.8,0,0
xl/worksheets/sheet2.xml,H169,,E169+G169,1381.8,0,0
xl/worksheets/sheet2.xml,J169,,"_xlfn.XLOOKUP(C169,Departments!$A$2:$A$6,Departments!$B$2:$B$6,""Unknown"")",Human Resources,0,0
xl/worksheets/sheet2.xml,F170,,"VLOOKUP(D170,Lookup!$A$2:$B$4,2,FALSE())",0.1,0,0
xl/worksheets/sheet2.xml,G170,,"ROUND(E170*F170,2)",135.3,0,0
xl/worksheets/sheet2.xml,H170,,E170+G170,1488.3,0,0
xl/worksheets/sheet2.xml,J170,,"_xlfn.XLOOKUP(C170,Departments!$A$2:$A$6,Departments!$B$2:$B$6,""Unknown"")",Technology,0,0
xl/worksheets/sheet2.xml,F171,,"VLOOKUP(D171,Lookup!$A$2:$B$4,2,FALSE())",0.15,0,0
xl/worksheets/sheet2.xml,G171,,"ROUND(E171*F171,2)",208.5,0,0
xl/worksheets/sheet2.xml,H171,,E171+G171,1598.5,0,0
xl/worksheets/sheet2.xml,J171,,"_xlfn.XLOOKUP(C171,Departments!$A$2:$A$6,Departments!$B$2:$B$6,""Unknown"")",Operations,0,0
xl/worksheets/sheet2.xml,F172,,"VLOOKUP(D172,Lookup!$A$2:$B$4,2,FALSE())",0.05,0,0
xl/worksheets/sheet2.xml,G172,,"ROUND(E172*F172,2)",71.35,0,0
xl/worksheets/sheet2.xml,H172,,E172+G172,1498.35,0,0
xl/worksheets/sheet2.xml,J172,,"_xlfn.XLOOKUP(C172,Departments!$A$2:$A$6,Departments!$B$2:$B$6,""Unknown"")",Finance,0,0
xl/worksheets/sheet2.xml,F173,,"VLOOKUP(D173,Lookup!$A$2:$B$4,2,FALSE())",0.1,0,0
xl/worksheets/sheet2.xml,G173,,"ROUND(E173*F173,2)",146.4,0,0
xl/worksheets/sheet2.xml,H173,,E173+G173,1610.4,0,0
xl/worksheets/sheet2.xml,J173,,"_xlfn.XLOOKUP(C173,Departments!$A$2:$A$6,Departments!$B$2:$B$6,""Unknown"")",Quality,0,0
xl/worksheets/sheet2.xml,F174,,"VLOOKUP(D174,Lookup!$A$2:$B$4,2,FALSE())",0.15,0,0
xl/worksheets/sheet2.xml,G174,,"ROUND(E174*F174,2)",225.15,0,0
xl/worksheets/sheet2.xml,H174,,E174+G174,1726.15,0,0
xl/worksheets/sheet2.xml,J174,,"_xlfn.XLOOKUP(C174,Departments!$A$2:$A$6,Departments!$B$2:$B$6,""Unknown"")",Human Resources,0,0
xl/worksheets/sheet2.xml,F175,,"VLOOKUP(D175,Lookup!$A$2:$B$4,2,FALSE())",0.05,0,0
xl/worksheets/sheet2.xml,G175,,"ROUND(E175*F175,2)",76.9,0,0
xl/worksheets/sheet2.xml,H175,,E175+G175,1614.9,0,0
xl/worksheets/sheet2.xml,J175,,"_xlfn.XLOOKUP(C175,Departments!$A$2:$A$6,Departments!$B$2:$B$6,""Unknown"")",Technology,0,0
xl/worksheets/sheet2.xml,F176,,"VLOOKUP(D176,Lookup!$A$2:$B$4,2,FALSE())",0.1,0,0
xl/worksheets/sheet2.xml,G176,,"ROUND(E176*F176,2)",157.5,0,0
xl/worksheets/sheet2.xml,H176,,E176+G176,1732.5,0,0
xl/worksheets/sheet2.xml,J176,,"_xlfn.XLOOKUP(C176,Departments!$A$2:$A$6,Departments!$B$2:$B$6,""Unknown"")",Operations,0,0
xl/worksheets/sheet2.xml,F177,,"VLOOKUP(D177,Lookup!$A$2:$B$4,2,FALSE())",0.15,0,0
xl/worksheets/sheet2.xml,G177,,"ROUND(E177*F177,2)",241.8,0,0
xl/worksheets/sheet2.xml,H177,,E177+G177,1853.8,0,0
xl/worksheets/sheet2.xml,J177,,"_xlfn.XLOOKUP(C177,Departments!$A$2:$A$6,Departments!$B$2:$B$6,""Unknown"")",Finance,0,0
xl/worksheets/sheet2.xml,F178,,"VLOOKUP(D178,Lookup!$A$2:$B$4,2,FALSE())",0.05,0,0
xl/worksheets/sheet2.xml,G178,,"ROUND(E178*F178,2)",82.45,0,0
xl/worksheets/sheet2.xml,H178,,E178+G178,1731.45,0,0
xl/worksheets/sheet2.xml,J178,,"_xlfn.XLOOKUP(C178,Departments!$A$2:$A$6,Departments!$B$2:$B$6,""Unknown"")",Quality,0,0
xl/worksheets/sheet2.xml,F179,,"VLOOKUP(D179,Lookup!$A$2:$B$4,2,FALSE())",0.1,0,0
xl/worksheets/sheet2.xml,G179,,"ROUND(E179*F179,2)",168.6,0,0
xl/worksheets/sheet2.xml,H179,,E179+G179,1854.6,0,0
xl/worksheets/sheet2.xml,J179,,"_xlfn.XLOOKUP(C179,Departments!$A$2:$A$6,Departments!$B$2:$B$6,""Unknown"")",Human Resources,0,0
xl/worksheets/sheet2.xml,F180,,"VLOOKUP(D180,Lookup!$A$2:$B$4,2,FALSE())",0.15,0,0
xl/worksheets/sheet2.xml,G180,,"ROUND(E180*F180,2)",258.45,0,0
xl/worksheets/sheet2.xml,H180,,E180+G180,1981.45,0,0
xl/worksheets/sheet2.xml,J180,,"_xlfn.XLOOKUP(C180,Departments!$A$2:$A$6,Departments!$B$2:$B$6,""Unknown"")",Technology,0,0
xl/worksheets/sheet2.xml,F181,,"VLOOKUP(D181,Lookup!$A$2:$B$4,2,FALSE())",0.05,0,0
xl/worksheets/sheet2.xml,G181,,"ROUND(E181*F181,2)",88,0,0
xl/worksheets/sheet2.xml,H181,,E181+G181,1848,0,0
xl/worksheets/sheet2.xml,J181,,"_xlfn.XLOOKUP(C181,Departments!$A$2:$A$6,Departments!$B$2:$B$6,""Unknown"")",Operations,0,0
xl/worksheets/sheet2.xml,F182,,"VLOOKUP(D182,Lookup!$A$2:$B$4,2,FALSE())",0.1,0,0
xl/worksheets/sheet2.xml,G182,,"ROUND(E182*F182,2)",179.7,0,0
xl/worksheets/sheet2.xml,H182,,E182+G182,1976.7,0,0
xl/worksheets/sheet2.xml,J182,,"_xlfn.XLOOKUP(C182,Departments!$A$2:$A$6,Departments!$B$2:$B$6,""Unknown"")",Finance,0,0
xl/worksheets/sheet2.xml,F183,,"VLOOKUP(D183,Lookup!$A$2:$B$4,2,FALSE())",0.15,0,0
xl/worksheets/sheet2.xml,G183,,"ROUND(E183*F183,2)",275.1,0,0
xl/worksheets/sheet2.xml,H183,,E183+G183,2109.1,0,0
xl/worksheets/sheet2.xml,J183,,"_xlfn.XLOOKUP(C183,Departments!$A$2:$A$6,Departments!$B$2:$B$6,""Unknown"")",Quality,0,0
xl/worksheets/sheet2.xml,F184,,"VLOOKUP(D184,Lookup!$A$2:$B$4,2,FALSE())",0.05,0,0
xl/worksheets/sheet2.xml,G184,,"ROUND(E184*F184,2)",93.55,0,0
xl/worksheets/sheet2.xml,H184,,E184+G184,1964.55,0,0
xl/worksheets/sheet2.xml,J184,,"_xlfn.XLOOKUP(C184,Departments!$A$2:$A$6,Departments!$B$2:$B$6,""Unknown"")",Human Resources,0,0
xl/worksheets/sheet2.xml,F185,,"VLOOKUP(D185,Lookup!$A$2:$B$4,2,FALSE())",0.1,0,0
xl/worksheets/sheet2.xml,G185,,"ROUND(E185*F185,2)",190.8,0,0
xl/worksheets/sheet2.xml,H185,,E185+G185,2098.8,0,0
xl/worksheets/sheet2.xml,J185,,"_xlfn.XLOOKUP(C185,Departments!$A$2:$A$6,Departments!$B$2:$B$6,""Unknown"")",Technology,0,0
xl/worksheets/sheet2.xml,F186,,"VLOOKUP(D186,Lookup!$A$2:$B$4,2,FALSE())",0.15,0,0
xl/worksheets/sheet2.xml,G186,,"ROUND(E186*F186,2)",291.75,0,0
xl/worksheets/sheet2.xml,H186,,E186+G186,2236.75,0,0
xl/worksheets/sheet2.xml,J186,,"_xlfn.XLOOKUP(C186,Departments!$A$2:$A$6,Departments!$B$2:$B$6,""Unknown"")",Operations,0,0
xl/worksheets/sheet2.xml,F187,,"VLOOKUP(D187,Lookup!$A$2:$B$4,2,FALSE())",0.05,0,0
xl/worksheets/sheet2.xml,G187,,"ROUND(E187*F187,2)",99.1,0,0
xl/worksheets/sheet2.xml,H187,,E187+G187,2081.1,0,0
xl/worksheets/sheet2.xml,J187,,"_xlfn.XLOOKUP(C187,Departments!$A$2:$A$6,Departments!$B$2:$B$6,""Unknown"")",Finance,0,0
xl/worksheets/sheet2.xml,F188,,"VLOOKUP(D188,Lookup!$A$2:$B$4,2,FALSE())",0.1,0,0
xl/worksheets/sheet2.xml,G188,,"ROUND(E188*F188,2)",201.9,0,0
xl/worksheets/sheet2.xml,H188,,E188+G188,2220.9,0,0
xl/worksheets/sheet2.xml,J188,,"_xlfn.XLOOKUP(C188,Departments!$A$2:$A$6,Departments!$B$2:$B$6,""Unknown"")",Quality,0,0
xl/worksheets/sheet2.xml,F189,,"VLOOKUP(D189,Lookup!$A$2:$B$4,2,FALSE())",0.15,0,0
xl/worksheets/sheet2.xml,G189,,"ROUND(E189*F189,2)",308.4,0,0
xl/worksheets/sheet2.xml,H189,,E189+G189,2364.4,0,0
xl/worksheets/sheet2.xml,J189,,"_xlfn.XLOOKUP(C189,Departments!$A$2:$A$6,Departments!$B$2:$B$6,""Unknown"")",Human Resources,0,0
xl/worksheets/sheet2.xml,F190,,"VLOOKUP(D190,Lookup!$A$2:$B$4,2,FALSE())",0.05,0,0
xl/worksheets/sheet2.xml,G190,,"ROUND(E190*F190,2)",104.65,0,0
xl/worksheets/sheet2.xml,H190,,E190+G190,2197.65,0,0
xl/worksheets/sheet2.xml,J190,,"_xlfn.XLOOKUP(C190,Departments!$A$2:$A$6,Departments!$B$2:$B$6,""Unknown"")",Technology,0,0
xl/worksheets/sheet2.xml,F191,,"VLOOKUP(D191,Lookup!$A$2:$B$4,2,FALSE())",0.1,0,0
xl/worksheets/sheet2.xml,G191,,"ROUND(E191*F191,2)",213,0,0
xl/worksheets/sheet2.xml,H191,,E191+G191,2343,0,0
xl/worksheets/sheet2.xml,J191,,"_xlfn.XLOOKUP(C191,Departments!$A$2:$A$6,Departments!$B$2:$B$6,""Unknown"")",Operations,0,0
xl/worksheets/sheet2.xml,F192,,"VLOOKUP(D192,Lookup!$A$2:$B$4,2,FALSE())",0.15,0,0
xl/worksheets/sheet2.xml,G192,,"ROUND(E192*F192,2)",325.05,0,0
xl/worksheets/sheet2.xml,H192,,E192+G192,2492.05,0,0
xl/worksheets/sheet2.xml,J192,,"_xlfn.XLOOKUP(C192,Departments!$A$2:$A$6,Departments!$B$2:$B$6,""Unknown"")",Finance,0,0
xl/worksheets/sheet2.xml,F193,,"VLOOKUP(D193,Lookup!$A$2:$B$4,2,FALSE())",0.05,0,0
xl/worksheets/sheet2.xml,G193,,"ROUND(E193*F193,2)",110.2,0,0
xl/worksheets/sheet2.xml,H193,,E193+G193,2314.2,0,0
xl/worksheets/sheet2.xml,J193,,"_xlfn.XLOOKUP(C193,Departments!$A$2:$A$6,Departments!$B$2:$B$6,""Unknown"")",Quality,0,0
xl/worksheets/sheet2.xml,F194,,"VLOOKUP(D194,Lookup!$A$2:$B$4,2,FALSE())",0.1,0,0
xl/worksheets/sheet2.xml,G194,,"ROUND(E194*F194,2)",224.1,0,0
xl/worksheets/sheet2.xml,H194,,E194+G194,2465.1,0,0
xl/worksheets/sheet2.xml,J194,,"_xlfn.XLOOKUP(C194,Departments!$A$2:$A$6,Departments!$B$2:$B$6,""Unknown"")",Human Resources,0,0
xl/worksheets/sheet2.xml,F195,,"VLOOKUP(D195,Lookup!$A$2:$B$4,2,FALSE())",0.15,0,0
xl/worksheets/sheet2.xml,G195,,"ROUND(E195*F195,2)",341.7,0,0
xl/worksheets/sheet2.xml,H195,,E195+G195,2619.7,0,0
xl/worksheets/sheet2.xml,J195,,"_xlfn.XLOOKUP(C195,Departments!$A$2:$A$6,Departments!$B$2:$B$6,""Unknown"")",Technology,0,0
xl/worksheets/sheet2.xml,F196,,"VLOOKUP(D196,Lookup!$A$2:$B$4,2,FALSE())",0.05,0,0
xl/worksheets/sheet2.xml,G196,,"ROUND(E196*F196,2)",115.75,0,0
xl/worksheets/sheet2.xml,H196,,E196+G196,2430.75,0,0
xl/worksheets/sheet2.xml,J196,,"_xlfn.XLOOKUP(C196,Departments!$A$2:$A$6,Departments!$B$2:$B$6,""Unknown"")",Operations,0,0
xl/worksheets/sheet2.xml,F197,,"VLOOKUP(D197,Lookup!$A$2:$B$4,2,FALSE())",0.1,0,0
xl/worksheets/sheet2.xml,G197,,"ROUND(E197*F197,2)",235.2,0,0
xl/worksheets/sheet2.xml,H197,,E197+G197,2587.2,0,0
xl/worksheets/sheet2.xml,J197,,"_xlfn.XLOOKUP(C197,Departments!$A$2:$A$6,Departments!$B$2:$B$6,""Unknown"")",Finance,0,0
xl/worksheets/sheet2.xml,F198,,"VLOOKUP(D198,Lookup!$A$2:$B$4,2,FALSE())",0.15,0,0
xl/worksheets/sheet2.xml,G198,,"ROUND(E198*F198,2)",358.35,0,0
xl/worksheets/sheet2.xml,H198,,E198+G198,2747.35,0,0
xl/worksheets/sheet2.xml,J198,,"_xlfn.XLOOKUP(C198,Departments!$A$2:$A$6,Departments!$B$2:$B$6,""Unknown"")",Quality,0,0
xl/worksheets/sheet2.xml,F199,,"VLOOKUP(D199,Lookup!$A$2:$B$4,2,FALSE())",0.05,0,0
xl/worksheets/sheet2.xml,G199,,"ROUND(E199*F199,2)",121.3,0,0
xl/worksheets/sheet2.xml,H199,,E199+G199,2547.3,0,0
xl/worksheets/sheet2.xml,J199,,"_xlfn.XLOOKUP(C199,Departments!$A$2:$A$6,Departments!$B$2:$B$6,""Unknown"")",Human Resources,0,0
xl/worksheets/sheet2.xml,F200,,"VLOOKUP(D200,Lookup!$A$2:$B$4,2,FALSE())",0.1,0,0
xl/worksheets/sheet2.xml,G200,,"ROUND(E200*F200,2)",246.3,0,0
xl/worksheets/sheet2.xml,H200,,E200+G200,2709.3,0,0
xl/worksheets/sheet2.xml,J200,,"_xlfn.XLOOKUP(C200,Departments!$A$2:$A$6,Departments!$B$2:$B$6,""Unknown"")",Technology,0,0
xl/worksheets/sheet2.xml,F201,,"VLOOKUP(D201,Lookup!$A$2:$B$4,2,FALSE())",0.15,0,0
xl/worksheets/sheet2.xml,G201,,"ROUND(E201*F201,2)",375,0,0
xl/worksheets/sheet2.xml,H201,,E201+G201,2875,0,0
xl/worksheets/sheet2.xml,J201,,"_xlfn.XLOOKUP(C201,Departments!$A$2:$A$6,Departments!$B$2:$B$6,""Unknown"")",Operations,0,0
xl/worksheets/sheet2.xml,F202,,"VLOOKUP(D202,Lookup!$A$2:$B$4,2,FALSE())",0.05,0,0
xl/worksheets/sheet2.xml,G202,,"ROUND(E202*F202,2)",126.85,0,0
xl/worksheets/sheet2.xml,H202,,E202+G202,2663.85,0,0
xl/worksheets/sheet2.xml,J202,,"_xlfn.XLOOKUP(C202,Departments!$A$2:$A$6,Departments!$B$2:$B$6,""Unknown"")",Finance,0,0
xl/worksheets/sheet2.xml,F203,,"VLOOKUP(D203,Lookup!$A$2:$B$4,2,FALSE())",0.1,0,0
xl/worksheets/sheet2.xml,G203,,"ROUND(E203*F203,2)",257.4,0,0
xl/worksheets/sheet2.xml,H203,,E203+G203,2831.4,0,0
xl/worksheets/sheet2.xml,J203,,"_xlfn.XLOOKUP(C203,Departments!$A$2:$A$6,Departments!$B$2:$B$6,""Unknown"")",Quality,0,0
xl/worksheets/sheet2.xml,F204,,"VLOOKUP(D204,Lookup!$A$2:$B$4,2,FALSE())",0.15,0,0
xl/worksheets/sheet2.xml,G204,,"ROUND(E204*F204,2)",391.65,0,0
xl/worksheets/sheet2.xml,H204,,E204+G204,3002.65,0,0
xl/worksheets/sheet2.xml,J204,,"_xlfn.XLOOKUP(C204,Departments!$A$2:$A$6,Departments!$B$2:$B$6,""Unknown"")",Human Resources,0,0
xl/worksheets/sheet2.xml,F205,,"VLOOKUP(D205,Lookup!$A$2:$B$4,2,FALSE())",0.05,0,0
xl/worksheets/sheet2.xml,G205,,"ROUND(E205*F205,2)",132.4,0,0
xl/worksheets/sheet2.xml,H205,,E205+G205,2780.4,0,0
xl/worksheets/sheet2.xml,J205,,"_xlfn.XLOOKUP(C205,Departments!$A$2:$A$6,Departments!$B$2:$B$6,""Unknown"")",Technology,0,0
xl/worksheets/sheet2.xml,F206,,"VLOOKUP(D206,Lookup!$A$2:$B$4,2,FALSE())",0.1,0,0
xl/worksheets/sheet2.xml,G206,,"ROUND(E206*F206,2)",268.5,0,0
xl/worksheets/sheet2.xml,H206,,E206+G206,2953.5,0,0
xl/worksheets/sheet2.xml,J206,,"_xlfn.XLOOKUP(C206,Departments!$A$2:$A$6,Departments!$B$2:$B$6,""Unknown"")",Operations,0,0
xl/worksheets/sheet2.xml,F207,,"VLOOKUP(D207,Lookup!$A$2:$B$4,2,FALSE())",0.15,0,0
xl/worksheets/sheet2.xml,G207,,"ROUND(E207*F207,2)",408.3,0,0
xl/worksheets/sheet2.xml,H207,,E207+G207,3130.3,0,0
xl/worksheets/sheet2.xml,J207,,"_xlfn.XLOOKUP(C207,Departments!$A$2:$A$6,Departments!$B$2:$B$6,""Unknown"")",Finance,0,0
xl/worksheets/sheet2.xml,F208,,"VLOOKUP(D208,Lookup!$A$2:$B$4,2,FALSE())",0.05,0,0
xl/worksheets/sheet2.xml,G208,,"ROUND(E208*F208,2)",137.95,0,0
xl/worksheets/sheet2.xml,H208,,E208+G208,2896.95,0,0
xl/worksheets/sheet2.xml,J208,,"_xlfn.XLOOKUP(C208,Departments!$A$2:$A$6,Departments!$B$2:$B$6,""Unknown"")",Quality,0,0
xl/worksheets/sheet2.xml,F209,,"VLOOKUP(D209,Lookup!$A$2:$B$4,2,FALSE())",0.1,0,0
xl/worksheets/sheet2.xml,G209,,"ROUND(E209*F209,2)",279.6,0,0
xl/worksheets/sheet2.xml,H209,,E209+G209,3075.6,0,0
xl/worksheets/sheet2.xml,J209,,"_xlfn.XLOOKUP(C209,Departments!$A$2:$A$6,Departments!$B$2:$B$6,""Unknown"")",Human Resources,0,0
xl/worksheets/sheet2.xml,F210,,"VLOOKUP(D210,Lookup!$A$2:$B$4,2,FALSE())",0.15,0,0
xl/worksheets/sheet2.xml,G210,,"ROUND(E210*F210,2)",424.95,0,0
xl/worksheets/sheet2.xml,H210,,E210+G210,3257.95,0,0
xl/worksheets/sheet2.xml,J210,,"_xlfn.XLOOKUP(C210,Departments!$A$2:$A$6,Departments!$B$2:$B$6,""Unknown"")",Technology,0,0
xl/worksheets/sheet2.xml,F211,,"VLOOKUP(D211,Lookup!$A$2:$B$4,2,FALSE())",0.05,0,0
xl/worksheets/sheet2.xml,G211,,"ROUND(E211*F211,2)",143.5,0,0
xl/worksheets/sheet2.xml,H211,,E211+G211,3013.5,0,0
xl/worksheets/sheet2.xml,J211,,"_xlfn.XLOOKUP(C211,Departments!$A$2:$A$6,Departments!$B$2:$B$6,""Unknown"")",Operations,0,0
xl/worksheets/sheet2.xml,F212,,"VLOOKUP(D212,Lookup!$A$2:$B$4,2,FALSE())",0.1,0,0
xl/worksheets/sheet2.xml,G212,,"ROUND(E212*F212,2)",290.7,0,0
xl/worksheets/sheet2.xml,H212,,E212+G212,3197.7,0,0
xl/worksheets/sheet2.xml,J212,,"_xlfn.XLOOKUP(C212,Departments!$A$2:$A$6,Departments!$B$2:$B$6,""Unknown"")",Finance,0,0
xl/worksheets/sheet2.xml,F213,,"VLOOKUP(D213,Lookup!$A$2:$B$4,2,FALSE())",0.15,0,0
xl/worksheets/sheet2.xml,G213,,"ROUND(E213*F213,2)",441.6,0,0
xl/worksheets/sheet2.xml,H213,,E213+G213,3385.6,0,0
xl/worksheets/sheet2.xml,J213,,"_xlfn.XLOOKUP(C213,Departments!$A$2:$A$6,Departments!$B$2:$B$6,""Unknown"")",Quality,0,0
xl/worksheets/sheet2.xml,F214,,"VLOOKUP(D214,Lookup!$A$2:$B$4,2,FALSE())",0.05,0,0
xl/worksheets/sheet2.xml,G214,,"ROUND(E214*F214,2)",149.05,0,0
xl/worksheets/sheet2.xml,H214,,E214+G214,3130.05,0,0
xl/worksheets/sheet2.xml,J214,,"_xlfn.XLOOKUP(C214,Departments!$A$2:$A$6,Departments!$B$2:$B$6,""Unknown"")",Human Resources,0,0
xl/worksheets/sheet2.xml,F215,,"VLOOKUP(D215,Lookup!$A$2:$B$4,2,FALSE())",0.1,0,0
xl/worksheets/sheet2.xml,G215,,"ROUND(E215*F215,2)",301.8,0,0
xl/worksheets/sheet2.xml,H215,,E215+G215,3319.8,0,0
xl/worksheets/sheet2.xml,J215,,"_xlfn.XLOOKUP(C215,Departments!$A$2:$A$6,Departments!$B$2:$B$6,""Unknown"")",Technology,0,0
xl/worksheets/sheet2.xml,F216,,"VLOOKUP(D216,Lookup!$A$2:$B$4,2,FALSE())",0.15,0,0
xl/worksheets/sheet2.xml,G216,,"ROUND(E216*F216,2)",458.25,0,0
xl/worksheets/sheet2.xml,H216,,E216+G216,3513.25,0,0
xl/worksheets/sheet2.xml,J216,,"_xlfn.XLOOKUP(C216,Departments!$A$2:$A$6,Departments!$B$2:$B$6,""Unknown"")",Operations,0,0
xl/worksheets/sheet2.xml,F217,,"VLOOKUP(D217,Lookup!$A$2:$B$4,2,FALSE())",0.05,0,0
xl/worksheets/sheet2.xml,G217,,"ROUND(E217*F217,2)",154.6,0,0
xl/worksheets/sheet2.xml,H217,,E217+G217,3246.6,0,0
xl/worksheets/sheet2.xml,J217,,"_xlfn.XLOOKUP(C217,Departments!$A$2:$A$6,Departments!$B$2:$B$6,""Unknown"")",Finance,0,0
xl/worksheets/sheet2.xml,F218,,"VLOOKUP(D218,Lookup!$A$2:$B$4,2,FALSE())",0.1,0,0
xl/worksheets/sheet2.xml,G218,,"ROUND(E218*F218,2)",312.9,0,0
xl/worksheets/sheet2.xml,H218,,E218+G218,3441.9,0,0
xl/worksheets/sheet2.xml,J218,,"_xlfn.XLOOKUP(C218,Departments!$A$2:$A$6,Departments!$B$2:$B$6,""Unknown"")",Quality,0,0
xl/worksheets/sheet2.xml,F219,,"VLOOKUP(D219,Lookup!$A$2:$B$4,2,FALSE())",0.15,0,0
xl/worksheets/sheet2.xml,G219,,"ROUND(E219*F219,2)",474.9,0,0
xl/worksheets/sheet2.xml,H219,,E219+G219,3640.9,0,0
xl/worksheets/sheet2.xml,J219,,"_xlfn.XLOOKUP(C219,Departments!$A$2:$A$6,Departments!$B$2:$B$6,""Unknown"")",Human Resources,0,0
xl/worksheets/sheet2.xml,F220,,"VLOOKUP(D220,Lookup!$A$2:$B$4,2,FALSE())",0.05,0,0
xl/worksheets/sheet2.xml,G220,,"ROUND(E220*F220,2)",160.15,0,0
xl/worksheets/sheet2.xml,H220,,E220+G220,3363.15,0,0
xl/worksheets/sheet2.xml,J220,,"_xlfn.XLOOKUP(C220,Departments!$A$2:$A$6,Departments!$B$2:$B$6,""Unknown"")",Technology,0,0
xl/worksheets/sheet2.xml,F221,,"VLOOKUP(D221,Lookup!$A$2:$B$4,2,FALSE())",0.1,0,0
xl/worksheets/sheet2.xml,G221,,"ROUND(E221*F221,2)",324,0,0
xl/worksheets/sheet2.xml,H221,,E221+G221,3564,0,0
xl/worksheets/sheet2.xml,J221,,"_xlfn.XLOOKUP(C221,Departments!$A$2:$A$6,Departments!$B$2:$B$6,""Unknown"")",Operations,0,0
xl/worksheets/sheet2.xml,F222,,"VLOOKUP(D222,Lookup!$A$2:$B$4,2,FALSE())",0.15,0,0
xl/worksheets/sheet2.xml,G222,,"ROUND(E222*F222,2)",491.55,0,0
xl/worksheets/sheet2.xml,H222,,E222+G222,3768.55,0,0
xl/worksheets/sheet2.xml,J222,,"_xlfn.XLOOKUP(C222,Departments!$A$2:$A$6,Departments!$B$2:$B$6,""Unknown"")",Finance,0,0
xl/worksheets/sheet2.xml,F223,,"VLOOKUP(D223,Lookup!$A$2:$B$4,2,FALSE())",0.05,0,0
xl/worksheets/sheet2.xml,G223,,"ROUND(E223*F223,2)",165.7,0,0
xl/worksheets/sheet2.xml,H223,,E223+G223,3479.7,0,0
xl/worksheets/sheet2.xml,J223,,"_xlfn.XLOOKUP(C223,Departments!$A$2:$A$6,Departments!$B$2:$B$6,""Unknown"")",Quality,0,0
xl/worksheets/sheet2.xml,F224,,"VLOOKUP(D224,Lookup!$A$2:$B$4,2,FALSE())",0.1,0,0
xl/worksheets/sheet2.xml,G224,,"ROUND(E224*F224,2)",335.1,0,0
xl/worksheets/sheet2.xml,H224,,E224+G224,3686.1,0,0
xl/worksheets/sheet2.xml,J224,,"_xlfn.XLOOKUP(C224,Departments!$A$2:$A$6,Departments!$B$2:$B$6,""Unknown"")",Human Resources,0,0
xl/worksheets/sheet2.xml,F225,,"VLOOKUP(D225,Lookup!$A$2:$B$4,2,FALSE())",0.15,0,0
xl/worksheets/sheet2.xml,G225,,"ROUND(E225*F225,2)",508.2,0,0
xl/worksheets/sheet2.xml,H225,,E225+G225,3896.2,0,0
xl/worksheets/sheet2.xml,J225,,"_xlfn.XLOOKUP(C225,Departments!$A$2:$A$6,Departments!$B$2:$B$6,""Unknown"")",Technology,0,0
xl/worksheets/sheet2.xml,F226,,"VLOOKUP(D226,Lookup!$A$2:$B$4,2,FALSE())",0.05,0,0
xl/worksheets/sheet2.xml,G226,,"ROUND(E226*F226,2)",171.25,0,0
xl/worksheets/sheet2.xml,H226,,E226+G226,3596.25,0,0
xl/worksheets/sheet2.xml,J226,,"_xlfn.XLOOKUP(C226,Departments!$A$2:$A$6,Departments!$B$2:$B$6,""Unknown"")",Operations,0,0
xl/worksheets/sheet2.xml,F227,,"VLOOKUP(D227,Lookup!$A$2:$B$4,2,FALSE())",0.1,0,0
xl/worksheets/sheet2.xml,G227,,"ROUND(E227*F227,2)",346.2,0,0
xl/worksheets/sheet2.xml,H227,,E227+G227,3808.2,0,0
xl/worksheets/sheet2.xml,J227,,"_xlfn.XLOOKUP(C227,Departments!$A$2:$A$6,Departments!$B$2:$B$6,""Unknown"")",Finance,0,0
xl/worksheets/sheet2.xml,F228,,"VLOOKUP(D228,Lookup!$A$2:$B$4,2,FALSE())",0.15,0,0
xl/worksheets/sheet2.xml,G228,,"ROUND(E228*F228,2)",524.85,0,0
xl/worksheets/sheet2.xml,H228,,E228+G228,4023.85,0,0
xl/worksheets/sheet2.xml,J228,,"_xlfn.XLOOKUP(C228,Departments!$A$2:$A$6,Departments!$B$2:$B$6,""Unknown"")",Quality,0,0
xl/worksheets/sheet2.xml,F229,,"VLOOKUP(D229,Lookup!$A$2:$B$4,2,FALSE())",0.05,0,0
xl/worksheets/sheet2.xml,G229,,"ROUND(E229*F229,2)",176.8,0,0
xl/worksheets/sheet2.xml,H229,,E229+G229,3712.8,0,0
xl/worksheets/sheet2.xml,J229,,"_xlfn.XLOOKUP(C229,Departments!$A$2:$A$6,Departments!$B$2:$B$6,""Unknown"")",Human Resources,0,0
xl/worksheets/sheet2.xml,F230,,"VLOOKUP(D230,Lookup!$A$2:$B$4,2,FALSE())",0.1,0,0
xl/worksheets/sheet2.xml,G230,,"ROUND(E230*F230,2)",357.3,0,0
xl/worksheets/sheet2.xml,H230,,E230+G230,3930.3,0,0
xl/worksheets/sheet2.xml,J230,,"_xlfn.XLOOKUP(C230,Departments!$A$2:$A$6,Departments!$B$2:$B$6,""Unknown"")",Technology,0,0
xl/worksheets/sheet2.xml,F231,,"VLOOKUP(D231,Lookup!$A$2:$B$4,2,FALSE())",0.15,0,0
xl/worksheets/sheet2.xml,G231,,"ROUND(E231*F231,2)",541.5,0,0
xl/worksheets/sheet2.xml,H231,,E231+G231,4151.5,0,0
xl/worksheets/sheet2.xml,J231,,"_xlfn.XLOOKUP(C231,Departments!$A$2:$A$6,Departments!$B$2:$B$6,""Unknown"")",Operations,0,0
xl/worksheets/sheet2.xml,F232,,"VLOOKUP(D232,Lookup!$A$2:$B$4,2,FALSE())",0.05,0,0
xl/worksheets/sheet2.xml,G232,,"ROUND(E232*F232,2)",182.35,0,0
xl/worksheets/sheet2.xml,H232,,E232+G232,3829.35,0,0
xl/worksheets/sheet2.xml,J232,,"_xlfn.XLOOKUP(C232,Departments!$A$2:$A$6,Departments!$B$2:$B$6,""Unknown"")",Finance,0,0
xl/worksheets/sheet2.xml,F233,,"VLOOKUP(D233,Lookup!$A$2:$B$4,2,FALSE())",0.1,0,0
xl/worksheets/sheet2.xml,G233,,"ROUND(E233*F233,2)",368.4,0,0
xl/worksheets/sheet2.xml,H233,,E233+G233,4052.4,0,0
xl/worksheets/sheet2.xml,J233,,"_xlfn.XLOOKUP(C233,Departments!$A$2:$A$6,Departments!$B$2:$B$6,""Unknown"")",Quality,0,0
xl/worksheets/sheet2.xml,F234,,"VLOOKUP(D234,Lookup!$A$2:$B$4,2,FALSE())",0.15,0,0
xl/worksheets/sheet2.xml,G234,,"ROUND(E234*F234,2)",558.15,0,0
xl/worksheets/sheet2.xml,H234,,E234+G234,4279.15,0,0
xl/worksheets/sheet2.xml,J234,,"_xlfn.XLOOKUP(C234,Departments!$A$2:$A$6,Departments!$B$2:$B$6,""Unknown"")",Human Resources,0,0
xl/worksheets/sheet2.xml,F235,,"VLOOKUP(D235,Lookup!$A$2:$B$4,2,FALSE())",0.05,0,0
xl/worksheets/sheet2.xml,G235,,"ROUND(E235*F235,2)",187.9,0,0
xl/worksheets/sheet2.xml,H235,,E235+G235,3945.9,0,0
xl/worksheets/sheet2.xml,J235,,"_xlfn.XLOOKUP(C235,Departments!$A$2:$A$6,Departments!$B$2:$B$6,""Unknown"")",Technology,0,0
xl/worksheets/sheet2.xml,F236,,"VLOOKUP(D236,Lookup!$A$2:$B$4,2,FALSE())",0.1,0,0
xl/worksheets/sheet2.xml,G236,,"ROUND(E236*F236,2)",379.5,0,0
xl/worksheets/sheet2.xml,H236,,E236+G236,4174.5,0,0
xl/worksheets/sheet2.xml,J236,,"_xlfn.XLOOKUP(C236,Departments!$A$2:$A$6,Departments!$B$2:$B$6,""Unknown"")",Operations,0,0
xl/worksheets/sheet2.xml,F237,,"VLOOKUP(D237,Lookup!$A$2:$B$4,2,FALSE())",0.15,0,0
xl/worksheets/sheet2.xml,G237,,"ROUND(E237*F237,2)",574.8,0,0
xl/worksheets/sheet2.xml,H237,,E237+G237,4406.8,0,0
xl/worksheets/sheet2.xml,J237,,"_xlfn.XLOOKUP(C237,Departments!$A$2:$A$6,Departments!$B$2:$B$6,""Unknown"")",Finance,0,0
xl/worksheets/sheet2.xml,F238,,"VLOOKUP(D238,Lookup!$A$2:$B$4,2,FALSE())",0.05,0,0
xl/worksheets/sheet2.xml,G238,,"ROUND(E238*F238,2)",193.45,0,0
xl/worksheets/sheet2.xml,H238,,E238+G238,4062.45,0,0
xl/worksheets/sheet2.xml,J238,,"_xlfn.XLOOKUP(C238,Departments!$A$2:$A$6,Departments!$B$2:$B$6,""Unknown"")",Quality,0,0
xl/worksheets/sheet2.xml,F239,,"VLOOKUP(D239,Lookup!$A$2:$B$4,2,FALSE())",0.1,0,0
xl/worksheets/sheet2.xml,G239,,"ROUND(E239*F239,2)",390.6,0,0
xl/worksheets/sheet2.xml,H239,,E239+G239,4296.6,0,0
xl/worksheets/sheet2.xml,J239,,"_xlfn.XLOOKUP(C239,Departments!$A$2:$A$6,Departments!$B$2:$B$6,""Unknown"")",Human Resources,0,0
xl/worksheets/sheet2.xml,F240,,"VLOOKUP(D240,Lookup!$A$2:$B$4,2,FALSE())",0.15,0,0
xl/worksheets/sheet2.xml,G240,,"ROUND(E240*F240,2)",591.45,0,0
xl/worksheets/sheet2.xml,H240,,E240+G240,4534.45,0,0
xl/worksheets/sheet2.xml,J240,,"_xlfn.XLOOKUP(C240,Departments!$A$2:$A$6,Departments!$B$2:$B$6,""Unknown"")",Technology,0,0
xl/worksheets/sheet2.xml,F241,,"VLOOKUP(D241,Lookup!$A$2:$B$4,2,FALSE())",0.05,0,0
xl/worksheets/sheet2.xml,G241,,"ROUND(E241*F241,2)",199,0,0
xl/worksheets/sheet2.xml,H241,,E241+G241,4179,0,0
xl/worksheets/sheet2.xml,J241,,"_xlfn.XLOOKUP(C241,Departments!$A$2:$A$6,Departments!$B$2:$B$6,""Unknown"")",Operations,0,0
xl/worksheets/sheet2.xml,F242,,"VLOOKUP(D242,Lookup!$A$2:$B$4,2,FALSE())",0.1,0,0
xl/worksheets/sheet2.xml,G242,,"ROUND(E242*F242,2)",401.7,0,0
xl/worksheets/sheet2.xml,H242,,E242+G242,4418.7,0,0
xl/worksheets/sheet2.xml,J242,,"_xlfn.XLOOKUP(C242,Departments!$A$2:$A$6,Departments!$B$2:$B$6,""Unknown"")",Finance,0,0
xl/worksheets/sheet2.xml,F243,,"VLOOKUP(D243,Lookup!$A$2:$B$4,2,FALSE())",0.15,0,0
xl/worksheets/sheet2.xml,G243,,"ROUND(E243*F243,2)",608.1,0,0
xl/worksheets/sheet2.xml,H243,,E243+G243,4662.1,0,0
xl/worksheets/sheet2.xml,J243,,"_xlfn.XLOOKUP(C243,Departments!$A$2:$A$6,Departments!$B$2:$B$6,""Unknown"")",Quality,0,0
xl/worksheets/sheet2.xml,F244,,"VLOOKUP(D244,Lookup!$A$2:$B$4,2,FALSE())",0.05,0,0
xl/worksheets/sheet2.xml,G244,,"ROUND(E244*F244,2)",204.55,0,0
xl/worksheets/sheet2.xml,H244,,E244+G244,4295.55,0,0
xl/worksheets/sheet2.xml,J244,,"_xlfn.XLOOKUP(C244,Departments!$A$2:$A$6,Departments!$B$2:$B$6,""Unknown"")",Human Resources,0,0
xl/worksheets/sheet2.xml,F245,,"VLOOKUP(D245,Lookup!$A$2:$B$4,2,FALSE())",0.1,0,0
xl/worksheets/sheet2.xml,G245,,"ROUND(E245*F245,2)",412.8,0,0
xl/worksheets/sheet2.xml,H245,,E245+G245,4540.8,0,0
xl/worksheets/sheet2.xml,J245,,"_xlfn.XLOOKUP(C245,Departments!$A$2:$A$6,Departments!$B$2:$B$6,""Unknown"")",Technology,0,0
xl/worksheets/sheet2.xml,F246,,"VLOOKUP(D246,Lookup!$A$2:$B$4,2,FALSE())",0.15,0,0
xl/worksheets/sheet2.xml,G246,,"ROUND(E246*F246,2)",624.75,0,0
xl/worksheets/sheet2.xml,H246,,E246+G246,4789.75,0,0
xl/worksheets/sheet2.xml,J246,,"_xlfn.XLOOKUP(C246,Departments!$A$2:$A$6,Departments!$B$2:$B$6,""Unknown"")",Operations,0,0
xl/worksheets/sheet2.xml,F247,,"VLOOKUP(D247,Lookup!$A$2:$B$4,2,FALSE())",0.05,0,0
xl/worksheets/sheet2.xml,G247,,"ROUND(E247*F247,2)",210.1,0,0
xl/worksheets/sheet2.xml,H247,,E247+G247,4412.1,0,0
xl/worksheets/sheet2.xml,J247,,"_xlfn.XLOOKUP(C247,Departments!$A$2:$A$6,Departments!$B$2:$B$6,""Unknown"")",Finance,0,0
xl/worksheets/sheet2.xml,F248,,"VLOOKUP(D248,Lookup!$A$2:$B$4,2,FALSE())",0.1,0,0
xl/worksheets/sheet2.xml,G248,,"ROUND(E248*F248,2)",423.9,0,0
xl/worksheets/sheet2.xml,H248,,E248+G248,4662.9,0,0
xl/worksheets/sheet2.xml,J248,,"_xlfn.XLOOKUP(C248,Departments!$A$2:$A$6,Departments!$B$2:$B$6,""Unknown"")",Quality,0,0
xl/worksheets/sheet2.xml,F249,,"VLOOKUP(D249,Lookup!$A$2:$B$4,2,FALSE())",0.15,0,0
xl/worksheets/sheet2.xml,G249,,"ROUND(E249*F249,2)",641.4,0,0
xl/worksheets/sheet2.xml,H249,,E249+G249,4917.4,0,0
xl/worksheets/sheet2.xml,J249,,"_xlfn.XLOOKUP(C249,Departments!$A$2:$A$6,Departments!$B$2:$B$6,""Unknown"")",Human Resources,0,0
xl/worksheets/sheet2.xml,F250,,"VLOOKUP(D250,Lookup!$A$2:$B$4,2,FALSE())",0.05,0,0
xl/worksheets/sheet2.xml,G250,,"ROUND(E250*F250,2)",215.65,0,0
xl/worksheets/sheet2.xml,H250,,E250+G250,4528.65,0,0
xl/worksheets/sheet2.xml,J250,,"_xlfn.XLOOKUP(C250,Departments!$A$2:$A$6,Departments!$B$2:$B$6,""Unknown"")",Technology,0,0
xl/worksheets/sheet2.xml,F251,,"VLOOKUP(D251,Lookup!$A$2:$B$4,2,FALSE())",0.1,0,0
xl/worksheets/sheet2.xml,G251,,"ROUND(E251*F251,2)",435,0,0
xl/worksheets/sheet2.xml,H251,,E251+G251,4785,0,0
xl/worksheets/sheet2.xml,J251,,"_xlfn.XLOOKUP(C251,Departments!$A$2:$A$6,Departments!$B$2:$B$6,""Unknown"")",Operations,0,0
xl/worksheets/sheet2.xml,F252,,"VLOOKUP(D252,Lookup!$A$2:$B$4,2,FALSE())",0.15,0,0
xl/worksheets/sheet2.xml,G252,,"ROUND(E252*F252,2)",658.05,0,0
xl/worksheets/sheet2.xml,H252,,E252+G252,5045.05,0,0
xl/worksheets/sheet2.xml,J252,,"_xlfn.XLOOKUP(C252,Departments!$A$2:$A$6,Departments!$B$2:$B$6,""Unknown"")",Finance,0,0
xl/worksheets/sheet2.xml,F253,,"VLOOKUP(D253,Lookup!$A$2:$B$4,2,FALSE())",0.05,0,0
xl/worksheets/sheet2.xml,G253,,"ROUND(E253*F253,2)",221.2,0,0
xl/worksheets/sheet2.xml,H253,,E253+G253,4645.2,0,0
xl/worksheets/sheet2.xml,J253,,"_xlfn.XLOOKUP(C253,Departments!$A$2:$A$6,Departments!$B$2:$B$6,""Unknown"")",Quality,0,0
xl/worksheets/sheet2.xml,F254,,"VLOOKUP(D254,Lookup!$A$2:$B$4,2,FALSE())",0.1,0,0
xl/worksheets/sheet2.xml,G254,,"ROUND(E254*F254,2)",446.1,0,0
xl/worksheets/sheet2.xml,H254,,E254+G254,4907.1,0,0
xl/worksheets/sheet2.xml,J254,,"_xlfn.XLOOKUP(C254,Departments!$A$2:$A$6,Departments!$B$2:$B$6,""Unknown"")",Human Resources,0,0
xl/worksheets/sheet2.xml,F255,,"VLOOKUP(D255,Lookup!$A$2:$B$4,2,FALSE())",0.15,0,0
xl/worksheets/sheet2.xml,G255,,"ROUND(E255*F255,2)",674.7,0,0
xl/worksheets/sheet2.xml,H255,,E255+G255,5172.7,0,0
xl/worksheets/sheet2.xml,J255,,"_xlfn.XLOOKUP(C255,Departments!$A$2:$A$6,Departments!$B$2:$B$6,""Unknown"")",Technology,0,0
xl/worksheets/sheet2.xml,F256,,"VLOOKUP(D256,Lookup!$A$2:$B$4,2,FALSE())",0.05,0,0
xl/worksheets/sheet2.xml,G256,,"ROUND(E256*F256,2)",226.75,0,0
xl/worksheets/sheet2.xml,H256,,E256+G256,4761.75,0,0
xl/worksheets/sheet2.xml,J256,,"_xlfn.XLOOKUP(C256,Departments!$A$2:$A$6,Departments!$B$2:$B$6,""Unknown"")",Operations,0,0
xl/worksheets/sheet2.xml,F257,,"VLOOKUP(D257,Lookup!$A$2:$B$4,2,FALSE())",0.1,0,0
xl/worksheets/sheet2.xml,G257,,"ROUND(E257*F257,2)",457.2,0,0
xl/worksheets/sheet2.xml,H257,,E257+G257,5029.2,0,0
xl/worksheets/sheet2.xml,J257,,"_xlfn.XLOOKUP(C257,Departments!$A$2:$A$6,Departments!$B$2:$B$6,""Unknown"")",Finance,0,0
xl/worksheets/sheet2.xml,F258,,"VLOOKUP(D258,Lookup!$A$2:$B$4,2,FALSE())",0.15,0,0
xl/worksheets/sheet2.xml,G258,,"ROUND(E258*F258,2)",691.35,0,0
xl/worksheets/sheet2.xml,H258,,E258+G258,5300.35,0,0
xl/worksheets/sheet2.xml,J258,,"_xlfn.XLOOKUP(C258,Departments!$A$2:$A$6,Departments!$B$2:$B$6,""Unknown"")",Quality,0,0
xl/worksheets/sheet2.xml,F259,,"VLOOKUP(D259,Lookup!$A$2:$B$4,2,FALSE())",0.05,0,0
xl/worksheets/sheet2.xml,G259,,"ROUND(E259*F259,2)",232.3,0,0
xl/worksheets/sheet2.xml,H259,,E259+G259,4878.3,0,0
xl/worksheets/sheet2.xml,J259,,"_xlfn.XLOOKUP(C259,Departments!$A$2:$A$6,Departments!$B$2:$B$6,""Unknown"")",Human Resources,0,0
xl/worksheets/sheet2.xml,F260,,"VLOOKUP(D260,Lookup!$A$2:$B$4,2,FALSE())",0.1,0,0
xl/worksheets/sheet2.xml,G260,,"ROUND(E260*F260,2)",468.3,0,0
xl/worksheets/sheet2.xml,H260,,E260+G260,5151.3,0,0
xl/worksheets/sheet2.xml,J260,,"_xlfn.XLOOKUP(C260,Departments!$A$2:$A$6,Departments!$B$2:$B$6,""Unknown"")",Technology,0,0
xl/worksheets/sheet2.xml,F261,,"VLOOKUP(D261,Lookup!$A$2:$B$4,2,FALSE())",0.15,0,0
xl/worksheets/sheet2.xml,G261,,"ROUND(E261*F261,2)",708,0,0
xl/worksheets/sheet2.xml,H261,,E261+G261,5428,0,0
xl/worksheets/sheet2.xml,J261,,"_xlfn.XLOOKUP(C261,Departments!$A$2:$A$6,Departments!$B$2:$B$6,""Unknown"")",Operations,0,0
xl/worksheets/sheet2.xml,F262,,"VLOOKUP(D262,Lookup!$A$2:$B$4,2,FALSE())",0.05,0,0
xl/worksheets/sheet2.xml,G262,,"ROUND(E262*F262,2)",237.85,0,0
xl/worksheets/sheet2.xml,H262,,E262+G262,4994.85,0,0
xl/worksheets/sheet2.xml,J262,,"_xlfn.XLOOKUP(C262,Departments!$A$2:$A$6,Departments!$B$2:$B$6,""Unknown"")",Finance,0,0
xl/worksheets/sheet2.xml,F263,,"VLOOKUP(D263,Lookup!$A$2:$B$4,2,FALSE())",0.1,0,0
xl/worksheets/sheet2.xml,G263,,"ROUND(E263*F263,2)",479.4,0,0
xl/worksheets/sheet2.xml,H263,,E263+G263,5273.4,0,0
xl/worksheets/sheet2.xml,J263,,"_xlfn.XLOOKUP(C263,Departments!$A$2:$A$6,Departments!$B$2:$B$6,""Unknown"")",Quality,0,0
xl/worksheets/sheet2.xml,F264,,"VLOOKUP(D264,Lookup!$A$2:$B$4,2,FALSE())",0.15,0,0
xl/worksheets/sheet2.xml,G264,,"ROUND(E264*F264,2)",724.65,0,0
xl/worksheets/sheet2.xml,H264,,E264+G264,5555.65,0,0
xl/worksheets/sheet2.xml,J264,,"_xlfn.XLOOKUP(C264,Departments!$A$2:$A$6,Departments!$B$2:$B$6,""Unknown"")",Human Resources,0,0
xl/worksheets/sheet2.xml,F265,,"VLOOKUP(D265,Lookup!$A$2:$B$4,2,FALSE())",0.05,0,0
xl/worksheets/sheet2.xml,G265,,"ROUND(E265*F265,2)",243.4,0,0
xl/worksheets/sheet2.xml,H265,,E265+G265,5111.4,0,0
xl/worksheets/sheet2.xml,J265,,"_xlfn.XLOOKUP(C265,Departments!$A$2:$A$6,Departments!$B$2:$B$6,""Unknown"")",Technology,0,0
xl/worksheets/sheet2.xml,F266,,"VLOOKUP(D266,Lookup!$A$2:$B$4,2,FALSE())",0.1,0,0
xl/worksheets/sheet2.xml,G266,,"ROUND(E266*F266,2)",490.5,0,0
xl/worksheets/sheet2.xml,H266,,E266+G266,5395.5,0,0
xl/worksheets/sheet2.xml,J266,,"_xlfn.XLOOKUP(C266,Departments!$A$2:$A$6,Departments!$B$2:$B$6,""Unknown"")",Operations,0,0
xl/worksheets/sheet2.xml,F267,,"VLOOKUP(D267,Lookup!$A$2:$B$4,2,FALSE())",0.15,0,0
xl/worksheets/sheet2.xml,G267,,"ROUND(E267*F267,2)",741.3,0,0
xl/worksheets/sheet2.xml,H267,,E267+G267,5683.3,0,0
xl/worksheets/sheet2.xml,J267,,"_xlfn.XLOOKUP(C267,Departments!$A$2:$A$6,Departments!$B$2:$B$6,""Unknown"")",Finance,0,0
xl/worksheets/sheet2.xml,F268,,"VLOOKUP(D268,Lookup!$A$2:$B$4,2,FALSE())",0.05,0,0
xl/worksheets/sheet2.xml,G268,,"ROUND(E268*F268,2)",248.95,0,0
xl/worksheets/sheet2.xml,H268,,E268+G268,5227.95,0,0
xl/worksheets/sheet2.xml,J268,,"_xlfn.XLOOKUP(C268,Departments!$A$2:$A$6,Departments!$B$2:$B$6,""Unknown"")",Quality,0,0
xl/worksheets/sheet2.xml,F269,,"VLOOKUP(D269,Lookup!$A$2:$B$4,2,FALSE())",0.1,0,0
xl/worksheets/sheet2.xml,G269,,"ROUND(E269*F269,2)",501.6,0,0
xl/worksheets/sheet2.xml,H269,,E269+G269,5517.6,0,0
xl/worksheets/sheet2.xml,J269,,"_xlfn.XLOOKUP(C269,Departments!$A$2:$A$6,Departments!$B$2:$B$6,""Unknown"")",Human Resources,0,0
xl/worksheets/sheet2.xml,F270,,"VLOOKUP(D270,Lookup!$A$2:$B$4,2,FALSE())",0.15,0,0
xl/worksheets/sheet2.xml,G270,,"ROUND(E270*F270,2)",757.95,0,0
xl/worksheets/sheet2.xml,H270,,E270+G270,5810.95,0,0
xl/worksheets/sheet2.xml,J270,,"_xlfn.XLOOKUP(C270,Departments!$A$2:$A$6,Departments!$B$2:$B$6,""Unknown"")",Technology,0,0
xl/worksheets/sheet2.xml,F271,,"VLOOKUP(D271,Lookup!$A$2:$B$4,2,FALSE())",0.05,0,0
xl/worksheets/sheet2.xml,G271,,"ROUND(E271*F271,2)",254.5,0,0
xl/worksheets/sheet2.xml,H271,,E271+G271,5344.5,0,0
xl/worksheets/sheet2.xml,J271,,"_xlfn.XLOOKUP(C271,Departments!$A$2:$A$6,Departments!$B$2:$B$6,""Unknown"")",Operations,0,0
xl/worksheets/sheet2.xml,F272,,"VLOOKUP(D272,Lookup!$A$2:$B$4,2,FALSE())",0.1,0,0
xl/worksheets/sheet2.xml,G272,,"ROUND(E272*F272,2)",12.7,0,0
xl/worksheets/sheet2.xml,H272,,E272+G272,139.7,0,0
xl/worksheets/sheet2.xml,J272,,"_xlfn.XLOOKUP(C272,Departments!$A$2:$A$6,Departments!$B$2:$B$6,""Unknown"")",Finance,0,0
xl/worksheets/sheet2.xml,F273,,"VLOOKUP(D273,Lookup!$A$2:$B$4,2,FALSE())",0.15,0,0
xl/worksheets/sheet2.xml,G273,,"ROUND(E273*F273,2)",24.6,0,0
xl/worksheets/sheet2.xml,H273,,E273+G273,188.6,0,0
xl/worksheets/sheet2.xml,J273,,"_xlfn.XLOOKUP(C273,Departments!$A$2:$A$6,Departments!$B$2:$B$6,""Unknown"")",Quality,0,0
xl/worksheets/sheet2.xml,F274,,"VLOOKUP(D274,Lookup!$A$2:$B$4,2,FALSE())",0.05,0,0
xl/worksheets/sheet2.xml,G274,,"ROUND(E274*F274,2)",10.05,0,0
xl/worksheets/sheet2.xml,H274,,E274+G274,211.05,0,0
xl/worksheets/sheet2.xml,J274,,"_xlfn.XLOOKUP(C274,Departments!$A$2:$A$6,Departments!$B$2:$B$6,""Unknown"")",Human Resources,0,0
xl/worksheets/sheet2.xml,F275,,"VLOOKUP(D275,Lookup!$A$2:$B$4,2,FALSE())",0.1,0,0
xl/worksheets/sheet2.xml,G275,,"ROUND(E275*F275,2)",23.8,0,0
xl/worksheets/sheet2.xml,H275,,E275+G275,261.8,0,0
xl/worksheets/sheet2.xml,J275,,"_xlfn.XLOOKUP(C275,Departments!$A$2:$A$6,Departments!$B$2:$B$6,""Unknown"")",Technology,0,0
xl/worksheets/sheet2.xml,F276,,"VLOOKUP(D276,Lookup!$A$2:$B$4,2,FALSE())",0.15,0,0
xl/worksheets/sheet2.xml,G276,,"ROUND(E276*F276,2)",41.25,0,0
xl/worksheets/sheet2.xml,H276,,E276+G276,316.25,0,0
xl/worksheets/sheet2.xml,J276,,"_xlfn.XLOOKUP(C276,Departments!$A$2:$A$6,Departments!$B$2:$B$6,""Unknown"")",Operations,0,0
xl/worksheets/sheet2.xml,F277,,"VLOOKUP(D277,Lookup!$A$2:$B$4,2,FALSE())",0.05,0,0
xl/worksheets/sheet2.xml,G277,,"ROUND(E277*F277,2)",15.6,0,0
xl/worksheets/sheet2.xml,H277,,E277+G277,327.6,0,0
xl/worksheets/sheet2.xml,J277,,"_xlfn.XLOOKUP(C277,Departments!$A$2:$A$6,Departments!$B$2:$B$6,""Unknown"")",Finance,0,0
xl/worksheets/sheet2.xml,F278,,"VLOOKUP(D278,Lookup!$A$2:$B$4,2,FALSE())",0.1,0,0
xl/worksheets/sheet2.xml,G278,,"ROUND(E278*F278,2)",34.9,0,0
xl/worksheets/sheet2.xml,H278,,E278+G278,383.9,0,0
xl/worksheets/sheet2.xml,J278,,"_xlfn.XLOOKUP(C278,Departments!$A$2:$A$6,Departments!$B$2:$B$6,""Unknown"")",Quality,0,0
xl/worksheets/sheet2.xml,F279,,"VLOOKUP(D279,Lookup!$A$2:$B$4,2,FALSE())",0.15,0,0
xl/worksheets/sheet2.xml,G279,,"ROUND(E279*F279,2)",57.9,0,0
xl/worksheets/sheet2.xml,H279,,E279+G279,443.9,0,0
xl/worksheets/sheet2.xml,J279,,"_xlfn.XLOOKUP(C279,Departments!$A$2:$A$6,Departments!$B$2:$B$6,""Unknown"")",Human Resources,0,0
xl/worksheets/sheet2.xml,F280,,"VLOOKUP(D280,Lookup!$A$2:$B$4,2,FALSE())",0.05,0,0
xl/worksheets/sheet2.xml,G280,,"ROUND(E280*F280,2)",21.15,0,0
xl/worksheets/sheet2.xml,H280,,E280+G280,444.15,0,0
xl/worksheets/sheet2.xml,J280,,"_xlfn.XLOOKUP(C280,Departments!$A$2:$A$6,Departments!$B$2:$B$6,""Unknown"")",Technology,0,0
xl/worksheets/sheet2.xml,F281,,"VLOOKUP(D281,Lookup!$A$2:$B$4,2,FALSE())",0.1,0,0
xl/worksheets/sheet2.xml,G281,,"ROUND(E281*F281,2)",46,0,0
xl/worksheets/sheet2.xml,H281,,E281+G281,506,0,0
xl/worksheets/sheet2.xml,J281,,"_xlfn.XLOOKUP(C281,Departments!$A$2:$A$6,Departments!$B$2:$B$6,""Unknown"")",Operations,0,0
xl/worksheets/sheet2.xml,F282,,"VLOOKUP(D282,Lookup!$A$2:$B$4,2,FALSE())",0.15,0,0
xl/worksheets/sheet2.xml,G282,,"ROUND(E282*F282,2)",74.55,0,0
xl/worksheets/sheet2.xml,H282,,E282+G282,571.55,0,0
xl/worksheets/sheet2.xml,J282,,"_xlfn.XLOOKUP(C282,Departments!$A$2:$A$6,Departments!$B$2:$B$6,""Unknown"")",Finance,0,0
xl/worksheets/sheet2.xml,F283,,"VLOOKUP(D283,Lookup!$A$2:$B$4,2,FALSE())",0.05,0,0
xl/worksheets/sheet2.xml,G283,,"ROUND(E283*F283,2)",26.7,0,0
xl/worksheets/sheet2.xml,H283,,E283+G283,560.7,0,0
xl/worksheets/sheet2.xml,J283,,"_xlfn.XLOOKUP(C283,Departments!$A$2:$A$6,Departments!$B$2:$B$6,""Unknown"")",Quality,0,0
xl/worksheets/sheet2.xml,F284,,"VLOOKUP(D284,Lookup!$A$2:$B$4,2,FALSE())",0.1,0,0
xl/worksheets/sheet2.xml,G284,,"ROUND(E284*F284,2)",57.1,0,0
xl/worksheets/sheet2.xml,H284,,E284+G284,628.1,0,0
xl/worksheets/sheet2.xml,J284,,"_xlfn.XLOOKUP(C284,Departments!$A$2:$A$6,Departments!$B$2:$B$6,""Unknown"")",Human Resources,0,0
xl/worksheets/sheet2.xml,F285,,"VLOOKUP(D285,Lookup!$A$2:$B$4,2,FALSE())",0.15,0,0
xl/worksheets/sheet2.xml,G285,,"ROUND(E285*F285,2)",91.2,0,0
xl/worksheets/sheet2.xml,H285,,E285+G285,699.2,0,0
xl/worksheets/sheet2.xml,J285,,"_xlfn.XLOOKUP(C285,Departments!$A$2:$A$6,Departments!$B$2:$B$6,""Unknown"")",Technology,0,0
xl/worksheets/sheet2.xml,F286,,"VLOOKUP(D286,Lookup!$A$2:$B$4,2,FALSE())",0.05,0,0
xl/worksheets/sheet2.xml,G286,,"ROUND(E286*F286,2)",32.25,0,0
xl/worksheets/sheet2.xml,H286,,E286+G286,677.25,0,0
xl/worksheets/sheet2.xml,J286,,"_xlfn.XLOOKUP(C286,Departments!$A$2:$A$6,Departments!$B$2:$B$6,""Unknown"")",Operations,0,0
xl/worksheets/sheet2.xml,F287,,"VLOOKUP(D287,Lookup!$A$2:$B$4,2,FALSE())",0.1,0,0
xl/worksheets/sheet2.xml,G287,,"ROUND(E287*F287,2)",68.2,0,0
xl/worksheets/sheet2.xml,H287,,E287+G287,750.2,0,0
xl/worksheets/sheet2.xml,J287,,"_xlfn.XLOOKUP(C287,Departments!$A$2:$A$6,Departments!$B$2:$B$6,""Unknown"")",Finance,0,0
xl/worksheets/sheet2.xml,F288,,"VLOOKUP(D288,Lookup!$A$2:$B$4,2,FALSE())",0.15,0,0
xl/worksheets/sheet2.xml,G288,,"ROUND(E288*F288,2)",107.85,0,0
xl/worksheets/sheet2.xml,H288,,E288+G288,826.85,0,0
xl/worksheets/sheet2.xml,J288,,"_xlfn.XLOOKUP(C288,Departments!$A$2:$A$6,Departments!$B$2:$B$6,""Unknown"")",Quality,0,0
xl/worksheets/sheet2.xml,F289,,"VLOOKUP(D289,Lookup!$A$2:$B$4,2,FALSE())",0.05,0,0
xl/worksheets/sheet2.xml,G289,,"ROUND(E289*F289,2)",37.8,0,0
xl/worksheets/sheet2.xml,H289,,E289+G289,793.8,0,0
xl/worksheets/sheet2.xml,J289,,"_xlfn.XLOOKUP(C289,Departments!$A$2:$A$6,Departments!$B$2:$B$6,""Unknown"")",Human Resources,0,0
xl/worksheets/sheet2.xml,F290,,"VLOOKUP(D290,Lookup!$A$2:$B$4,2,FALSE())",0.1,0,0
xl/worksheets/sheet2.xml,G290,,"ROUND(E290*F290,2)",79.3,0,0
xl/worksheets/sheet2.xml,H290,,E290+G290,872.3,0,0
xl/worksheets/sheet2.xml,J290,,"_xlfn.XLOOKUP(C290,Departments!$A$2:$A$6,Departments!$B$2:$B$6,""Unknown"")",Technology,0,0
xl/worksheets/sheet2.xml,F291,,"VLOOKUP(D291,Lookup!$A$2:$B$4,2,FALSE())",0.15,0,0
xl/worksheets/sheet2.xml,G291,,"ROUND(E291*F291,2)",124.5,0,0
xl/worksheets/sheet2.xml,H291,,E291+G291,954.5,0,0
xl/worksheets/sheet2.xml,J291,,"_xlfn.XLOOKUP(C291,Departments!$A$2:$A$6,Departments!$B$2:$B$6,""Unknown"")",Operations,0,0
xl/worksheets/sheet2.xml,F292,,"VLOOKUP(D292,Lookup!$A$2:$B$4,2,FALSE())",0.05,0,0
xl/worksheets/sheet2.xml,G292,,"ROUND(E292*F292,2)",43.35,0,0
xl/worksheets/sheet2.xml,H292,,E292+G292,910.35,0,0
xl/worksheets/sheet2.xml,J292,,"_xlfn.XLOOKUP(C292,Departments!$A$2:$A$6,Departments!$B$2:$B$6,""Unknown"")",Finance,0,0
xl/worksheets/sheet2.xml,F293,,"VLOOKUP(D293,Lookup!$A$2:$B$4,2,FALSE())",0.1,0,0
xl/worksheets/sheet2.xml,G293,,"ROUND(E293*F293,2)",90.4,0,0
xl/worksheets/sheet2.xml,H293,,E293+G293,994.4,0,0
xl/worksheets/sheet2.xml,J293,,"_xlfn.XLOOKUP(C293,Departments!$A$2:$A$6,Departments!$B$2:$B$6,""Unknown"")",Quality,0,0
xl/worksheets/sheet2.xml,F294,,"VLOOKUP(D294,Lookup!$A$2:$B$4,2,FALSE())",0.15,0,0
xl/worksheets/sheet2.xml,G294,,"ROUND(E294*F294,2)",141.15,0,0
xl/worksheets/sheet2.xml,H294,,E294+G294,1082.15,0,0
xl/worksheets/sheet2.xml,J294,,"_xlfn.XLOOKUP(C294,Departments!$A$2:$A$6,Departments!$B$2:$B$6,""Unknown"")",Human Resources,0,0
xl/worksheets/sheet2.xml,F295,,"VLOOKUP(D295,Lookup!$A$2:$B$4,2,FALSE())",0.05,0,0
xl/worksheets/sheet2.xml,G295,,"ROUND(E295*F295,2)",48.9,0,0
xl/worksheets/sheet2.xml,H295,,E295+G295,1026.9,0,0
xl/worksheets/sheet2.xml,J295,,"_xlfn.XLOOKUP(C295,Departments!$A$2:$A$6,Departments!$B$2:$B$6,""Unknown"")",Technology,0,0
xl/worksheets/sheet2.xml,F296,,"VLOOKUP(D296,Lookup!$A$2:$B$4,2,FALSE())",0.1,0,0
xl/worksheets/sheet2.xml,G296,,"ROUND(E296*F296,2)",101.5,0,0
xl/worksheets/sheet2.xml,H296,,E296+G296,1116.5,0,0
xl/worksheets/sheet2.xml,J296,,"_xlfn.XLOOKUP(C296,Departments!$A$2:$A$6,Departments!$B$2:$B$6,""Unknown"")",Operations,0,0
xl/worksheets/sheet2.xml,F297,,"VLOOKUP(D297,Lookup!$A$2:$B$4,2,FALSE())",0.15,0,0
xl/worksheets/sheet2.xml,G297,,"ROUND(E297*F297,2)",157.8,0,0
xl/worksheets/sheet2.xml,H297,,E297+G297,1209.8,0,0
xl/worksheets/sheet2.xml,J297,,"_xlfn.XLOOKUP(C297,Departments!$A$2:$A$6,Departments!$B$2:$B$6,""Unknown"")",Finance,0,0
xl/worksheets/sheet2.xml,F298,,"VLOOKUP(D298,Lookup!$A$2:$B$4,2,FALSE())",0.05,0,0
xl/worksheets/sheet2.xml,G298,,"ROUND(E298*F298,2)",54.45,0,0
xl/worksheets/sheet2.xml,H298,,E298+G298,1143.45,0,0
xl/worksheets/sheet2.xml,J298,,"_xlfn.XLOOKUP(C298,Departments!$A$2:$A$6,Departments!$B$2:$B$6,""Unknown"")",Quality,0,0
xl/worksheets/sheet2.xml,F299,,"VLOOKUP(D299,Lookup!$A$2:$B$4,2,FALSE())",0.1,0,0
xl/worksheets/sheet2.xml,G299,,"ROUND(E299*F299,2)",112.6,0,0
xl/worksheets/sheet2.xml,H299,,E299+G299,1238.6,0,0
xl/worksheets/sheet2.xml,J299,,"_xlfn.XLOOKUP(C299,Departments!$A$2:$A$6,Departments!$B$2:$B$6,""Unknown"")",Human Resources,0,0
xl/worksheets/sheet2.xml,F300,,"VLOOKUP(D300,Lookup!$A$2:$B$4,2,FALSE())",0.15,0,0
xl/worksheets/sheet2.xml,G300,,"ROUND(E300*F300,2)",174.45,0,0
xl/worksheets/sheet2.xml,H300,,E300+G300,1337.45,0,0
xl/worksheets/sheet2.xml,J300,,"_xlfn.XLOOKUP(C300,Departments!$A$2:$A$6,Departments!$B$2:$B$6,""Unknown"")",Technology,0,0
xl/worksheets/sheet2.xml,F301,,"VLOOKUP(D301,Lookup!$A$2:$B$4,2,FALSE())",0.05,0,0
xl/worksheets/sheet2.xml,G301,,"ROUND(E301*F301,2)",60,0,0
xl/worksheets/sheet2.xml,H301,,E301+G301,1260,0,0
xl/worksheets/sheet2.xml,J301,,"_xlfn.XLOOKUP(C301,Departments!$A$2:$A$6,Departments!$B$2:$B$6,""Unknown"")",Operations,0,0
xl/worksheets/sheet2.xml,F302,,"VLOOKUP(D302,Lookup!$A$2:$B$4,2,FALSE())",0.1,0,0
xl/worksheets/sheet2.xml,G302,,"ROUND(E302*F302,2)",123.7,0,0
xl/worksheets/sheet2.xml,H302,,E302+G302,1360.7,0,0
xl/worksheets/sheet2.xml,J302,,"_xlfn.XLOOKUP(C302,Departments!$A$2:$A$6,Departments!$B$2:$B$6,""Unknown"")",Finance,0,0
xl/worksheets/sheet2.xml,F303,,"VLOOKUP(D303,Lookup!$A$2:$B$4,2,FALSE())",0.15,0,0
xl/worksheets/sheet2.xml,G303,,"ROUND(E303*F303,2)",191.1,0,0
xl/worksheets/sheet2.xml,H303,,E303+G303,1465.1,0,0
xl/worksheets/sheet2.xml,J303,,"_xlfn.XLOOKUP(C303,Departments!$A$2:$A$6,Departments!$B$2:$B$6,""Unknown"")",Quality,0,0
xl/worksheets/sheet2.xml,F304,,"VLOOKUP(D304,Lookup!$A$2:$B$4,2,FALSE())",0.05,0,0
xl/worksheets/sheet2.xml,G304,,"ROUND(E304*F304,2)",65.55,0,0
xl/worksheets/sheet2.xml,H304,,E304+G304,1376.55,0,0
xl/worksheets/sheet2.xml,J304,,"_xlfn.XLOOKUP(C304,Departments!$A$2:$A$6,Departments!$B$2:$B$6,""Unknown"")",Human Resources,0,0
xl/worksheets/sheet2.xml,F305,,"VLOOKUP(D305,Lookup!$A$2:$B$4,2,FALSE())",0.1,0,0
xl/worksheets/sheet2.xml,G305,,"ROUND(E305*F305,2)",134.8,0,0
xl/worksheets/sheet2.xml,H305,,E305+G305,1482.8,0,0
xl/worksheets/sheet2.xml,J305,,"_xlfn.XLOOKUP(C305,Departments!$A$2:$A$6,Departments!$B$2:$B$6,""Unknown"")",Technology,0,0
xl/worksheets/sheet2.xml,F306,,"VLOOKUP(D306,Lookup!$A$2:$B$4,2,FALSE())",0.15,0,0
xl/worksheets/sheet2.xml,G306,,"ROUND(E306*F306,2)",207.75,0,0
xl/worksheets/sheet2.xml,H306,,E306+G306,1592.75,0,0
xl/worksheets/sheet2.xml,J306,,"_xlfn.XLOOKUP(C306,Departments!$A$2:$A$6,Departments!$B$2:$B$6,""Unknown"")",Operations,0,0
xl/worksheets/sheet2.xml,F307,,"VLOOKUP(D307,Lookup!$A$2:$B$4,2,FALSE())",0.05,0,0
xl/worksheets/sheet2.xml,G307,,"ROUND(E307*F307,2)",71.1,0,0
xl/worksheets/sheet2.xml,H307,,E307+G307,1493.1,0,0
xl/worksheets/sheet2.xml,J307,,"_xlfn.XLOOKUP(C307,Departments!$A$2:$A$6,Departments!$B$2:$B$6,""Unknown"")",Finance,0,0
xl/worksheets/sheet2.xml,F308,,"VLOOKUP(D308,Lookup!$A$2:$B$4,2,FALSE())",0.1,0,0
xl/worksheets/sheet2.xml,G308,,"ROUND(E308*F308,2)",145.9,0,0
xl/worksheets/sheet2.xml,H308,,E308+G308,1604.9,0,0
xl/worksheets/sheet2.xml,J308,,"_xlfn.XLOOKUP(C308,Departments!$A$2:$A$6,Departments!$B$2:$B$6,""Unknown"")",Quality,0,0
xl/worksheets/sheet2.xml,F309,,"VLOOKUP(D309,Lookup!$A$2:$B$4,2,FALSE())",0.15,0,0
xl/worksheets/sheet2.xml,G309,,"ROUND(E309*F309,2)",224.4,0,0
xl/worksheets/sheet2.xml,H309,,E309+G309,1720.4,0,0
xl/worksheets/sheet2.xml,J309,,"_xlfn.XLOOKUP(C309,Departments!$A$2:$A$6,Departments!$B$2:$B$6,""Unknown"")",Human Resources,0,0
xl/worksheets/sheet2.xml,F310,,"VLOOKUP(D310,Lookup!$A$2:$B$4,2,FALSE())",0.05,0,0
xl/worksheets/sheet2.xml,G310,,"ROUND(E310*F310,2)",76.65,0,0
xl/worksheets/sheet2.xml,H310,,E310+G310,1609.65,0,0
xl/worksheets/sheet2.xml,J310,,"_xlfn.XLOOKUP(C310,Departments!$A$2:$A$6,Departments!$B$2:$B$6,""Unknown"")",Technology,0,0
xl/worksheets/sheet2.xml,F311,,"VLOOKUP(D311,Lookup!$A$2:$B$4,2,FALSE())",0.1,0,0
xl/worksheets/sheet2.xml,G311,,"ROUND(E311*F311,2)",157,0,0
xl/worksheets/sheet2.xml,H311,,E311+G311,1727,0,0
xl/worksheets/sheet2.xml,J311,,"_xlfn.XLOOKUP(C311,Departments!$A$2:$A$6,Departments!$B$2:$B$6,""Unknown"")",Operations,0,0
xl/worksheets/sheet2.xml,F312,,"VLOOKUP(D312,Lookup!$A$2:$B$4,2,FALSE())",0.15,0,0
xl/worksheets/sheet2.xml,G312,,"ROUND(E312*F312,2)",241.05,0,0
xl/worksheets/sheet2.xml,H312,,E312+G312,1848.05,0,0
xl/worksheets/sheet2.xml,J312,,"_xlfn.XLOOKUP(C312,Departments!$A$2:$A$6,Departments!$B$2:$B$6,""Unknown"")",Finance,0,0
xl/worksheets/sheet2.xml,F313,,"VLOOKUP(D313,Lookup!$A$2:$B$4,2,FALSE())",0.05,0,0
xl/worksheets/sheet2.xml,G313,,"ROUND(E313*F313,2)",82.2,0,0
xl/worksheets/sheet2.xml,H313,,E313+G313,1726.2,0,0
xl/worksheets/sheet2.xml,J313,,"_xlfn.XLOOKUP(C313,Departments!$A$2:$A$6,Departments!$B$2:$B$6,""Unknown"")",Quality,0,0
xl/worksheets/sheet2.xml,F314,,"VLOOKUP(D314,Lookup!$A$2:$B$4,2,FALSE())",0.1,0,0
xl/worksheets/sheet2.xml,G314,,"ROUND(E314*F314,2)",168.1,0,0
xl/worksheets/sheet2.xml,H314,,E314+G314,1849.1,0,0
xl/worksheets/sheet2.xml,J314,,"_xlfn.XLOOKUP(C314,Departments!$A$2:$A$6,Departments!$B$2:$B$6,""Unknown"")",Human Resources,0,0
xl/worksheets/sheet2.xml,F315,,"VLOOKUP(D315,Lookup!$A$2:$B$4,2,FALSE())",0.15,0,0
xl/worksheets/sheet2.xml,G315,,"ROUND(E315*F315,2)",257.7,0,0
xl/worksheets/sheet2.xml,H315,,E315+G315,1975.7,0,0
xl/worksheets/sheet2.xml,J315,,"_xlfn.XLOOKUP(C315,Departments!$A$2:$A$6,Departments!$B$2:$B$6,""Unknown"")",Technology,0,0
xl/worksheets/sheet2.xml,F316,,"VLOOKUP(D316,Lookup!$A$2:$B$4,2,FALSE())",0.05,0,0
xl/worksheets/sheet2.xml,G316,,"ROUND(E316*F316,2)",87.75,0,0
xl/worksheets/sheet2.xml,H316,,E316+G316,1842.75,0,0
xl/worksheets/sheet2.xml,J316,,"_xlfn.XLOOKUP(C316,Departments!$A$2:$A$6,Departments!$B$2:$B$6,""Unknown"")",Operations,0,0
xl/worksheets/sheet2.xml,F317,,"VLOOKUP(D317,Lookup!$A$2:$B$4,2,FALSE())",0.1,0,0
xl/worksheets/sheet2.xml,G317,,"ROUND(E317*F317,2)",179.2,0,0
xl/worksheets/sheet2.xml,H317,,E317+G317,1971.2,0,0
xl/worksheets/sheet2.xml,J317,,"_xlfn.XLOOKUP(C317,Departments!$A$2:$A$6,Departments!$B$2:$B$6,""Unknown"")",Finance,0,0
xl/worksheets/sheet2.xml,F318,,"VLOOKUP(D318,Lookup!$A$2:$B$4,2,FALSE())",0.15,0,0
xl/worksheets/sheet2.xml,G318,,"ROUND(E318*F318,2)",274.35,0,0
xl/worksheets/sheet2.xml,H318,,E318+G318,2103.35,0,0
xl/worksheets/sheet2.xml,J318,,"_xlfn.XLOOKUP(C318,Departments!$A$2:$A$6,Departments!$B$2:$B$6,""Unknown"")",Quality,0,0
xl/worksheets/sheet2.xml,F319,,"VLOOKUP(D319,Lookup!$A$2:$B$4,2,FALSE())",0.05,0,0
xl/worksheets/sheet2.xml,G319,,"ROUND(E319*F319,2)",93.3,0,0
xl/worksheets/sheet2.xml,H319,,E319+G319,1959.3,0,0
xl/worksheets/sheet2.xml,J319,,"_xlfn.XLOOKUP(C319,Departments!$A$2:$A$6,Departments!$B$2:$B$6,""Unknown"")",Human Resources,0,0
xl/worksheets/sheet2.xml,F320,,"VLOOKUP(D320,Lookup!$A$2:$B$4,2,FALSE())",0.1,0,0
xl/worksheets/sheet2.xml,G320,,"ROUND(E320*F320,2)",190.3,0,0
xl/worksheets/sheet2.xml,H320,,E320+G320,2093.3,0,0
xl/worksheets/sheet2.xml,J320,,"_xlfn.XLOOKUP(C320,Departments!$A$2:$A$6,Departments!$B$2:$B$6,""Unknown"")",Technology,0,0
xl/worksheets/sheet2.xml,F321,,"VLOOKUP(D321,Lookup!$A$2:$B$4,2,FALSE())",0.15,0,0
xl/worksheets/sheet2.xml,G321,,"ROUND(E321*F321,2)",291,0,0
xl/worksheets/sheet2.xml,H321,,E321+G321,2231,0,0
xl/worksheets/sheet2.xml,J321,,"_xlfn.XLOOKUP(C321,Departments!$A$2:$A$6,Departments!$B$2:$B$6,""Unknown"")",Operations,0,0
xl/worksheets/sheet2.xml,F322,,"VLOOKUP(D322,Lookup!$A$2:$B$4,2,FALSE())",0.05,0,0
xl/worksheets/sheet2.xml,G322,,"ROUND(E322*F322,2)",98.85,0,0
xl/worksheets/sheet2.xml,H322,,E322+G322,2075.85,0,0
xl/worksheets/sheet2.xml,J322,,"_xlfn.XLOOKUP(C322,Departments!$A$2:$A$6,Departments!$B$2:$B$6,""Unknown"")",Finance,0,0
xl/worksheets/sheet2.xml,F323,,"VLOOKUP(D323,Lookup!$A$2:$B$4,2,FALSE())",0.1,0,0
xl/worksheets/sheet2.xml,G323,,"ROUND(E323*F323,2)",201.4,0,0
xl/worksheets/sheet2.xml,H323,,E323+G323,2215.4,0,0
xl/worksheets/sheet2.xml,J323,,"_xlfn.XLOOKUP(C323,Departments!$A$2:$A$6,Departments!$B$2:$B$6,""Unknown"")",Quality,0,0
xl/worksheets/sheet2.xml,F324,,"VLOOKUP(D324,Lookup!$A$2:$B$4,2,FALSE())",0.15,0,0
xl/worksheets/sheet2.xml,G324,,"ROUND(E324*F324,2)",307.65,0,0
xl/worksheets/sheet2.xml,H324,,E324+G324,2358.65,0,0
xl/worksheets/sheet2.xml,J324,,"_xlfn.XLOOKUP(C324,Departments!$A$2:$A$6,Departments!$B$2:$B$6,""Unknown"")",Human Resources,0,0
xl/worksheets/sheet2.xml,F325,,"VLOOKUP(D325,Lookup!$A$2:$B$4,2,FALSE())",0.05,0,0
xl/worksheets/sheet2.xml,G325,,"ROUND(E325*F325,2)",104.4,0,0
xl/worksheets/sheet2.xml,H325,,E325+G325,2192.4,0,0
xl/worksheets/sheet2.xml,J325,,"_xlfn.XLOOKUP(C325,Departments!$A$2:$A$6,Departments!$B$2:$B$6,""Unknown"")",Technology,0,0
xl/worksheets/sheet2.xml,F326,,"VLOOKUP(D326,Lookup!$A$2:$B$4,2,FALSE())",0.1,0,0
xl/worksheets/sheet2.xml,G326,,"ROUND(E326*F326,2)",212.5,0,0
xl/worksheets/sheet2.xml,H326,,E326+G326,2337.5,0,0
xl/worksheets/sheet2.xml,J326,,"_xlfn.XLOOKUP(C326,Departments!$A$2:$A$6,Departments!$B$2:$B$6,""Unknown"")",Operations,0,0
xl/worksheets/sheet2.xml,F327,,"VLOOKUP(D327,Lookup!$A$2:$B$4,2,FALSE())",0.15,0,0
xl/worksheets/sheet2.xml,G327,,"ROUND(E327*F327,2)",324.3,0,0
xl/worksheets/sheet2.xml,H327,,E327+G327,2486.3,0,0
xl/worksheets/sheet2.xml,J327,,"_xlfn.XLOOKUP(C327,Departments!$A$2:$A$6,Departments!$B$2:$B$6,""Unknown"")",Finance,0,0
xl/worksheets/sheet2.xml,F328,,"VLOOKUP(D328,Lookup!$A$2:$B$4,2,FALSE())",0.05,0,0
xl/worksheets/sheet2.xml,G328,,"ROUND(E328*F328,2)",109.95,0,0
xl/worksheets/sheet2.xml,H328,,E328+G328,2308.95,0,0
xl/worksheets/sheet2.xml,J328,,"_xlfn.XLOOKUP(C328,Departments!$A$2:$A$6,Departments!$B$2:$B$6,""Unknown"")",Quality,0,0
xl/worksheets/sheet2.xml,F329,,"VLOOKUP(D329,Lookup!$A$2:$B$4,2,FALSE())",0.1,0,0
xl/worksheets/sheet2.xml,G329,,"ROUND(E329*F329,2)",223.6,0,0
xl/worksheets/sheet2.xml,H329,,E329+G329,2459.6,0,0
xl/worksheets/sheet2.xml,J329,,"_xlfn.XLOOKUP(C329,Departments!$A$2:$A$6,Departments!$B$2:$B$6,""Unknown"")",Human Resources,0,0
xl/worksheets/sheet2.xml,F330,,"VLOOKUP(D330,Lookup!$A$2:$B$4,2,FALSE())",0.15,0,0
xl/worksheets/sheet2.xml,G330,,"ROUND(E330*F330,2)",340.95,0,0
xl/worksheets/sheet2.xml,H330,,E330+G330,2613.95,0,0
xl/worksheets/sheet2.xml,J330,,"_xlfn.XLOOKUP(C330,Departments!$A$2:$A$6,Departments!$B$2:$B$6,""Unknown"")",Technology,0,0
xl/worksheets/sheet2.xml,F331,,"VLOOKUP(D331,Lookup!$A$2:$B$4,2,FALSE())",0.05,0,0
xl/worksheets/sheet2.xml,G331,,"ROUND(E331*F331,2)",115.5,0,0
xl/worksheets/sheet2.xml,H331,,E331+G331,2425.5,0,0
xl/worksheets/sheet2.xml,J331,,"_xlfn.XLOOKUP(C331,Departments!$A$2:$A$6,Departments!$B$2:$B$6,""Unknown"")",Operations,0,0
xl/worksheets/sheet2.xml,F332,,"VLOOKUP(D332,Lookup!$A$2:$B$4,2,FALSE())",0.1,0,0
xl/worksheets/sheet2.xml,G332,,"ROUND(E332*F332,2)",234.7,0,0
xl/worksheets/sheet2.xml,H332,,E332+G332,2581.7,0,0
xl/worksheets/sheet2.xml,J332,,"_xlfn.XLOOKUP(C332,Departments!$A$2:$A$6,Departments!$B$2:$B$6,""Unknown"")",Finance,0,0
xl/worksheets/sheet2.xml,F333,,"VLOOKUP(D333,Lookup!$A$2:$B$4,2,FALSE())",0.15,0,0
xl/worksheets/sheet2.xml,G333,,"ROUND(E333*F333,2)",357.6,0,0
xl/worksheets/sheet2.xml,H333,,E333+G333,2741.6,0,0
xl/worksheets/sheet2.xml,J333,,"_xlfn.XLOOKUP(C333,Departments!$A$2:$A$6,Departments!$B$2:$B$6,""Unknown"")",Quality,0,0
xl/worksheets/sheet2.xml,F334,,"VLOOKUP(D334,Lookup!$A$2:$B$4,2,FALSE())",0.05,0,0
xl/worksheets/sheet2.xml,G334,,"ROUND(E334*F334,2)",121.05,0,0
xl/worksheets/sheet2.xml,H334,,E334+G334,2542.05,0,0
xl/worksheets/sheet2.xml,J334,,"_xlfn.XLOOKUP(C334,Departments!$A$2:$A$6,Departments!$B$2:$B$6,""Unknown"")",Human Resources,0,0
xl/worksheets/sheet2.xml,F335,,"VLOOKUP(D335,Lookup!$A$2:$B$4,2,FALSE())",0.1,0,0
xl/worksheets/sheet2.xml,G335,,"ROUND(E335*F335,2)",245.8,0,0
xl/worksheets/sheet2.xml,H335,,E335+G335,2703.8,0,0
xl/worksheets/sheet2.xml,J335,,"_xlfn.XLOOKUP(C335,Departments!$A$2:$A$6,Departments!$B$2:$B$6,""Unknown"")",Technology,0,0
xl/worksheets/sheet2.xml,F336,,"VLOOKUP(D336,Lookup!$A$2:$B$4,2,FALSE())",0.15,0,0
xl/worksheets/sheet2.xml,G336,,"ROUND(E336*F336,2)",374.25,0,0
xl/worksheets/sheet2.xml,H336,,E336+G336,2869.25,0,0
xl/worksheets/sheet2.xml,J336,,"_xlfn.XLOOKUP(C336,Departments!$A$2:$A$6,Departments!$B$2:$B$6,""Unknown"")",Operations,0,0
xl/worksheets/sheet2.xml,F337,,"VLOOKUP(D337,Lookup!$A$2:$B$4,2,FALSE())",0.05,0,0
xl/worksheets/sheet2.xml,G337,,"ROUND(E337*F337,2)",126.6,0,0
xl/worksheets/sheet2.xml,H337,,E337+G337,2658.6,0,0
xl/worksheets/sheet2.xml,J337,,"_xlfn.XLOOKUP(C337,Departments!$A$2:$A$6,Departments!$B$2:$B$6,""Unknown"")",Finance,0,0
xl/worksheets/sheet2.xml,F338,,"VLOOKUP(D338,Lookup!$A$2:$B$4,2,FALSE())",0.1,0,0
xl/worksheets/sheet2.xml,G338,,"ROUND(E338*F338,2)",256.9,0,0
xl/worksheets/sheet2.xml,H338,,E338+G338,2825.9,0,0
xl/worksheets/sheet2.xml,J338,,"_xlfn.XLOOKUP(C338,Departments!$A$2:$A$6,Departments!$B$2:$B$6,""Unknown"")",Quality,0,0
xl/worksheets/sheet2.xml,F339,,"VLOOKUP(D339,Lookup!$A$2:$B$4,2,FALSE())",0.15,0,0
xl/worksheets/sheet2.xml,G339,,"ROUND(E339*F339,2)",390.9,0,0
xl/worksheets/sheet2.xml,H339,,E339+G339,2996.9,0,0
xl/worksheets/sheet2.xml,J339,,"_xlfn.XLOOKUP(C339,Departments!$A$2:$A$6,Departments!$B$2:$B$6,""Unknown"")",Human Resources,0,0
xl/worksheets/sheet2.xml,F340,,"VLOOKUP(D340,Lookup!$A$2:$B$4,2,FALSE())",0.05,0,0
xl/worksheets/sheet2.xml,G340,,"ROUND(E340*F340,2)",132.15,0,0
xl/worksheets/sheet2.xml,H340,,E340+G340,2775.15,0,0
xl/worksheets/sheet2.xml,J340,,"_xlfn.XLOOKUP(C340,Departments!$A$2:$A$6,Departments!$B$2:$B$6,""Unknown"")",Technology,0,0
xl/worksheets/sheet2.xml,F341,,"VLOOKUP(D341,Lookup!$A$2:$B$4,2,FALSE())",0.1,0,0
xl/worksheets/sheet2.xml,G341,,"ROUND(E341*F341,2)",268,0,0
xl/worksheets/sheet2.xml,H341,,E341+G341,2948,0,0
xl/worksheets/sheet2.xml,J341,,"_xlfn.XLOOKUP(C341,Departments!$A$2:$A$6,Departments!$B$2:$B$6,""Unknown"")",Operations,0,0
xl/worksheets/sheet2.xml,F342,,"VLOOKUP(D342,Lookup!$A$2:$B$4,2,FALSE())",0.15,0,0
xl/worksheets/sheet2.xml,G342,,"ROUND(E342*F342,2)",407.55,0,0
xl/worksheets/sheet2.xml,H342,,E342+G342,3124.55,0,0
xl/worksheets/sheet2.xml,J342,,"_xlfn.XLOOKUP(C342,Departments!$A$2:$A$6,Departments!$B$2:$B$6,""Unknown"")",Finance,0,0
xl/worksheets/sheet2.xml,F343,,"VLOOKUP(D343,Lookup!$A$2:$B$4,2,FALSE())",0.05,0,0
xl/worksheets/sheet2.xml,G343,,"ROUND(E343*F343,2)",137.7,0,0
xl/worksheets/sheet2.xml,H343,,E343+G343,2891.7,0,0
xl/worksheets/sheet2.xml,J343,,"_xlfn.XLOOKUP(C343,Departments!$A$2:$A$6,Departments!$B$2:$B$6,""Unknown"")",Quality,0,0
xl/worksheets/sheet2.xml,F344,,"VLOOKUP(D344,Lookup!$A$2:$B$4,2,FALSE())",0.1,0,0
xl/worksheets/sheet2.xml,G344,,"ROUND(E344*F344,2)",279.1,0,0
xl/worksheets/sheet2.xml,H344,,E344+G344,3070.1,0,0
xl/worksheets/sheet2.xml,J344,,"_xlfn.XLOOKUP(C344,Departments!$A$2:$A$6,Departments!$B$2:$B$6,""Unknown"")",Human Resources,0,0
xl/worksheets/sheet2.xml,F345,,"VLOOKUP(D345,Lookup!$A$2:$B$4,2,FALSE())",0.15,0,0
xl/worksheets/sheet2.xml,G345,,"ROUND(E345*F345,2)",424.2,0,0
xl/worksheets/sheet2.xml,H345,,E345+G345,3252.2,0,0
xl/worksheets/sheet2.xml,J345,,"_xlfn.XLOOKUP(C345,Departments!$A$2:$A$6,Departments!$B$2:$B$6,""Unknown"")",Technology,0,0
xl/worksheets/sheet2.xml,F346,,"VLOOKUP(D346,Lookup!$A$2:$B$4,2,FALSE())",0.05,0,0
xl/worksheets/sheet2.xml,G346,,"ROUND(E346*F346,2)",143.25,0,0
xl/worksheets/sheet2.xml,H346,,E346+G346,3008.25,0,0
xl/worksheets/sheet2.xml,J346,,"_xlfn.XLOOKUP(C346,Departments!$A$2:$A$6,Departments!$B$2:$B$6,""Unknown"")",Operations,0,0
xl/worksheets/sheet2.xml,F347,,"VLOOKUP(D347,Lookup!$A$2:$B$4,2,FALSE())",0.1,0,0
xl/worksheets/sheet2.xml,G347,,"ROUND(E347*F347,2)",290.2,0,0
xl/worksheets/sheet2.xml,H347,,E347+G347,3192.2,0,0
xl/worksheets/sheet2.xml,J347,,"_xlfn.XLOOKUP(C347,Departments!$A$2:$A$6,Departments!$B$2:$B$6,""Unknown"")",Finance,0,0
xl/worksheets/sheet2.xml,F348,,"VLOOKUP(D348,Lookup!$A$2:$B$4,2,FALSE())",0.15,0,0
xl/worksheets/sheet2.xml,G348,,"ROUND(E348*F348,2)",440.85,0,0
xl/worksheets/sheet2.xml,H348,,E348+G348,3379.85,0,0
xl/worksheets/sheet2.xml,J348,,"_xlfn.XLOOKUP(C348,Departments!$A$2:$A$6,Departments!$B$2:$B$6,""Unknown"")",Quality,0,0
xl/worksheets/sheet2.xml,F349,,"VLOOKUP(D349,Lookup!$A$2:$B$4,2,FALSE())",0.05,0,0
xl/worksheets/sheet2.xml,G349,,"ROUND(E349*F349,2)",148.8,0,0
xl/worksheets/sheet2.xml,H349,,E349+G349,3124.8,0,0
xl/worksheets/sheet2.xml,J349,,"_xlfn.XLOOKUP(C349,Departments!$A$2:$A$6,Departments!$B$2:$B$6,""Unknown"")",Human Resources,0,0
xl/worksheets/sheet2.xml,F350,,"VLOOKUP(D350,Lookup!$A$2:$B$4,2,FALSE())",0.1,0,0
xl/worksheets/sheet2.xml,G350,,"ROUND(E350*F350,2)",301.3,0,0
xl/worksheets/sheet2.xml,H350,,E350+G350,3314.3,0,0
xl/worksheets/sheet2.xml,J350,,"_xlfn.XLOOKUP(C350,Departments!$A$2:$A$6,Departments!$B$2:$B$6,""Unknown"")",Technology,0,0
xl/worksheets/sheet2.xml,F351,,"VLOOKUP(D351,Lookup!$A$2:$B$4,2,FALSE())",0.15,0,0
xl/worksheets/sheet2.xml,G351,,"ROUND(E351*F351,2)",457.5,0,0
xl/worksheets/sheet2.xml,H351,,E351+G351,3507.5,0,0
xl/worksheets/sheet2.xml,J351,,"_xlfn.XLOOKUP(C351,Departments!$A$2:$A$6,Departments!$B$2:$B$6,""Unknown"")",Operations,0,0
xl/worksheets/sheet2.xml,F352,,"VLOOKUP(D352,Lookup!$A$2:$B$4,2,FALSE())",0.05,0,0
xl/worksheets/sheet2.xml,G352,,"ROUND(E352*F352,2)",154.35,0,0
xl/worksheets/sheet2.xml,H352,,E352+G352,3241.35,0,0
xl/worksheets/sheet2.xml,J352,,"_xlfn.XLOOKUP(C352,Departments!$A$2:$A$6,Departments!$B$2:$B$6,""Unknown"")",Finance,0,0
xl/worksheets/sheet2.xml,F353,,"VLOOKUP(D353,Lookup!$A$2:$B$4,2,FALSE())",0.1,0,0
xl/worksheets/sheet2.xml,G353,,"ROUND(E353*F353,2)",312.4,0,0
xl/worksheets/sheet2.xml,H353,,E353+G353,3436.4,0,0
xl/worksheets/sheet2.xml,J353,,"_xlfn.XLOOKUP(C353,Departments!$A$2:$A$6,Departments!$B$2:$B$6,""Unknown"")",Quality,0,0
xl/worksheets/sheet2.xml,F354,,"VLOOKUP(D354,Lookup!$A$2:$B$4,2,FALSE())",0.15,0,0
xl/worksheets/sheet2.xml,G354,,"ROUND(E354*F354,2)",474.15,0,0
xl/worksheets/sheet2.xml,H354,,E354+G354,3635.15,0,0
xl/worksheets/sheet2.xml,J354,,"_xlfn.XLOOKUP(C354,Departments!$A$2:$A$6,Departments!$B$2:$B$6,""Unknown"")",Human Resources,0,0
xl/worksheets/sheet2.xml,F355,,"VLOOKUP(D355,Lookup!$A$2:$B$4,2,FALSE())",0.05,0,0
xl/worksheets/sheet2.xml,G355,,"ROUND(E355*F355,2)",159.9,0,0
xl/worksheets/sheet2.xml,H355,,E355+G355,3357.9,0,0
xl/worksheets/sheet2.xml,J355,,"_xlfn.XLOOKUP(C355,Departments!$A$2:$A$6,Departments!$B$2:$B$6,""Unknown"")",Technology,0,0
xl/worksheets/sheet2.xml,F356,,"VLOOKUP(D356,Lookup!$A$2:$B$4,2,FALSE())",0.1,0,0
xl/worksheets/sheet2.xml,G356,,"ROUND(E356*F356,2)",323.5,0,0
xl/worksheets/sheet2.xml,H356,,E356+G356,3558.5,0,0
xl/worksheets/sheet2.xml,J356,,"_xlfn.XLOOKUP(C356,Departments!$A$2:$A$6,Departments!$B$2:$B$6,""Unknown"")",Operations,0,0
xl/worksheets/sheet2.xml,F357,,"VLOOKUP(D357,Lookup!$A$2:$B$4,2,FALSE())",0.15,0,0
xl/worksheets/sheet2.xml,G357,,"ROUND(E357*F357,2)",490.8,0,0
xl/worksheets/sheet2.xml,H357,,E357+G357,3762.8,0,0
xl/worksheets/sheet2.xml,J357,,"_xlfn.XLOOKUP(C357,Departments!$A$2:$A$6,Departments!$B$2:$B$6,""Unknown"")",Finance,0,0
xl/worksheets/sheet2.xml,F358,,"VLOOKUP(D358,Lookup!$A$2:$B$4,2,FALSE())",0.05,0,0
xl/worksheets/sheet2.xml,G358,,"ROUND(E358*F358,2)",165.45,0,0
xl/worksheets/sheet2.xml,H358,,E358+G358,3474.45,0,0
xl/worksheets/sheet2.xml,J358,,"_xlfn.XLOOKUP(C358,Departments!$A$2:$A$6,Departments!$B$2:$B$6,""Unknown"")",Quality,0,0
xl/worksheets/sheet2.xml,F359,,"VLOOKUP(D359,Lookup!$A$2:$B$4,2,FALSE())",0.1,0,0
xl/worksheets/sheet2.xml,G359,,"ROUND(E359*F359,2)",334.6,0,0
xl/worksheets/sheet2.xml,H359,,E359+G359,3680.6,0,0
xl/worksheets/sheet2.xml,J359,,"_xlfn.XLOOKUP(C359,Departments!$A$2:$A$6,Departments!$B$2:$B$6,""Unknown"")",Human Resources,0,0
xl/worksheets/sheet2.xml,F360,,"VLOOKUP(D360,Lookup!$A$2:$B$4,2,FALSE())",0.15,0,0
xl/worksheets/sheet2.xml,G360,,"ROUND(E360*F360,2)",507.45,0,0
xl/worksheets/sheet2.xml,H360,,E360+G360,3890.45,0,0
xl/worksheets/sheet2.xml,J360,,"_xlfn.XLOOKUP(C360,Departments!$A$2:$A$6,Departments!$B$2:$B$6,""Unknown"")",Technology,0,0
xl/worksheets/sheet2.xml,F361,,"VLOOKUP(D361,Lookup!$A$2:$B$4,2,FALSE())",0.05,0,0
xl/worksheets/sheet2.xml,G361,,"ROUND(E361*F361,2)",171,0,0
xl/worksheets/sheet2.xml,H361,,E361+G361,3591,0,0
xl/worksheets/sheet2.xml,J361,,"_xlfn.XLOOKUP(C361,Departments!$A$2:$A$6,Departments!$B$2:$B$6,""Unknown"")",Operations,0,0
xl/worksheets/sheet2.xml,F362,,"VLOOKUP(D362,Lookup!$A$2:$B$4,2,FALSE())",0.1,0,0
xl/worksheets/sheet2.xml,G362,,"ROUND(E362*F362,2)",345.7,0,0
xl/worksheets/sheet2.xml,H362,,E362+G362,3802.7,0,0
xl/worksheets/sheet2.xml,J362,,"_xlfn.XLOOKUP(C362,Departments!$A$2:$A$6,Departments!$B$2:$B$6,""Unknown"")",Finance,0,0
xl/worksheets/sheet2.xml,F363,,"VLOOKUP(D363,Lookup!$A$2:$B$4,2,FALSE())",0.15,0,0
xl/worksheets/sheet2.xml,G363,,"ROUND(E363*F363,2)",524.1,0,0
xl/worksheets/sheet2.xml,H363,,E363+G363,4018.1,0,0
xl/worksheets/sheet2.xml,J363,,"_xlfn.XLOOKUP(C363,Departments!$A$2:$A$6,Departments!$B$2:$B$6,""Unknown"")",Quality,0,0
xl/worksheets/sheet2.xml,F364,,"VLOOKUP(D364,Lookup!$A$2:$B$4,2,FALSE())",0.05,0,0
xl/worksheets/sheet2.xml,G364,,"ROUND(E364*F364,2)",176.55,0,0
xl/worksheets/sheet2.xml,H364,,E364+G364,3707.55,0,0
xl/worksheets/sheet2.xml,J364,,"_xlfn.XLOOKUP(C364,Departments!$A$2:$A$6,Departments!$B$2:$B$6,""Unknown"")",Human Resources,0,0
xl/worksheets/sheet2.xml,F365,,"VLOOKUP(D365,Lookup!$A$2:$B$4,2,FALSE())",0.1,0,0
xl/worksheets/sheet2.xml,G365,,"ROUND(E365*F365,2)",356.8,0,0
xl/worksheets/sheet2.xml,H365,,E365+G365,3924.8,0,0
xl/worksheets/sheet2.xml,J365,,"_xlfn.XLOOKUP(C365,Departments!$A$2:$A$6,Departments!$B$2:$B$6,""Unknown"")",Technology,0,0
xl/worksheets/sheet2.xml,F366,,"VLOOKUP(D366,Lookup!$A$2:$B$4,2,FALSE())",0.15,0,0
xl/worksheets/sheet2.xml,G366,,"ROUND(E366*F366,2)",540.75,0,0
xl/worksheets/sheet2.xml,H366,,E366+G366,4145.75,0,0
xl/worksheets/sheet2.xml,J366,,"_xlfn.XLOOKUP(C366,Departments!$A$2:$A$6,Departments!$B$2:$B$6,""Unknown"")",Operations,0,0
xl/worksheets/sheet2.xml,F367,,"VLOOKUP(D367,Lookup!$A$2:$B$4,2,FALSE())",0.05,0,0
xl/worksheets/sheet2.xml,G367,,"ROUND(E367*F367,2)",182.1,0,0
xl/worksheets/sheet2.xml,H367,,E367+G367,3824.1,0,0
xl/worksheets/sheet2.xml,J367,,"_xlfn.XLOOKUP(C367,Departments!$A$2:$A$6,Departments!$B$2:$B$6,""Unknown"")",Finance,0,0
xl/worksheets/sheet2.xml,F368,,"VLOOKUP(D368,Lookup!$A$2:$B$4,2,FALSE())",0.1,0,0
xl/worksheets/sheet2.xml,G368,,"ROUND(E368*F368,2)",367.9,0,0
xl/worksheets/sheet2.xml,H368,,E368+G368,4046.9,0,0
xl/worksheets/sheet2.xml,J368,,"_xlfn.XLOOKUP(C368,Departments!$A$2:$A$6,Departments!$B$2:$B$6,""Unknown"")",Quality,0,0
xl/worksheets/sheet2.xml,F369,,"VLOOKUP(D369,Lookup!$A$2:$B$4,2,FALSE())",0.15,0,0
xl/worksheets/sheet2.xml,G369,,"ROUND(E369*F369,2)",557.4,0,0
xl/worksheets/sheet2.xml,H369,,E369+G369,4273.4,0,0
xl/worksheets/sheet2.xml,J369,,"_xlfn.XLOOKUP(C369,Departments!$A$2:$A$6,Departments!$B$2:$B$6,""Unknown"")",Human Resources,0,0
xl/worksheets/sheet2.xml,F370,,"VLOOKUP(D370,Lookup!$A$2:$B$4,2,FALSE())",0.05,0,0
xl/worksheets/sheet2.xml,G370,,"ROUND(E370*F370,2)",187.65,0,0
xl/worksheets/sheet2.xml,H370,,E370+G370,3940.65,0,0
xl/worksheets/sheet2.xml,J370,,"_xlfn.XLOOKUP(C370,Departments!$A$2:$A$6,Departments!$B$2:$B$6,""Unknown"")",Technology,0,0
xl/worksheets/sheet2.xml,F371,,"VLOOKUP(D371,Lookup!$A$2:$B$4,2,FALSE())",0.1,0,0
xl/worksheets/sheet2.xml,G371,,"ROUND(E371*F371,2)",379,0,0
xl/worksheets/sheet2.xml,H371,,E371+G371,4169,0,0
xl/worksheets/sheet2.xml,J371,,"_xlfn.XLOOKUP(C371,Departments!$A$2:$A$6,Departments!$B$2:$B$6,""Unknown"")",Operations,0,0
xl/worksheets/sheet2.xml,F372,,"VLOOKUP(D372,Lookup!$A$2:$B$4,2,FALSE())",0.15,0,0
xl/worksheets/sheet2.xml,G372,,"ROUND(E372*F372,2)",574.05,0,0
xl/worksheets/sheet2.xml,H372,,E372+G372,4401.05,0,0
xl/worksheets/sheet2.xml,J372,,"_xlfn.XLOOKUP(C372,Departments!$A$2:$A$6,Departments!$B$2:$B$6,""Unknown"")",Finance,0,0
xl/worksheets/sheet2.xml,F373,,"VLOOKUP(D373,Lookup!$A$2:$B$4,2,FALSE())",0.05,0,0
xl/worksheets/sheet2.xml,G373,,"ROUND(E373*F373,2)",193.2,0,0
xl/worksheets/sheet2.xml,H373,,E373+G373,4057.2,0,0
xl/worksheets/sheet2.xml,J373,,"_xlfn.XLOOKUP(C373,Departments!$A$2:$A$6,Departments!$B$2:$B$6,""Unknown"")",Quality,0,0
xl/worksheets/sheet2.xml,F374,,"VLOOKUP(D374,Lookup!$A$2:$B$4,2,FALSE())",0.1,0,0
xl/worksheets/sheet2.xml,G374,,"ROUND(E374*F374,2)",390.1,0,0
xl/worksheets/sheet2.xml,H374,,E374+G374,4291.1,0,0
xl/worksheets/sheet2.xml,J374,,"_xlfn.XLOOKUP(C374,Departments!$A$2:$A$6,Departments!$B$2:$B$6,""Unknown"")",Human Resources,0,0
xl/worksheets/sheet2.xml,F375,,"VLOOKUP(D375,Lookup!$A$2:$B$4,2,FALSE())",0.15,0,0
xl/worksheets/sheet2.xml,G375,,"ROUND(E375*F375,2)",590.7,0,0
xl/worksheets/sheet2.xml,H375,,E375+G375,4528.7,0,0
xl/worksheets/sheet2.xml,J375,,"_xlfn.XLOOKUP(C375,Departments!$A$2:$A$6,Departments!$B$2:$B$6,""Unknown"")",Technology,0,0
xl/worksheets/sheet2.xml,F376,,"VLOOKUP(D376,Lookup!$A$2:$B$4,2,FALSE())",0.05,0,0
xl/worksheets/sheet2.xml,G376,,"ROUND(E376*F376,2)",198.75,0,0
xl/worksheets/sheet2.xml,H376,,E376+G376,4173.75,0,0
xl/worksheets/sheet2.xml,J376,,"_xlfn.XLOOKUP(C376,Departments!$A$2:$A$6,Departments!$B$2:$B$6,""Unknown"")",Operations,0,0
xl/worksheets/sheet2.xml,F377,,"VLOOKUP(D377,Lookup!$A$2:$B$4,2,FALSE())",0.1,0,0
xl/worksheets/sheet2.xml,G377,,"ROUND(E377*F377,2)",401.2,0,0
xl/worksheets/sheet2.xml,H377,,E377+G377,4413.2,0,0
xl/worksheets/sheet2.xml,J377,,"_xlfn.XLOOKUP(C377,Departments!$A$2:$A$6,Departments!$B$2:$B$6,""Unknown"")",Finance,0,0
xl/worksheets/sheet2.xml,F378,,"VLOOKUP(D378,Lookup!$A$2:$B$4,2,FALSE())",0.15,0,0
xl/worksheets/sheet2.xml,G378,,"ROUND(E378*F378,2)",607.35,0,0
xl/worksheets/sheet2.xml,H378,,E378+G378,4656.35,0,0
xl/worksheets/sheet2.xml,J378,,"_xlfn.XLOOKUP(C378,Departments!$A$2:$A$6,Departments!$B$2:$B$6,""Unknown"")",Quality,0,0
xl/worksheets/sheet2.xml,F379,,"VLOOKUP(D379,Lookup!$A$2:$B$4,2,FALSE())",0.05,0,0
xl/worksheets/sheet2.xml,G379,,"ROUND(E379*F379,2)",204.3,0,0
xl/worksheets/sheet2.xml,H379,,E379+G379,4290.3,0,0
xl/worksheets/sheet2.xml,J379,,"_xlfn.XLOOKUP(C379,Departments!$A$2:$A$6,Departments!$B$2:$B$6,""Unknown"")",Human Resources,0,0
xl/worksheets/sheet2.xml,F380,,"VLOOKUP(D380,Lookup!$A$2:$B$4,2,FALSE())",0.1,0,0
xl/worksheets/sheet2.xml,G380,,"ROUND(E380*F380,2)",412.3,0,0
xl/worksheets/sheet2.xml,H380,,E380+G380,4535.3,0,0
xl/worksheets/sheet2.xml,J380,,"_xlfn.XLOOKUP(C380,Departments!$A$2:$A$6,Departments!$B$2:$B$6,""Unknown"")",Technology,0,0
xl/worksheets/sheet2.xml,F381,,"VLOOKUP(D381,Lookup!$A$2:$B$4,2,FALSE())",0.15,0,0
xl/worksheets/sheet2.xml,G381,,"ROUND(E381*F381,2)",624,0,0
xl/worksheets/sheet2.xml,H381,,E381+G381,4784,0,0
xl/worksheets/sheet2.xml,J381,,"_xlfn.XLOOKUP(C381,Departments!$A$2:$A$6,Departments!$B$2:$B$6,""Unknown"")",Operations,0,0
xl/worksheets/sheet2.xml,F382,,"VLOOKUP(D382,Lookup!$A$2:$B$4,2,FALSE())",0.05,0,0
xl/worksheets/sheet2.xml,G382,,"ROUND(E382*F382,2)",209.85,0,0
xl/worksheets/sheet2.xml,H382,,E382+G382,4406.85,0,0
xl/worksheets/sheet2.xml,J382,,"_xlfn.XLOOKUP(C382,Departments!$A$2:$A$6,Departments!$B$2:$B$6,""Unknown"")",Finance,0,0
xl/worksheets/sheet2.xml,F383,,"VLOOKUP(D383,Lookup!$A$2:$B$4,2,FALSE())",0.1,0,0
xl/worksheets/sheet2.xml,G383,,"ROUND(E383*F383,2)",423.4,0,0
xl/worksheets/sheet2.xml,H383,,E383+G383,4657.4,0,0
xl/worksheets/sheet2.xml,J383,,"_xlfn.XLOOKUP(C383,Departments!$A$2:$A$6,Departments!$B$2:$B$6,""Unknown"")",Quality,0,0
xl/worksheets/sheet2.xml,F384,,"VLOOKUP(D384,Lookup!$A$2:$B$4,2,FALSE())",0.15,0,0
xl/worksheets/sheet2.xml,G384,,"ROUND(E384*F384,2)",640.65,0,0
xl/worksheets/sheet2.xml,H384,,E384+G384,4911.65,0,0
xl/worksheets/sheet2.xml,J384,,"_xlfn.XLOOKUP(C384,Departments!$A$2:$A$6,Departments!$B$2:$B$6,""Unknown"")",Human Resources,0,0
xl/worksheets/sheet2.xml,F385,,"VLOOKUP(D385,Lookup!$A$2:$B$4,2,FALSE())",0.05,0,0
xl/worksheets/sheet2.xml,G385,,"ROUND(E385*F385,2)",215.4,0,0
xl/worksheets/sheet2.xml,H385,,E385+G385,4523.4,0,0
xl/worksheets/sheet2.xml,J385,,"_xlfn.XLOOKUP(C385,Departments!$A$2:$A$6,Departments!$B$2:$B$6,""Unknown"")",Technology,0,0
xl/worksheets/sheet2.xml,F386,,"VLOOKUP(D386,Lookup!$A$2:$B$4,2,FALSE())",0.1,0,0
xl/worksheets/sheet2.xml,G386,,"ROUND(E386*F386,2)",434.5,0,0
xl/worksheets/sheet2.xml,H386,,E386+G386,4779.5,0,0
xl/worksheets/sheet2.xml,J386,,"_xlfn.XLOOKUP(C386,Departments!$A$2:$A$6,Departments!$B$2:$B$6,""Unknown"")",Operations,0,0
xl/worksheets/sheet2.xml,F387,,"VLOOKUP(D387,Lookup!$A$2:$B$4,2,FALSE())",0.15,0,0
xl/worksheets/sheet2.xml,G387,,"ROUND(E387*F387,2)",657.3,0,0
xl/worksheets/sheet2.xml,H387,,E387+G387,5039.3,0,0
xl/worksheets/sheet2.xml,J387,,"_xlfn.XLOOKUP(C387,Departments!$A$2:$A$6,Departments!$B$2:$B$6,""Unknown"")",Finance,0,0
xl/worksheets/sheet2.xml,F388,,"VLOOKUP(D388,Lookup!$A$2:$B$4,2,FALSE())",0.05,0,0
xl/worksheets/sheet2.xml,G388,,"ROUND(E388*F388,2)",220.95,0,0
xl/worksheets/sheet2.xml,H388,,E388+G388,4639.95,0,0
xl/worksheets/sheet2.xml,J388,,"_xlfn.XLOOKUP(C388,Departments!$A$2:$A$6,Departments!$B$2:$B$6,""Unknown"")",Quality,0,0
xl/worksheets/sheet2.xml,F389,,"VLOOKUP(D389,Lookup!$A$2:$B$4,2,FALSE())",0.1,0,0
xl/worksheets/sheet2.xml,G389,,"ROUND(E389*F389,2)",445.6,0,0
xl/worksheets/sheet2.xml,H389,,E389+G389,4901.6,0,0
xl/worksheets/sheet2.xml,J389,,"_xlfn.XLOOKUP(C389,Departments!$A$2:$A$6,Departments!$B$2:$B$6,""Unknown"")",Human Resources,0,0
xl/worksheets/sheet2.xml,F390,,"VLOOKUP(D390,Lookup!$A$2:$B$4,2,FALSE())",0.15,0,0
xl/worksheets/sheet2.xml,G390,,"ROUND(E390*F390,2)",673.95,0,0
xl/worksheets/sheet2.xml,H390,,E390+G390,5166.95,0,0
xl/worksheets/sheet2.xml,J390,,"_xlfn.XLOOKUP(C390,Departments!$A$2:$A$6,Departments!$B$2:$B$6,""Unknown"")",Technology,0,0
xl/worksheets/sheet2.xml,F391,,"VLOOKUP(D391,Lookup!$A$2:$B$4,2,FALSE())",0.05,0,0
xl/worksheets/sheet2.xml,G391,,"ROUND(E391*F391,2)",226.5,0,0
xl/worksheets/sheet2.xml,H391,,E391+G391,4756.5,0,0
xl/worksheets/sheet2.xml,J391,,"_xlfn.XLOOKUP(C391,Departments!$A$2:$A$6,Departments!$B$2:$B$6,""Unknown"")",Operations,0,0
xl/worksheets/sheet2.xml,F392,,"VLOOKUP(D392,Lookup!$A$2:$B$4,2,FALSE())",0.1,0,0
xl/worksheets/sheet2.xml,G392,,"ROUND(E392*F392,2)",456.7,0,0
xl/worksheets/sheet2.xml,H392,,E392+G392,5023.7,0,0
xl/worksheets/sheet2.xml,J392,,"_xlfn.XLOOKUP(C392,Departments!$A$2:$A$6,Departments!$B$2:$B$6,""Unknown"")",Finance,0,0
xl/worksheets/sheet2.xml,F393,,"VLOOKUP(D393,Lookup!$A$2:$B$4,2,FALSE())",0.15,0,0
xl/worksheets/sheet2.xml,G393,,"ROUND(E393*F393,2)",690.6,0,0
xl/worksheets/sheet2.xml,H393,,E393+G393,5294.6,0,0
xl/worksheets/sheet2.xml,J393,,"_xlfn.XLOOKUP(C393,Departments!$A$2:$A$6,Departments!$B$2:$B$6,""Unknown"")",Quality,0,0
xl/worksheets/sheet2.xml,F394,,"VLOOKUP(D394,Lookup!$A$2:$B$4,2,FALSE())",0.05,0,0
xl/worksheets/sheet2.xml,G394,,"ROUND(E394*F394,2)",232.05,0,0
xl/worksheets/sheet2.xml,H394,,E394+G394,4873.05,0,0
xl/worksheets/sheet2.xml,J394,,"_xlfn.XLOOKUP(C394,Departments!$A$2:$A$6,Departments!$B$2:$B$6,""Unknown"")",Human Resources,0,0
xl/worksheets/sheet2.xml,F395,,"VLOOKUP(D395,Lookup!$A$2:$B$4,2,FALSE())",0.1,0,0
xl/worksheets/sheet2.xml,G395,,"ROUND(E395*F395,2)",467.8,0,0
xl/worksheets/sheet2.xml,H395,,E395+G395,5145.8,0,0
xl/worksheets/sheet2.xml,J395,,"_xlfn.XLOOKUP(C395,Departments!$A$2:$A$6,Departments!$B$2:$B$6,""Unknown"")",Technology,0,0
xl/worksheets/sheet2.xml,F396,,"VLOOKUP(D396,Lookup!$A$2:$B$4,2,FALSE())",0.15,0,0
xl/worksheets/sheet2.xml,G396,,"ROUND(E396*F396,2)",707.25,0,0
xl/worksheets/sheet2.xml,H396,,E396+G396,5422.25,0,0
xl/worksheets/sheet2.xml,J396,,"_xlfn.XLOOKUP(C396,Departments!$A$2:$A$6,Departments!$B$2:$B$6,""Unknown"")",Operations,0,0
xl/worksheets/sheet2.xml,F397,,"VLOOKUP(D397,Lookup!$A$2:$B$4,2,FALSE())",0.05,0,0
xl/worksheets/sheet2.xml,G397,,"ROUND(E397*F397,2)",237.6,0,0
xl/worksheets/sheet2.xml,H397,,E397+G397,4989.6,0,0
xl/worksheets/sheet2.xml,J397,,"_xlfn.XLOOKUP(C397,Departments!$A$2:$A$6,Departments!$B$2:$B$6,""Unknown"")",Finance,0,0
xl/worksheets/sheet2.xml,F398,,"VLOOKUP(D398,Lookup!$A$2:$B$4,2,FALSE())",0.1,0,0
xl/worksheets/sheet2.xml,G398,,"ROUND(E398*F398,2)",478.9,0,0
xl/worksheets/sheet2.xml,H398,,E398+G398,5267.9,0,0
xl/worksheets/sheet2.xml,J398,,"_xlfn.XLOOKUP(C398,Departments!$A$2:$A$6,Departments!$B$2:$B$6,""Unknown"")",Quality,0,0
xl/worksheets/sheet2.xml,F399,,"VLOOKUP(D399,Lookup!$A$2:$B$4,2,FALSE())",0.15,0,0
xl/worksheets/sheet2.xml,G399,,"ROUND(E399*F399,2)",723.9,0,0
xl/worksheets/sheet2.xml,H399,,E399+G399,5549.9,0,0
xl/worksheets/sheet2.xml,J399,,"_xlfn.XLOOKUP(C399,Departments!$A$2:$A$6,Departments!$B$2:$B$6,""Unknown"")",Human Resources,0,0
xl/worksheets/sheet2.xml,F400,,"VLOOKUP(D400,Lookup!$A$2:$B$4,2,FALSE())",0.05,0,0
xl/worksheets/sheet2.xml,G400,,"ROUND(E400*F400,2)",243.15,0,0
xl/worksheets/sheet2.xml,H400,,E400+G400,5106.15,0,0
xl/worksheets/sheet2.xml,J400,,"_xlfn.XLOOKUP(C400,Departments!$A$2:$A$6,Departments!$B$2:$B$6,""Unknown"")",Technology,0,0
xl/worksheets/sheet2.xml,F401,,"VLOOKUP(D401,Lookup!$A$2:$B$4,2,FALSE())",0.1,0,0
xl/worksheets/sheet2.xml,G401,,"ROUND(E401*F401,2)",490,0,0
xl/worksheets/sheet2.xml,H401,,E401+G401,5390,0,0
xl/worksheets/sheet2.xml,J401,,"_xlfn.XLOOKUP(C401,Departments!$A$2:$A$6,Departments!$B$2:$B$6,""Unknown"")",Operations,0,0
xl/worksheets/sheet2.xml,F402,,"VLOOKUP(D402,Lookup!$A$2:$B$4,2,FALSE())",0.15,0,0
xl/worksheets/sheet2.xml,G402,,"ROUND(E402*F402,2)",740.55,0,0
xl/worksheets/sheet2.xml,H402,,E402+G402,5677.55,0,0
xl/worksheets/sheet2.xml,J402,,"_xlfn.XLOOKUP(C402,Departments!$A$2:$A$6,Departments!$B$2:$B$6,""Unknown"")",Finance,0,0
xl/worksheets/sheet2.xml,F403,,"VLOOKUP(D403,Lookup!$A$2:$B$4,2,FALSE())",0.05,0,0
xl/worksheets/sheet2.xml,G403,,"ROUND(E403*F403,2)",248.7,0,0
xl/worksheets/sheet2.xml,H403,,E403+G403,5222.7,0,0
xl/worksheets/sheet2.xml,J403,,"_xlfn.XLOOKUP(C403,Departments!$A$2:$A$6,Departments!$B$2:$B$6,""Unknown"")",Quality,0,0
xl/worksheets/sheet2.xml,F404,,"VLOOKUP(D404,Lookup!$A$2:$B$4,2,FALSE())",0.1,0,0
xl/worksheets/sheet2.xml,G404,,"ROUND(E404*F404,2)",501.1,0,0
xl/worksheets/sheet2.xml,H404,,E404+G404,5512.1,0,0
xl/worksheets/sheet2.xml,J404,,"_xlfn.XLOOKUP(C404,Departments!$A$2:$A$6,Departments!$B$2:$B$6,""Unknown"")",Human Resources,0,0
xl/worksheets/sheet2.xml,F405,,"VLOOKUP(D405,Lookup!$A$2:$B$4,2,FALSE())",0.15,0,0
xl/worksheets/sheet2.xml,G405,,"ROUND(E405*F405,2)",757.2,0,0
xl/worksheets/sheet2.xml,H405,,E405+G405,5805.2,0,0
xl/worksheets/sheet2.xml,J405,,"_xlfn.XLOOKUP(C405,Departments!$A$2:$A$6,Departments!$B$2:$B$6,""Unknown"")",Technology,0,0
xl/worksheets/sheet2.xml,F406,,"VLOOKUP(D406,Lookup!$A$2:$B$4,2,FALSE())",0.05,0,0
xl/worksheets/sheet2.xml,G406,,"ROUND(E406*F406,2)",254.25,0,0
xl/worksheets/sheet2.xml,H406,,E406+G406,5339.25,0,0
xl/worksheets/sheet2.xml,J406,,"_xlfn.XLOOKUP(C406,Departments!$A$2:$A$6,Departments!$B$2:$B$6,""Unknown"")",Operations,0,0
xl/worksheets/sheet2.xml,F407,,"VLOOKUP(D407,Lookup!$A$2:$B$4,2,FALSE())",0.1,0,0
xl/worksheets/sheet2.xml,G407,,"ROUND(E407*F407,2)",12.2,0,0
xl/worksheets/sheet2.xml,H407,,E407+G407,134.2,0,0
xl/worksheets/sheet2.xml,J407,,"_xlfn.XLOOKUP(C407,Departments!$A$2:$A$6,Departments!$B$2:$B$6,""Unknown"")",Finance,0,0
xl/worksheets/sheet2.xml,F408,,"VLOOKUP(D408,Lookup!$A$2:$B$4,2,FALSE())",0.15,0,0
xl/worksheets/sheet2.xml,G408,,"ROUND(E408*F408,2)",23.85,0,0
xl/worksheets/sheet2.xml,H408,,E408+G408,182.85,0,0
xl/worksheets/sheet2.xml,J408,,"_xlfn.XLOOKUP(C408,Departments!$A$2:$A$6,Departments!$B$2:$B$6,""Unknown"")",Quality,0,0
xl/worksheets/sheet2.xml,F409,,"VLOOKUP(D409,Lookup!$A$2:$B$4,2,FALSE())",0.05,0,0
xl/worksheets/sheet2.xml,G409,,"ROUND(E409*F409,2)",9.8,0,0
xl/worksheets/sheet2.xml,H409,,E409+G409,205.8,0,0
xl/worksheets/sheet2.xml,J409,,"_xlfn.XLOOKUP(C409,Departments!$A$2:$A$6,Departments!$B$2:$B$6,""Unknown"")",Human Resources,0,0
xl/worksheets/sheet2.xml,F410,,"VLOOKUP(D410,Lookup!$A$2:$B$4,2,FALSE())",0.1,0,0
xl/worksheets/sheet2.xml,G410,,"ROUND(E410*F410,2)",23.3,0,0
xl/worksheets/sheet2.xml,H410,,E410+G410,256.3,0,0
xl/worksheets/sheet2.xml,J410,,"_xlfn.XLOOKUP(C410,Departments!$A$2:$A$6,Departments!$B$2:$B$6,""Unknown"")",Technology,0,0
xl/worksheets/sheet2.xml,F411,,"VLOOKUP(D411,Lookup!$A$2:$B$4,2,FALSE())",0.15,0,0
xl/worksheets/sheet2.xml,G411,,"ROUND(E411*F411,2)",40.5,0,0
xl/worksheets/sheet2.xml,H411,,E411+G411,310.5,0,0
xl/worksheets/sheet2.xml,J411,,"_xlfn.XLOOKUP(C411,Departments!$A$2:$A$6,Departments!$B$2:$B$6,""Unknown"")",Operations,0,0
xl/worksheets/sheet2.xml,F412,,"VLOOKUP(D412,Lookup!$A$2:$B$4,2,FALSE())",0.05,0,0
xl/worksheets/sheet2.xml,G412,,"ROUND(E412*F412,2)",15.35,0,0
xl/worksheets/sheet2.xml,H412,,E412+G412,322.35,0,0
xl/worksheets/sheet2.xml,J412,,"_xlfn.XLOOKUP(C412,Departments!$A$2:$A$6,Departments!$B$2:$B$6,""Unknown"")",Finance,0,0
xl/worksheets/sheet2.xml,F413,,"VLOOKUP(D413,Lookup!$A$2:$B$4,2,FALSE())",0.1,0,0
xl/worksheets/sheet2.xml,G413,,"ROUND(E413*F413,2)",34.4,0,0
xl/worksheets/sheet2.xml,H413,,E413+G413,378.4,0,0
xl/worksheets/sheet2.xml,J413,,"_xlfn.XLOOKUP(C413,Departments!$A$2:$A$6,Departments!$B$2:$B$6,""Unknown"")",Quality,0,0
xl/worksheets/sheet2.xml,F414,,"VLOOKUP(D414,Lookup!$A$2:$B$4,2,FALSE())",0.15,0,0
xl/worksheets/sheet2.xml,G414,,"ROUND(E414*F414,2)",57.15,0,0
xl/worksheets/sheet2.xml,H414,,E414+G414,438.15,0,0
xl/worksheets/sheet2.xml,J414,,"_xlfn.XLOOKUP(C414,Departments!$A$2:$A$6,Departments!$B$2:$B$6,""Unknown"")",Human Resources,0,0
xl/worksheets/sheet2.xml,F415,,"VLOOKUP(D415,Lookup!$A$2:$B$4,2,FALSE())",0.05,0,0
xl/worksheets/sheet2.xml,G415,,"ROUND(E415*F415,2)",20.9,0,0
xl/worksheets/sheet2.xml,H415,,E415+G415,438.9,0,0
xl/worksheets/sheet2.xml,J415,,"_xlfn.XLOOKUP(C415,Departments!$A$2:$A$6,Departments!$B$2:$B$6,""Unknown"")",Technology,0,0
xl/worksheets/sheet2.xml,F416,,"VLOOKUP(D416,Lookup!$A$2:$B$4,2,FALSE())",0.1,0,0
xl/worksheets/sheet2.xml,G416,,"ROUND(E416*F416,2)",45.5,0,0
xl/worksheets/sheet2.xml,H416,,E416+G416,500.5,0,0
xl/worksheets/sheet2.xml,J416,,"_xlfn.XLOOKUP(C416,Departments!$A$2:$A$6,Departments!$B$2:$B$6,""Unknown"")",Operations,0,0
xl/worksheets/sheet2.xml,F417,,"VLOOKUP(D417,Lookup!$A$2:$B$4,2,FALSE())",0.15,0,0
xl/worksheets/sheet2.xml,G417,,"ROUND(E417*F417,2)",73.8,0,0
xl/worksheets/sheet2.xml,H417,,E417+G417,565.8,0,0
xl/worksheets/sheet2.xml,J417,,"_xlfn.XLOOKUP(C417,Departments!$A$2:$A$6,Departments!$B$2:$B$6,""Unknown"")",Finance,0,0
xl/worksheets/sheet2.xml,F418,,"VLOOKUP(D418,Lookup!$A$2:$B$4,2,FALSE())",0.05,0,0
xl/worksheets/sheet2.xml,G418,,"ROUND(E418*F418,2)",26.45,0,0
xl/worksheets/sheet2.xml,H418,,E418+G418,555.45,0,0
xl/worksheets/sheet2.xml,J418,,"_xlfn.XLOOKUP(C418,Departments!$A$2:$A$6,Departments!$B$2:$B$6,""Unknown"")",Quality,0,0
xl/worksheets/sheet2.xml,F419,,"VLOOKUP(D419,Lookup!$A$2:$B$4,2,FALSE())",0.1,0,0
xl/worksheets/sheet2.xml,G419,,"ROUND(E419*F419,2)",56.6,0,0
xl/worksheets/sheet2.xml,H419,,E419+G419,622.6,0,0
xl/worksheets/sheet2.xml,J419,,"_xlfn.XLOOKUP(C419,Departments!$A$2:$A$6,Departments!$B$2:$B$6,""Unknown"")",Human Resources,0,0
xl/worksheets/sheet2.xml,F420,,"VLOOKUP(D420,Lookup!$A$2:$B$4,2,FALSE())",0.15,0,0
xl/worksheets/sheet2.xml,G420,,"ROUND(E420*F420,2)",90.45,0,0
xl/worksheets/sheet2.xml,H420,,E420+G420,693.45,0,0
xl/worksheets/sheet2.xml,J420,,"_xlfn.XLOOKUP(C420,Departments!$A$2:$A$6,Departments!$B$2:$B$6,""Unknown"")",Technology,0,0
xl/worksheets/sheet2.xml,F421,,"VLOOKUP(D421,Lookup!$A$2:$B$4,2,FALSE())",0.05,0,0
xl/worksheets/sheet2.xml,G421,,"ROUND(E421*F421,2)",32,0,0
xl/worksheets/sheet2.xml,H421,,E421+G421,672,0,0
xl/worksheets/sheet2.xml,J421,,"_xlfn.XLOOKUP(C421,Departments!$A$2:$A$6,Departments!$B$2:$B$6,""Unknown"")",Operations,0,0
xl/worksheets/sheet2.xml,F422,,"VLOOKUP(D422,Lookup!$A$2:$B$4,2,FALSE())",0.1,0,0
xl/worksheets/sheet2.xml,G422,,"ROUND(E422*F422,2)",67.7,0,0
xl/worksheets/sheet2.xml,H422,,E422+G422,744.7,0,0
xl/worksheets/sheet2.xml,J422,,"_xlfn.XLOOKUP(C422,Departments!$A$2:$A$6,Departments!$B$2:$B$6,""Unknown"")",Finance,0,0
xl/worksheets/sheet2.xml,F423,,"VLOOKUP(D423,Lookup!$A$2:$B$4,2,FALSE())",0.15,0,0
xl/worksheets/sheet2.xml,G423,,"ROUND(E423*F423,2)",107.1,0,0
xl/worksheets/sheet2.xml,H423,,E423+G423,821.1,0,0
xl/worksheets/sheet2.xml,J423,,"_xlfn.XLOOKUP(C423,Departments!$A$2:$A$6,Departments!$B$2:$B$6,""Unknown"")",Quality,0,0
xl/worksheets/sheet2.xml,F424,,"VLOOKUP(D424,Lookup!$A$2:$B$4,2,FALSE())",0.05,0,0
xl/worksheets/sheet2.xml,G424,,"ROUND(E424*F424,2)",37.55,0,0
xl/worksheets/sheet2.xml,H424,,E424+G424,788.55,0,0
xl/worksheets/sheet2.xml,J424,,"_xlfn.XLOOKUP(C424,Departments!$A$2:$A$6,Departments!$B$2:$B$6,""Unknown"")",Human Resources,0,0
xl/worksheets/sheet2.xml,F425,,"VLOOKUP(D425,Lookup!$A$2:$B$4,2,FALSE())",0.1,0,0
xl/worksheets/sheet2.xml,G425,,"ROUND(E425*F425,2)",78.8,0,0
xl/worksheets/sheet2.xml,H425,,E425+G425,866.8,0,0
xl/worksheets/sheet2.xml,J425,,"_xlfn.XLOOKUP(C425,Departments!$A$2:$A$6,Departments!$B$2:$B$6,""Unknown"")",Technology,0,0
xl/worksheets/sheet2.xml,F426,,"VLOOKUP(D426,Lookup!$A$2:$B$4,2,FALSE())",0.15,0,0
xl/worksheets/sheet2.xml,G426,,"ROUND(E426*F426,2)",123.75,0,0
xl/worksheets/sheet2.xml,H426,,E426+G426,948.75,0,0
xl/worksheets/sheet2.xml,J426,,"_xlfn.XLOOKUP(C426,Departments!$A$2:$A$6,Departments!$B$2:$B$6,""Unknown"")",Operations,0,0
xl/worksheets/sheet2.xml,F427,,"VLOOKUP(D427,Lookup!$A$2:$B$4,2,FALSE())",0.05,0,0
xl/worksheets/sheet2.xml,G427,,"ROUND(E427*F427,2)",43.1,0,0
xl/worksheets/sheet2.xml,H427,,E427+G427,905.1,0,0
xl/worksheets/sheet2.xml,J427,,"_xlfn.XLOOKUP(C427,Departments!$A$2:$A$6,Departments!$B$2:$B$6,""Unknown"")",Finance,0,0
xl/worksheets/sheet2.xml,F428,,"VLOOKUP(D428,Lookup!$A$2:$B$4,2,FALSE())",0.1,0,0
xl/worksheets/sheet2.xml,G428,,"ROUND(E428*F428,2)",89.9,0,0
xl/worksheets/sheet2.xml,H428,,E428+G428,988.9,0,0
xl/worksheets/sheet2.xml,J428,,"_xlfn.XLOOKUP(C428,Departments!$A$2:$A$6,Departments!$B$2:$B$6,""Unknown"")",Quality,0,0
xl/worksheets/sheet2.xml,F429,,"VLOOKUP(D429,Lookup!$A$2:$B$4,2,FALSE())",0.15,0,0
xl/worksheets/sheet2.xml,G429,,"ROUND(E429*F429,2)",140.4,0,0
xl/worksheets/sheet2.xml,H429,,E429+G429,1076.4,0,0
xl/worksheets/sheet2.xml,J429,,"_xlfn.XLOOKUP(C429,Departments!$A$2:$A$6,Departments!$B$2:$B$6,""Unknown"")",Human Resources,0,0
xl/worksheets/sheet2.xml,F430,,"VLOOKUP(D430,Lookup!$A$2:$B$4,2,FALSE())",0.05,0,0
xl/worksheets/sheet2.xml,G430,,"ROUND(E430*F430,2)",48.65,0,0
xl/worksheets/sheet2.xml,H430,,E430+G430,1021.65,0,0
xl/worksheets/sheet2.xml,J430,,"_xlfn.XLOOKUP(C430,Departments!$A$2:$A$6,Departments!$B$2:$B$6,""Unknown"")",Technology,0,0
xl/worksheets/sheet2.xml,F431,,"VLOOKUP(D431,Lookup!$A$2:$B$4,2,FALSE())",0.1,0,0
xl/worksheets/sheet2.xml,G431,,"ROUND(E431*F431,2)",101,0,0
xl/worksheets/sheet2.xml,H431,,E431+G431,1111,0,0
xl/worksheets/sheet2.xml,J431,,"_xlfn.XLOOKUP(C431,Departments!$A$2:$A$6,Departments!$B$2:$B$6,""Unknown"")",Operations,0,0
xl/worksheets/sheet2.xml,F432,,"VLOOKUP(D432,Lookup!$A$2:$B$4,2,FALSE())",0.15,0,0
xl/worksheets/sheet2.xml,G432,,"ROUND(E432*F432,2)",157.05,0,0
xl/worksheets/sheet2.xml,H432,,E432+G432,1204.05,0,0
xl/worksheets/sheet2.xml,J432,,"_xlfn.XLOOKUP(C432,Departments!$A$2:$A$6,Departments!$B$2:$B$6,""Unknown"")",Finance,0,0
xl/worksheets/sheet2.xml,F433,,"VLOOKUP(D433,Lookup!$A$2:$B$4,2,FALSE())",0.05,0,0
xl/worksheets/sheet2.xml,G433,,"ROUND(E433*F433,2)",54.2,0,0
xl/worksheets/sheet2.xml,H433,,E433+G433,1138.2,0,0
xl/worksheets/sheet2.xml,J433,,"_xlfn.XLOOKUP(C433,Departments!$A$2:$A$6,Departments!$B$2:$B$6,""Unknown"")",Quality,0,0
xl/worksheets/sheet2.xml,F434,,"VLOOKUP(D434,Lookup!$A$2:$B$4,2,FALSE())",0.1,0,0
xl/worksheets/sheet2.xml,G434,,"ROUND(E434*F434,2)",112.1,0,0
xl/worksheets/sheet2.xml,H434,,E434+G434,1233.1,0,0
xl/worksheets/sheet2.xml,J434,,"_xlfn.XLOOKUP(C434,Departments!$A$2:$A$6,Departments!$B$2:$B$6,""Unknown"")",Human Resources,0,0
xl/worksheets/sheet2.xml,F435,,"VLOOKUP(D435,Lookup!$A$2:$B$4,2,FALSE())",0.15,0,0
xl/worksheets/sheet2.xml,G435,,"ROUND(E435*F435,2)",173.7,0,0
xl/worksheets/sheet2.xml,H435,,E435+G435,1331.7,0,0
xl/worksheets/sheet2.xml,J435,,"_xlfn.XLOOKUP(C435,Departments!$A$2:$A$6,Departments!$B$2:$B$6,""Unknown"")",Technology,0,0
xl/worksheets/sheet2.xml,F436,,"VLOOKUP(D436,Lookup!$A$2:$B$4,2,FALSE())",0.05,0,0
xl/worksheets/sheet2.xml,G436,,"ROUND(E436*F436,2)",59.75,0,0
xl/worksheets/sheet2.xml,H436,,E436+G436,1254.75,0,0
xl/worksheets/sheet2.xml,J436,,"_xlfn.XLOOKUP(C436,Departments!$A$2:$A$6,Departments!$B$2:$B$6,""Unknown"")",Operations,0,0
xl/worksheets/sheet2.xml,F437,,"VLOOKUP(D437,Lookup!$A$2:$B$4,2,FALSE())",0.1,0,0
xl/worksheets/sheet2.xml,G437,,"ROUND(E437*F437,2)",123.2,0,0
xl/worksheets/sheet2.xml,H437,,E437+G437,1355.2,0,0
xl/worksheets/sheet2.xml,J437,,"_xlfn.XLOOKUP(C437,Departments!$A$2:$A$6,Departments!$B$2:$B$6,""Unknown"")",Finance,0,0
xl/worksheets/sheet2.xml,F438,,"VLOOKUP(D438,Lookup!$A$2:$B$4,2,FALSE())",0.15,0,0
xl/worksheets/sheet2.xml,G438,,"ROUND(E438*F438,2)",190.35,0,0
xl/worksheets/sheet2.xml,H438,,E438+G438,1459.35,0,0
xl/worksheets/sheet2.xml,J438,,"_xlfn.XLOOKUP(C438,Departments!$A$2:$A$6,Departments!$B$2:$B$6,""Unknown"")",Quality,0,0
xl/worksheets/sheet2.xml,F439,,"VLOOKUP(D439,Lookup!$A$2:$B$4,2,FALSE())",0.05,0,0
xl/worksheets/sheet2.xml,G439,,"ROUND(E439*F439,2)",65.3,0,0
xl/worksheets/sheet2.xml,H439,,E439+G439,1371.3,0,0
xl/worksheets/sheet2.xml,J439,,"_xlfn.XLOOKUP(C439,Departments!$A$2:$A$6,Departments!$B$2:$B$6,""Unknown"")",Human Resources,0,0
xl/worksheets/sheet2.xml,F440,,"VLOOKUP(D440,Lookup!$A$2:$B$4,2,FALSE())",0.1,0,0
xl/worksheets/sheet2.xml,G440,,"ROUND(E440*F440,2)",134.3,0,0
xl/worksheets/sheet2.xml,H440,,E440+G440,1477.3,0,0
xl/worksheets/sheet2.xml,J440,,"_xlfn.XLOOKUP(C440,Departments!$A$2:$A$6,Departments!$B$2:$B$6,""Unknown"")",Technology,0,0
xl/worksheets/sheet2.xml,F441,,"VLOOKUP(D441,Lookup!$A$2:$B$4,2,FALSE())",0.15,0,0
xl/worksheets/sheet2.xml,G441,,"ROUND(E441*F441,2)",207,0,0
xl/worksheets/sheet2.xml,H441,,E441+G441,1587,0,0
xl/worksheets/sheet2.xml,J441,,"_xlfn.XLOOKUP(C441,Departments!$A$2:$A$6,Departments!$B$2:$B$6,""Unknown"")",Operations,0,0
xl/worksheets/sheet2.xml,F442,,"VLOOKUP(D442,Lookup!$A$2:$B$4,2,FALSE())",0.05,0,0
xl/worksheets/sheet2.xml,G442,,"ROUND(E442*F442,2)",70.85,0,0
xl/worksheets/sheet2.xml,H442,,E442+G442,1487.85,0,0
xl/worksheets/sheet2.xml,J442,,"_xlfn.XLOOKUP(C442,Departments!$A$2:$A$6,Departments!$B$2:$B$6,""Unknown"")",Finance,0,0
xl/worksheets/sheet2.xml,F443,,"VLOOKUP(D443,Lookup!$A$2:$B$4,2,FALSE())",0.1,0,0
xl/worksheets/sheet2.xml,G443,,"ROUND(E443*F443,2)",145.4,0,0
xl/worksheets/sheet2.xml,H443,,E443+G443,1599.4,0,0
xl/worksheets/sheet2.xml,J443,,"_xlfn.XLOOKUP(C443,Departments!$A$2:$A$6,Departments!$B$2:$B$6,""Unknown"")",Quality,0,0
xl/worksheets/sheet2.xml,F444,,"VLOOKUP(D444,Lookup!$A$2:$B$4,2,FALSE())",0.15,0,0
xl/worksheets/sheet2.xml,G444,,"ROUND(E444*F444,2)",223.65,0,0
xl/worksheets/sheet2.xml,H444,,E444+G444,1714.65,0,0
xl/worksheets/sheet2.xml,J444,,"_xlfn.XLOOKUP(C444,Departments!$A$2:$A$6,Departments!$B$2:$B$6,""Unknown"")",Human Resources,0,0
xl/worksheets/sheet2.xml,F445,,"VLOOKUP(D445,Lookup!$A$2:$B$4,2,FALSE())",0.05,0,0
xl/worksheets/sheet2.xml,G445,,"ROUND(E445*F445,2)",76.4,0,0
xl/worksheets/sheet2.xml,H445,,E445+G445,1604.4,0,0
xl/worksheets/sheet2.xml,J445,,"_xlfn.XLOOKUP(C445,Departments!$A$2:$A$6,Departments!$B$2:$B$6,""Unknown"")",Technology,0,0
xl/worksheets/sheet2.xml,F446,,"VLOOKUP(D446,Lookup!$A$2:$B$4,2,FALSE())",0.1,0,0
xl/worksheets/sheet2.xml,G446,,"ROUND(E446*F446,2)",156.5,0,0
xl/worksheets/sheet2.xml,H446,,E446+G446,1721.5,0,0
xl/worksheets/sheet2.xml,J446,,"_xlfn.XLOOKUP(C446,Departments!$A$2:$A$6,Departments!$B$2:$B$6,""Unknown"")",Operations,0,0
xl/worksheets/sheet2.xml,F447,,"VLOOKUP(D447,Lookup!$A$2:$B$4,2,FALSE())",0.15,0,0
xl/worksheets/sheet2.xml,G447,,"ROUND(E447*F447,2)",240.3,0,0
xl/worksheets/sheet2.xml,H447,,E447+G447,1842.3,0,0
xl/worksheets/sheet2.xml,J447,,"_xlfn.XLOOKUP(C447,Departments!$A$2:$A$6,Departments!$B$2:$B$6,""Unknown"")",Finance,0,0
xl/worksheets/sheet2.xml,F448,,"VLOOKUP(D448,Lookup!$A$2:$B$4,2,FALSE())",0.05,0,0
xl/worksheets/sheet2.xml,G448,,"ROUND(E448*F448,2)",81.95,0,0
xl/worksheets/sheet2.xml,H448,,E448+G448,1720.95,0,0
xl/worksheets/sheet2.xml,J448,,"_xlfn.XLOOKUP(C448,Departments!$A$2:$A$6,Departments!$B$2:$B$6,""Unknown"")",Quality,0,0
xl/worksheets/sheet2.xml,F449,,"VLOOKUP(D449,Lookup!$A$2:$B$4,2,FALSE())",0.1,0,0
xl/worksheets/sheet2.xml,G449,,"ROUND(E449*F449,2)",167.6,0,0
xl/worksheets/sheet2.xml,H449,,E449+G449,1843.6,0,0
xl/worksheets/sheet2.xml,J449,,"_xlfn.XLOOKUP(C449,Departments!$A$2:$A$6,Departments!$B$2:$B$6,""Unknown"")",Human Resources,0,0
xl/worksheets/sheet2.xml,F450,,"VLOOKUP(D450,Lookup!$A$2:$B$4,2,FALSE())",0.15,0,0
xl/worksheets/sheet2.xml,G450,,"ROUND(E450*F450,2)",256.95,0,0
xl/worksheets/sheet2.xml,H450,,E450+G450,1969.95,0,0
xl/worksheets/sheet2.xml,J450,,"_xlfn.XLOOKUP(C450,Departments!$A$2:$A$6,Departments!$B$2:$B$6,""Unknown"")",Technology,0,0
xl/worksheets/sheet2.xml,F451,,"VLOOKUP(D451,Lookup!$A$2:$B$4,2,FALSE())",0.05,0,0
xl/worksheets/sheet2.xml,G451,,"ROUND(E451*F451,2)",87.5,0,0
xl/worksheets/sheet2.xml,H451,,E451+G451,1837.5,0,0
xl/worksheets/sheet2.xml,J451,,"_xlfn.XLOOKUP(C451,Departments!$A$2:$A$6,Departments!$B$2:$B$6,""Unknown"")",Operations,0,0
xl/worksheets/sheet2.xml,F452,,"VLOOKUP(D452,Lookup!$A$2:$B$4,2,FALSE())",0.1,0,0
xl/worksheets/sheet2.xml,G452,,"ROUND(E452*F452,2)",178.7,0,0
xl/worksheets/sheet2.xml,H452,,E452+G452,1965.7,0,0
xl/worksheets/sheet2.xml,J452,,"_xlfn.XLOOKUP(C452,Departments!$A$2:$A$6,Departments!$B$2:$B$6,""Unknown"")",Finance,0,0
xl/worksheets/sheet2.xml,F453,,"VLOOKUP(D453,Lookup!$A$2:$B$4,2,FALSE())",0.15,0,0
xl/worksheets/sheet2.xml,G453,,"ROUND(E453*F453,2)",273.6,0,0
xl/worksheets/sheet2.xml,H453,,E453+G453,2097.6,0,0
xl/worksheets/sheet2.xml,J453,,"_xlfn.XLOOKUP(C453,Departments!$A$2:$A$6,Departments!$B$2:$B$6,""Unknown"")",Quality,0,0
xl/worksheets/sheet2.xml,F454,,"VLOOKUP(D454,Lookup!$A$2:$B$4,2,FALSE())",0.05,0,0
xl/worksheets/sheet2.xml,G454,,"ROUND(E454*F454,2)",93.05,0,0
xl/worksheets/sheet2.xml,H454,,E454+G454,1954.05,0,0
xl/worksheets/sheet2.xml,J454,,"_xlfn.XLOOKUP(C454,Departments!$A$2:$A$6,Departments!$B$2:$B$6,""Unknown"")",Human Resources,0,0
xl/worksheets/sheet2.xml,F455,,"VLOOKUP(D455,Lookup!$A$2:$B$4,2,FALSE())",0.1,0,0
xl/worksheets/sheet2.xml,G455,,"ROUND(E455*F455,2)",189.8,0,0
xl/worksheets/sheet2.xml,H455,,E455+G455,2087.8,0,0
xl/worksheets/sheet2.xml,J455,,"_xlfn.XLOOKUP(C455,Departments!$A$2:$A$6,Departments!$B$2:$B$6,""Unknown"")",Technology,0,0
xl/worksheets/sheet2.xml,F456,,"VLOOKUP(D456,Lookup!$A$2:$B$4,2,FALSE())",0.15,0,0
xl/worksheets/sheet2.xml,G456,,"ROUND(E456*F456,2)",290.25,0,0
xl/worksheets/sheet2.xml,H456,,E456+G456,2225.25,0,0
xl/worksheets/sheet2.xml,J456,,"_xlfn.XLOOKUP(C456,Departments!$A$2:$A$6,Departments!$B$2:$B$6,""Unknown"")",Operations,0,0
xl/worksheets/sheet2.xml,F457,,"VLOOKUP(D457,Lookup!$A$2:$B$4,2,FALSE())",0.05,0,0
xl/worksheets/sheet2.xml,G457,,"ROUND(E457*F457,2)",98.6,0,0
xl/worksheets/sheet2.xml,H457,,E457+G457,2070.6,0,0
xl/worksheets/sheet2.xml,J457,,"_xlfn.XLOOKUP(C457,Departments!$A$2:$A$6,Departments!$B$2:$B$6,""Unknown"")",Finance,0,0
xl/worksheets/sheet2.xml,F458,,"VLOOKUP(D458,Lookup!$A$2:$B$4,2,FALSE())",0.1,0,0
xl/worksheets/sheet2.xml,G458,,"ROUND(E458*F458,2)",200.9,0,0
xl/worksheets/sheet2.xml,H458,,E458+G458,2209.9,0,0
xl/worksheets/sheet2.xml,J458,,"_xlfn.XLOOKUP(C458,Departments!$A$2:$A$6,Departments!$B$2:$B$6,""Unknown"")",Quality,0,0
xl/worksheets/sheet2.xml,F459,,"VLOOKUP(D459,Lookup!$A$2:$B$4,2,FALSE())",0.15,0,0
xl/worksheets/sheet2.xml,G459,,"ROUND(E459*F459,2)",306.9,0,0
xl/worksheets/sheet2.xml,H459,,E459+G459,2352.9,0,0
xl/worksheets/sheet2.xml,J459,,"_xlfn.XLOOKUP(C459,Departments!$A$2:$A$6,Departments!$B$2:$B$6,""Unknown"")",Human Resources,0,0
xl/worksheets/sheet2.xml,F460,,"VLOOKUP(D460,Lookup!$A$2:$B$4,2,FALSE())",0.05,0,0
xl/worksheets/sheet2.xml,G460,,"ROUND(E460*F460,2)",104.15,0,0
xl/worksheets/sheet2.xml,H460,,E460+G460,2187.15,0,0
xl/worksheets/sheet2.xml,J460,,"_xlfn.XLOOKUP(C460,Departments!$A$2:$A$6,Departments!$B$2:$B$6,""Unknown"")",Technology,0,0
xl/worksheets/sheet2.xml,F461,,"VLOOKUP(D461,Lookup!$A$2:$B$4,2,FALSE())",0.1,0,0
xl/worksheets/sheet2.xml,G461,,"ROUND(E461*F461,2)",212,0,0
xl/worksheets/sheet2.xml,H461,,E461+G461,2332,0,0
xl/worksheets/sheet2.xml,J461,,"_xlfn.XLOOKUP(C461,Departments!$A$2:$A$6,Departments!$B$2:$B$6,""Unknown"")",Operations,0,0
xl/worksheets/sheet2.xml,F462,,"VLOOKUP(D462,Lookup!$A$2:$B$4,2,FALSE())",0.15,0,0
xl/worksheets/sheet2.xml,G462,,"ROUND(E462*F462,2)",323.55,0,0
xl/worksheets/sheet2.xml,H462,,E462+G462,2480.55,0,0
xl/worksheets/sheet2.xml,J462,,"_xlfn.XLOOKUP(C462,Departments!$A$2:$A$6,Departments!$B$2:$B$6,""Unknown"")",Finance,0,0
xl/worksheets/sheet2.xml,F463,,"VLOOKUP(D463,Lookup!$A$2:$B$4,2,FALSE())",0.05,0,0
xl/worksheets/sheet2.xml,G463,,"ROUND(E463*F463,2)",109.7,0,0
xl/worksheets/sheet2.xml,H463,,E463+G463,2303.7,0,0
xl/worksheets/sheet2.xml,J463,,"_xlfn.XLOOKUP(C463,Departments!$A$2:$A$6,Departments!$B$2:$B$6,""Unknown"")",Quality,0,0
xl/worksheets/sheet2.xml,F464,,"VLOOKUP(D464,Lookup!$A$2:$B$4,2,FALSE())",0.1,0,0
xl/worksheets/sheet2.xml,G464,,"ROUND(E464*F464,2)",223.1,0,0
xl/worksheets/sheet2.xml,H464,,E464+G464,2454.1,0,0
xl/worksheets/sheet2.xml,J464,,"_xlfn.XLOOKUP(C464,Departments!$A$2:$A$6,Departments!$B$2:$B$6,""Unknown"")",Human Resources,0,0
xl/worksheets/sheet2.xml,F465,,"VLOOKUP(D465,Lookup!$A$2:$B$4,2,FALSE())",0.15,0,0
xl/worksheets/sheet2.xml,G465,,"ROUND(E465*F465,2)",340.2,0,0
xl/worksheets/sheet2.xml,H465,,E465+G465,2608.2,0,0
xl/worksheets/sheet2.xml,J465,,"_xlfn.XLOOKUP(C465,Departments!$A$2:$A$6,Departments!$B$2:$B$6,""Unknown"")",Technology,0,0
xl/worksheets/sheet2.xml,F466,,"VLOOKUP(D466,Lookup!$A$2:$B$4,2,FALSE())",0.05,0,0
xl/worksheets/sheet2.xml,G466,,"ROUND(E466*F466,2)",115.25,0,0
xl/worksheets/sheet2.xml,H466,,E466+G466,2420.25,0,0
xl/worksheets/sheet2.xml,J466,,"_xlfn.XLOOKUP(C466,Departments!$A$2:$A$6,Departments!$B$2:$B$6,""Unknown"")",Operations,0,0
xl/worksheets/sheet2.xml,F467,,"VLOOKUP(D467,Lookup!$A$2:$B$4,2,FALSE())",0.1,0,0
xl/worksheets/sheet2.xml,G467,,"ROUND(E467*F467,2)",234.2,0,0
xl/worksheets/sheet2.xml,H467,,E467+G467,2576.2,0,0
xl/worksheets/sheet2.xml,J467,,"_xlfn.XLOOKUP(C467,Departments!$A$2:$A$6,Departments!$B$2:$B$6,""Unknown"")",Finance,0,0
xl/worksheets/sheet2.xml,F468,,"VLOOKUP(D468,Lookup!$A$2:$B$4,2,FALSE())",0.15,0,0
xl/worksheets/sheet2.xml,G468,,"ROUND(E468*F468,2)",356.85,0,0
xl/worksheets/sheet2.xml,H468,,E468+G468,2735.85,0,0
xl/worksheets/sheet2.xml,J468,,"_xlfn.XLOOKUP(C468,Departments!$A$2:$A$6,Departments!$B$2:$B$6,""Unknown"")",Quality,0,0
xl/worksheets/sheet2.xml,F469,,"VLOOKUP(D469,Lookup!$A$2:$B$4,2,FALSE())",0.05,0,0
xl/worksheets/sheet2.xml,G469,,"ROUND(E469*F469,2)",120.8,0,0
xl/worksheets/sheet2.xml,H469,,E469+G469,2536.8,0,0
xl/worksheets/sheet2.xml,J469,,"_xlfn.XLOOKUP(C469,Departments!$A$2:$A$6,Departments!$B$2:$B$6,""Unknown"")",Human Resources,0,0
xl/worksheets/sheet2.xml,F470,,"VLOOKUP(D470,Lookup!$A$2:$B$4,2,FALSE())",0.1,0,0
xl/worksheets/sheet2.xml,G470,,"ROUND(E470*F470,2)",245.3,0,0
xl/worksheets/sheet2.xml,H470,,E470+G470,2698.3,0,0
xl/worksheets/sheet2.xml,J470,,"_xlfn.XLOOKUP(C470,Departments!$A$2:$A$6,Departments!$B$2:$B$6,""Unknown"")",Technology,0,0
xl/worksheets/sheet2.xml,F471,,"VLOOKUP(D471,Lookup!$A$2:$B$4,2,FALSE())",0.15,0,0
xl/worksheets/sheet2.xml,G471,,"ROUND(E471*F471,2)",373.5,0,0
xl/worksheets/sheet2.xml,H471,,E471+G471,2863.5,0,0
xl/worksheets/sheet2.xml,J471,,"_xlfn.XLOOKUP(C471,Departments!$A$2:$A$6,Departments!$B$2:$B$6,""Unknown"")",Operations,0,0
xl/worksheets/sheet2.xml,F472,,"VLOOKUP(D472,Lookup!$A$2:$B$4,2,FALSE())",0.05,0,0
xl/worksheets/sheet2.xml,G472,,"ROUND(E472*F472,2)",126.35,0,0
xl/worksheets/sheet2.xml,H472,,E472+G472,2653.35,0,0
xl/worksheets/sheet2.xml,J472,,"_xlfn.XLOOKUP(C472,Departments!$A$2:$A$6,Departments!$B$2:$B$6,""Unknown"")",Finance,0,0
xl/worksheets/sheet2.xml,F473,,"VLOOKUP(D473,Lookup!$A$2:$B$4,2,FALSE())",0.1,0,0
xl/worksheets/sheet2.xml,G473,,"ROUND(E473*F473,2)",256.4,0,0
xl/worksheets/sheet2.xml,H473,,E473+G473,2820.4,0,0
xl/worksheets/sheet2.xml,J473,,"_xlfn.XLOOKUP(C473,Departments!$A$2:$A$6,Departments!$B$2:$B$6,""Unknown"")",Quality,0,0
xl/worksheets/sheet2.xml,F474,,"VLOOKUP(D474,Lookup!$A$2:$B$4,2,FALSE())",0.15,0,0
xl/worksheets/sheet2.xml,G474,,"ROUND(E474*F474,2)",390.15,0,0
xl/worksheets/sheet2.xml,H474,,E474+G474,2991.15,0,0
xl/worksheets/sheet2.xml,J474,,"_xlfn.XLOOKUP(C474,Departments!$A$2:$A$6,Departments!$B$2:$B$6,""Unknown"")",Human Resources,0,0
xl/worksheets/sheet2.xml,F475,,"VLOOKUP(D475,Lookup!$A$2:$B$4,2,FALSE())",0.05,0,0
xl/worksheets/sheet2.xml,G475,,"ROUND(E475*F475,2)",131.9,0,0
xl/worksheets/sheet2.xml,H475,,E475+G475,2769.9,0,0
xl/worksheets/sheet2.xml,J475,,"_xlfn.XLOOKUP(C475,Departments!$A$2:$A$6,Departments!$B$2:$B$6,""Unknown"")",Technology,0,0
xl/worksheets/sheet2.xml,F476,,"VLOOKUP(D476,Lookup!$A$2:$B$4,2,FALSE())",0.1,0,0
xl/worksheets/sheet2.xml,G476,,"ROUND(E476*F476,2)",267.5,0,0
xl/worksheets/sheet2.xml,H476,,E476+G476,2942.5,0,0
xl/worksheets/sheet2.xml,J476,,"_xlfn.XLOOKUP(C476,Departments!$A$2:$A$6,Departments!$B$2:$B$6,""Unknown"")",Operations,0,0
xl/worksheets/sheet2.xml,F477,,"VLOOKUP(D477,Lookup!$A$2:$B$4,2,FALSE())",0.15,0,0
xl/worksheets/sheet2.xml,G477,,"ROUND(E477*F477,2)",406.8,0,0
xl/worksheets/sheet2.xml,H477,,E477+G477,3118.8,0,0
xl/worksheets/sheet2.xml,J477,,"_xlfn.XLOOKUP(C477,Departments!$A$2:$A$6,Departments!$B$2:$B$6,""Unknown"")",Finance,0,0
xl/worksheets/sheet2.xml,F478,,"VLOOKUP(D478,Lookup!$A$2:$B$4,2,FALSE())",0.05,0,0
xl/worksheets/sheet2.xml,G478,,"ROUND(E478*F478,2)",137.45,0,0
xl/worksheets/sheet2.xml,H478,,E478+G478,2886.45,0,0
xl/worksheets/sheet2.xml,J478,,"_xlfn.XLOOKUP(C478,Departments!$A$2:$A$6,Departments!$B$2:$B$6,""Unknown"")",Quality,0,0
xl/worksheets/sheet2.xml,F479,,"VLOOKUP(D479,Lookup!$A$2:$B$4,2,FALSE())",0.1,0,0
xl/worksheets/sheet2.xml,G479,,"ROUND(E479*F479,2)",278.6,0,0
xl/worksheets/sheet2.xml,H479,,E479+G479,3064.6,0,0
xl/worksheets/sheet2.xml,J479,,"_xlfn.XLOOKUP(C479,Departments!$A$2:$A$6,Departments!$B$2:$B$6,""Unknown"")",Human Resources,0,0
xl/worksheets/sheet2.xml,F480,,"VLOOKUP(D480,Lookup!$A$2:$B$4,2,FALSE())",0.15,0,0
xl/worksheets/sheet2.xml,G480,,"ROUND(E480*F480,2)",423.45,0,0
xl/worksheets/sheet2.xml,H480,,E480+G480,3246.45,0,0
xl/worksheets/sheet2.xml,J480,,"_xlfn.XLOOKUP(C480,Departments!$A$2:$A$6,Departments!$B$2:$B$6,""Unknown"")",Technology,0,0
xl/worksheets/sheet2.xml,F481,,"VLOOKUP(D481,Lookup!$A$2:$B$4,2,FALSE())",0.05,0,0
xl/worksheets/sheet2.xml,G481,,"ROUND(E481*F481,2)",143,0,0
xl/worksheets/sheet2.xml,H481,,E481+G481,3003,0,0
xl/worksheets/sheet2.xml,J481,,"_xlfn.XLOOKUP(C481,Departments!$A$2:$A$6,Departments!$B$2:$B$6,""Unknown"")",Operations,0,0
xl/worksheets/sheet2.xml,F482,,"VLOOKUP(D482,Lookup!$A$2:$B$4,2,FALSE())",0.1,0,0
xl/worksheets/sheet2.xml,G482,,"ROUND(E482*F482,2)",289.7,0,0
xl/worksheets/sheet2.xml,H482,,E482+G482,3186.7,0,0
xl/worksheets/sheet2.xml,J482,,"_xlfn.XLOOKUP(C482,Departments!$A$2:$A$6,Departments!$B$2:$B$6,""Unknown"")",Finance,0,0
xl/worksheets/sheet2.xml,F483,,"VLOOKUP(D483,Lookup!$A$2:$B$4,2,FALSE())",0.15,0,0
xl/worksheets/sheet2.xml,G483,,"ROUND(E483*F483,2)",440.1,0,0
xl/worksheets/sheet2.xml,H483,,E483+G483,3374.1,0,0
xl/worksheets/sheet2.xml,J483,,"_xlfn.XLOOKUP(C483,Departments!$A$2:$A$6,Departments!$B$2:$B$6,""Unknown"")",Quality,0,0
xl/worksheets/sheet2.xml,F484,,"VLOOKUP(D484,Lookup!$A$2:$B$4,2,FALSE())",0.05,0,0
xl/worksheets/sheet2.xml,G484,,"ROUND(E484*F484,2)",148.55,0,0
xl/worksheets/sheet2.xml,H484,,E484+G484,3119.55,0,0
xl/worksheets/sheet2.xml,J484,,"_xlfn.XLOOKUP(C484,Departments!$A$2:$A$6,Departments!$B$2:$B$6,""Unknown"")",Human Resources,0,0
xl/worksheets/sheet2.xml,F485,,"VLOOKUP(D485,Lookup!$A$2:$B$4,2,FALSE())",0.1,0,0
xl/worksheets/sheet2.xml,G485,,"ROUND(E485*F485,2)",300.8,0,0
xl/worksheets/sheet2.xml,H485,,E485+G485,3308.8,0,0
xl/worksheets/sheet2.xml,J485,,"_xlfn.XLOOKUP(C485,Departments!$A$2:$A$6,Departments!$B$2:$B$6,""Unknown"")",Technology,0,0
xl/worksheets/sheet2.xml,F486,,"VLOOKUP(D486,Lookup!$A$2:$B$4,2,FALSE())",0.15,0,0
xl/worksheets/sheet2.xml,G486,,"ROUND(E486*F486,2)",456.75,0,0
xl/worksheets/sheet2.xml,H486,,E486+G486,3501.75,0,0
xl/worksheets/sheet2.xml,J486,,"_xlfn.XLOOKUP(C486,Departments!$A$2:$A$6,Departments!$B$2:$B$6,""Unknown"")",Operations,0,0
xl/worksheets/sheet2.xml,F487,,"VLOOKUP(D487,Lookup!$A$2:$B$4,2,FALSE())",0.05,0,0
xl/worksheets/sheet2.xml,G487,,"ROUND(E487*F487,2)",154.1,0,0
xl/worksheets/sheet2.xml,H487,,E487+G487,3236.1,0,0
xl/worksheets/sheet2.xml,J487,,"_xlfn.XLOOKUP(C487,Departments!$A$2:$A$6,Departments!$B$2:$B$6,""Unknown"")",Finance,0,0
xl/worksheets/sheet2.xml,F488,,"VLOOKUP(D488,Lookup!$A$2:$B$4,2,FALSE())",0.1,0,0
xl/worksheets/sheet2.xml,G488,,"ROUND(E488*F488,2)",311.9,0,0
xl/worksheets/sheet2.xml,H488,,E488+G488,3430.9,0,0
xl/worksheets/sheet2.xml,J488,,"_xlfn.XLOOKUP(C488,Departments!$A$2:$A$6,Departments!$B$2:$B$6,""Unknown"")",Quality,0,0
xl/worksheets/sheet2.xml,F489,,"VLOOKUP(D489,Lookup!$A$2:$B$4,2,FALSE())",0.15,0,0
xl/worksheets/sheet2.xml,G489,,"ROUND(E489*F489,2)",473.4,0,0
xl/worksheets/sheet2.xml,H489,,E489+G489,3629.4,0,0
xl/worksheets/sheet2.xml,J489,,"_xlfn.XLOOKUP(C489,Departments!$A$2:$A$6,Departments!$B$2:$B$6,""Unknown"")",Human Resources,0,0
xl/worksheets/sheet2.xml,F490,,"VLOOKUP(D490,Lookup!$A$2:$B$4,2,FALSE())",0.05,0,0
xl/worksheets/sheet2.xml,G490,,"ROUND(E490*F490,2)",159.65,0,0
xl/worksheets/sheet2.xml,H490,,E490+G490,3352.65,0,0
xl/worksheets/sheet2.xml,J490,,"_xlfn.XLOOKUP(C490,Departments!$A$2:$A$6,Departments!$B$2:$B$6,""Unknown"")",Technology,0,0
xl/worksheets/sheet2.xml,F491,,"VLOOKUP(D491,Lookup!$A$2:$B$4,2,FALSE())",0.1,0,0
xl/worksheets/sheet2.xml,G491,,"ROUND(E491*F491,2)",323,0,0
xl/worksheets/sheet2.xml,H491,,E491+G491,3553,0,0
xl/worksheets/sheet2.xml,J491,,"_xlfn.XLOOKUP(C491,Departments!$A$2:$A$6,Departments!$B$2:$B$6,""Unknown"")",Operations,0,0
xl/worksheets/sheet2.xml,F492,,"VLOOKUP(D492,Lookup!$A$2:$B$4,2,FALSE())",0.15,0,0
xl/worksheets/sheet2.xml,G492,,"ROUND(E492*F492,2)",490.05,0,0
xl/worksheets/sheet2.xml,H492,,E492+G492,3757.05,0,0
xl/worksheets/sheet2.xml,J492,,"_xlfn.XLOOKUP(C492,Departments!$A$2:$A$6,Departments!$B$2:$B$6,""Unknown"")",Finance,0,0
xl/worksheets/sheet2.xml,F493,,"VLOOKUP(D493,Lookup!$A$2:$B$4,2,FALSE())",0.05,0,0
xl/worksheets/sheet2.xml,G493,,"ROUND(E493*F493,2)",165.2,0,0
xl/worksheets/sheet2.xml,H493,,E493+G493,3469.2,0,0
xl/worksheets/sheet2.xml,J493,,"_xlfn.XLOOKUP(C493,Departments!$A$2:$A$6,Departments!$B$2:$B$6,""Unknown"")",Quality,0,0
xl/worksheets/sheet2.xml,F494,,"VLOOKUP(D494,Lookup!$A$2:$B$4,2,FALSE())",0.1,0,0
xl/worksheets/sheet2.xml,G494,,"ROUND(E494*F494,2)",334.1,0,0
xl/worksheets/sheet2.xml,H494,,E494+G494,3675.1,0,0
xl/worksheets/sheet2.xml,J494,,"_xlfn.XLOOKUP(C494,Departments!$A$2:$A$6,Departments!$B$2:$B$6,""Unknown"")",Human Resources,0,0
xl/worksheets/sheet2.xml,F495,,"VLOOKUP(D495,Lookup!$A$2:$B$4,2,FALSE())",0.15,0,0
xl/worksheets/sheet2.xml,G495,,"ROUND(E495*F495,2)",506.7,0,0
xl/worksheets/sheet2.xml,H495,,E495+G495,3884.7,0,0
xl/worksheets/sheet2.xml,J495,,"_xlfn.XLOOKUP(C495,Departments!$A$2:$A$6,Departments!$B$2:$B$6,""Unknown"")",Technology,0,0
xl/worksheets/sheet2.xml,F496,,"VLOOKUP(D496,Lookup!$A$2:$B$4,2,FALSE())",0.05,0,0
xl/worksheets/sheet2.xml,G496,,"ROUND(E496*F496,2)",170.75,0,0
xl/worksheets/sheet2.xml,H496,,E496+G496,3585.75,0,0
xl/worksheets/sheet2.xml,J496,,"_xlfn.XLOOKUP(C496,Departments!$A$2:$A$6,Departments!$B$2:$B$6,""Unknown"")",Operations,0,0
xl/worksheets/sheet2.xml,F497,,"VLOOKUP(D497,Lookup!$A$2:$B$4,2,FALSE())",0.1,0,0
xl/worksheets/sheet2.xml,G497,,"ROUND(E497*F497,2)",345.2,0,0
xl/worksheets/sheet2.xml,H497,,E497+G497,3797.2,0,0
xl/worksheets/sheet2.xml,J497,,"_xlfn.XLOOKUP(C497,Departments!$A$2:$A$6,Departments!$B$2:$B$6,""Unknown"")",Finance,0,0
xl/worksheets/sheet2.xml,F498,,"VLOOKUP(D498,Lookup!$A$2:$B$4,2,FALSE())",0.15,0,0
xl/worksheets/sheet2.xml,G498,,"ROUND(E498*F498,2)",523.35,0,0
xl/worksheets/sheet2.xml,H498,,E498+G498,4012.35,0,0
xl/worksheets/sheet2.xml,J498,,"_xlfn.XLOOKUP(C498,Departments!$A$2:$A$6,Departments!$B$2:$B$6,""Unknown"")",Quality,0,0
xl/worksheets/sheet2.xml,F499,,"VLOOKUP(D499,Lookup!$A$2:$B$4,2,FALSE())",0.05,0,0
xl/worksheets/sheet2.xml,G499,,"ROUND(E499*F499,2)",176.3,0,0
xl/worksheets/sheet2.xml,H499,,E499+G499,3702.3,0,0
xl/worksheets/sheet2.xml,J499,,"_xlfn.XLOOKUP(C499,Departments!$A$2:$A$6,Departments!$B$2:$B$6,""Unknown"")",Human Resources,0,0
xl/worksheets/sheet2.xml,F500,,"VLOOKUP(D500,Lookup!$A$2:$B$4,2,FALSE())",0.1,0,0
xl/worksheets/sheet2.xml,G500,,"ROUND(E500*F500,2)",356.3,0,0
xl/worksheets/sheet2.xml,H500,,E500+G500,3919.3,0,0
xl/worksheets/sheet2.xml,J500,,"_xlfn.XLOOKUP(C500,Departments!$A$2:$A$6,Departments!$B$2:$B$6,""Unknown"")",Technology,0,0
xl/worksheets/sheet2.xml,F501,,"VLOOKUP(D501,Lookup!$A$2:$B$4,2,FALSE())",0.15,0,0
xl/worksheets/sheet2.xml,G501,,"ROUND(E501*F501,2)",540,0,0
xl/worksheets/sheet2.xml,H501,,E501+G501,4140,0,0
xl/worksheets/sheet2.xml,J501,,"_xlfn.XLOOKUP(C501,Departments!$A$2:$A$6,Departments!$B$2:$B$6,""Unknown"")",Operations,0,0
xl/worksheets/sheet2.xml,F502,,"VLOOKUP(D502,Lookup!$A$2:$B$4,2,FALSE())",0.05,0,0
xl/worksheets/sheet2.xml,G502,,"ROUND(E502*F502,2)",181.85,0,0
xl/worksheets/sheet2.xml,H502,,E502+G502,3818.85,0,0
xl/worksheets/sheet2.xml,J502,,"_xlfn.XLOOKUP(C502,Departments!$A$2:$A$6,Departments!$B$2:$B$6,""Unknown"")",Finance,0,0
xl/worksheets/sheet2.xml,F503,,"VLOOKUP(D503,Lookup!$A$2:$B$4,2,FALSE())",0.1,0,0
xl/worksheets/sheet2.xml,G503,,"ROUND(E503*F503,2)",367.4,0,0
xl/worksheets/sheet2.xml,H503,,E503+G503,4041.4,0,0
xl/worksheets/sheet2.xml,J503,,"_xlfn.XLOOKUP(C503,Departments!$A$2:$A$6,Departments!$B$2:$B$6,""Unknown"")",Quality,0,0
xl/worksheets/sheet2.xml,F504,,"VLOOKUP(D504,Lookup!$A$2:$B$4,2,FALSE())",0.15,0,0
xl/worksheets/sheet2.xml,G504,,"ROUND(E504*F504,2)",556.65,0,0
xl/worksheets/sheet2.xml,H504,,E504+G504,4267.65,0,0
xl/worksheets/sheet2.xml,J504,,"_xlfn.XLOOKUP(C504,Departments!$A$2:$A$6,Departments!$B$2:$B$6,""Unknown"")",Human Resources,0,0
xl/worksheets/sheet2.xml,F505,,"VLOOKUP(D505,Lookup!$A$2:$B$4,2,FALSE())",0.05,0,0
xl/worksheets/sheet2.xml,G505,,"ROUND(E505*F505,2)",187.4,0,0
xl/worksheets/sheet2.xml,H505,,E505+G505,3935.4,0,0
xl/worksheets/sheet2.xml,J505,,"_xlfn.XLOOKUP(C505,Departments!$A$2:$A$6,Departments!$B$2:$B$6,""Unknown"")",Technology,0,0
xl/worksheets/sheet2.xml,F506,,"VLOOKUP(D506,Lookup!$A$2:$B$4,2,FALSE())",0.1,0,0
xl/worksheets/sheet2.xml,G506,,"ROUND(E506*F506,2)",378.5,0,0
xl/worksheets/sheet2.xml,H506,,E506+G506,4163.5,0,0
xl/worksheets/sheet2.xml,J506,,"_xlfn.XLOOKUP(C506,Departments!$A$2:$A$6,Departments!$B$2:$B$6,""Unknown"")",Operations,0,0
xl/worksheets/sheet2.xml,F507,,"VLOOKUP(D507,Lookup!$A$2:$B$4,2,FALSE())",0.15,0,0
xl/worksheets/sheet2.xml,G507,,"ROUND(E507*F507,2)",573.3,0,0
xl/worksheets/sheet2.xml,H507,,E507+G507,4395.3,0,0
xl/worksheets/sheet2.xml,J507,,"_xlfn.XLOOKUP(C507,Departments!$A$2:$A$6,Departments!$B$2:$B$6,""Unknown"")",Finance,0,0
xl/worksheets/sheet2.xml,F508,,"VLOOKUP(D508,Lookup!$A$2:$B$4,2,FALSE())",0.05,0,0
xl/worksheets/sheet2.xml,G508,,"ROUND(E508*F508,2)",192.95,0,0
xl/worksheets/sheet2.xml,H508,,E508+G508,4051.95,0,0
xl/worksheets/sheet2.xml,J508,,"_xlfn.XLOOKUP(C508,Departments!$A$2:$A$6,Departments!$B$2:$B$6,""Unknown"")",Quality,0,0
xl/worksheets/sheet2.xml,F509,,"VLOOKUP(D509,Lookup!$A$2:$B$4,2,FALSE())",0.1,0,0
xl/worksheets/sheet2.xml,G509,,"ROUND(E509*F509,2)",389.6,0,0
xl/worksheets/sheet2.xml,H509,,E509+G509,4285.6,0,0
xl/worksheets/sheet2.xml,J509,,"_xlfn.XLOOKUP(C509,Departments!$A$2:$A$6,Departments!$B$2:$B$6,""Unknown"")",Human Resources,0,0
xl/worksheets/sheet2.xml,F510,,"VLOOKUP(D510,Lookup!$A$2:$B$4,2,FALSE())",0.15,0,0
xl/worksheets/sheet2.xml,G510,,"ROUND(E510*F510,2)",589.95,0,0
xl/worksheets/sheet2.xml,H510,,E510+G510,4522.95,0,0
xl/worksheets/sheet2.xml,J510,,"_xlfn.XLOOKUP(C510,Departments!$A$2:$A$6,Departments!$B$2:$B$6,""Unknown"")",Technology,0,0
xl/worksheets/sheet2.xml,F511,,"VLOOKUP(D511,Lookup!$A$2:$B$4,2,FALSE())",0.05,0,0
xl/worksheets/sheet2.xml,G511,,"ROUND(E511*F511,2)",198.5,0,0
xl/worksheets/sheet2.xml,H511,,E511+G511,4168.5,0,0
xl/worksheets/sheet2.xml,J511,,"_xlfn.XLOOKUP(C511,Departments!$A$2:$A$6,Departments!$B$2:$B$6,""Unknown"")",Operations,0,0
xl/worksheets/sheet2.xml,F512,,"VLOOKUP(D512,Lookup!$A$2:$B$4,2,FALSE())",0.1,0,0
xl/worksheets/sheet2.xml,G512,,"ROUND(E512*F512,2)",400.7,0,0
xl/worksheets/sheet2.xml,H512,,E512+G512,4407.7,0,0
xl/worksheets/sheet2.xml,J512,,"_xlfn.XLOOKUP(C512,Departments!$A$2:$A$6,Departments!$B$2:$B$6,""Unknown"")",Finance,0,0
xl/worksheets/sheet2.xml,F513,,"VLOOKUP(D513,Lookup!$A$2:$B$4,2,FALSE())",0.15,0,0
xl/worksheets/sheet2.xml,G513,,"ROUND(E513*F513,2)",606.6,0,0
xl/worksheets/sheet2.xml,H513,,E513+G513,4650.6,0,0
xl/worksheets/sheet2.xml,J513,,"_xlfn.XLOOKUP(C513,Departments!$A$2:$A$6,Departments!$B$2:$B$6,""Unknown"")",Quality,0,0
xl/worksheets/sheet2.xml,F514,,"VLOOKUP(D514,Lookup!$A$2:$B$4,2,FALSE())",0.05,0,0
xl/worksheets/sheet2.xml,G514,,"ROUND(E514*F514,2)",204.05,0,0
xl/worksheets/sheet2.xml,H514,,E514+G514,4285.05,0,0
xl/worksheets/sheet2.xml,J514,,"_xlfn.XLOOKUP(C514,Departments!$A$2:$A$6,Departments!$B$2:$B$6,""Unknown"")",Human Resources,0,0
xl/worksheets/sheet2.xml,F515,,"VLOOKUP(D515,Lookup!$A$2:$B$4,2,FALSE())",0.1,0,0
xl/worksheets/sheet2.xml,G515,,"ROUND(E515*F515,2)",411.8,0,0
xl/worksheets/sheet2.xml,H515,,E515+G515,4529.8,0,0
xl/worksheets/sheet2.xml,J515,,"_xlfn.XLOOKUP(C515,Departments!$A$2:$A$6,Departments!$B$2:$B$6,""Unknown"")",Technology,0,0
xl/worksheets/sheet2.xml,F516,,"VLOOKUP(D516,Lookup!$A$2:$B$4,2,FALSE())",0.15,0,0
xl/worksheets/sheet2.xml,G516,,"ROUND(E516*F516,2)",623.25,0,0
xl/worksheets/sheet2.xml,H516,,E516+G516,4778.25,0,0
xl/worksheets/sheet2.xml,J516,,"_xlfn.XLOOKUP(C516,Departments!$A$2:$A$6,Departments!$B$2:$B$6,""Unknown"")",Operations,0,0
xl/worksheets/sheet2.xml,F517,,"VLOOKUP(D517,Lookup!$A$2:$B$4,2,FALSE())",0.05,0,0
xl/worksheets/sheet2.xml,G517,,"ROUND(E517*F517,2)",209.6,0,0
xl/worksheets/sheet2.xml,H517,,E517+G517,4401.6,0,0
xl/worksheets/sheet2.xml,J517,,"_xlfn.XLOOKUP(C517,Departments!$A$2:$A$6,Departments!$B$2:$B$6,""Unknown"")",Finance,0,0
xl/worksheets/sheet2.xml,F518,,"VLOOKUP(D518,Lookup!$A$2:$B$4,2,FALSE())",0.1,0,0
xl/worksheets/sheet2.xml,G518,,"ROUND(E518*F518,2)",422.9,0,0
xl/worksheets/sheet2.xml,H518,,E518+G518,4651.9,0,0
xl/worksheets/sheet2.xml,J518,,"_xlfn.XLOOKUP(C518,Departments!$A$2:$A$6,Departments!$B$2:$B$6,""Unknown"")",Quality,0,0
xl/worksheets/sheet2.xml,F519,,"VLOOKUP(D519,Lookup!$A$2:$B$4,2,FALSE())",0.15,0,0
xl/worksheets/sheet2.xml,G519,,"ROUND(E519*F519,2)",639.9,0,0
xl/worksheets/sheet2.xml,H519,,E519+G519,4905.9,0,0
xl/worksheets/sheet2.xml,J519,,"_xlfn.XLOOKUP(C519,Departments!$A$2:$A$6,Departments!$B$2:$B$6,""Unknown"")",Human Resources,0,0
xl/worksheets/sheet2.xml,F520,,"VLOOKUP(D520,Lookup!$A$2:$B$4,2,FALSE())",0.05,0,0
xl/worksheets/sheet2.xml,G520,,"ROUND(E520*F520,2)",215.15,0,0
xl/worksheets/sheet2.xml,H520,,E520+G520,4518.15,0,0
xl/worksheets/sheet2.xml,J520,,"_xlfn.XLOOKUP(C520,Departments!$A$2:$A$6,Departments!$B$2:$B$6,""Unknown"")",Technology,0,0
xl/worksheets/sheet2.xml,F521,,"VLOOKUP(D521,Lookup!$A$2:$B$4,2,FALSE())",0.1,0,0
xl/worksheets/sheet2.xml,G521,,"ROUND(E521*F521,2)",434,0,0
xl/worksheets/sheet2.xml,H521,,E521+G521,4774,0,0
xl/worksheets/sheet2.xml,J521,,"_xlfn.XLOOKUP(C521,Departments!$A$2:$A$6,Departments!$B$2:$B$6,""Unknown"")",Operations,0,0
xl/worksheets/sheet2.xml,F522,,"VLOOKUP(D522,Lookup!$A$2:$B$4,2,FALSE())",0.15,0,0
xl/worksheets/sheet2.xml,G522,,"ROUND(E522*F522,2)",656.55,0,0
xl/worksheets/sheet2.xml,H522,,E522+G522,5033.55,0,0
xl/worksheets/sheet2.xml,J522,,"_xlfn.XLOOKUP(C522,Departments!$A$2:$A$6,Departments!$B$2:$B$6,""Unknown"")",Finance,0,0
xl/worksheets/sheet2.xml,F523,,"VLOOKUP(D523,Lookup!$A$2:$B$4,2,FALSE())",0.05,0,0
xl/worksheets/sheet2.xml,G523,,"ROUND(E523*F523,2)",220.7,0,0
xl/worksheets/sheet2.xml,H523,,E523+G523,4634.7,0,0
xl/worksheets/sheet2.xml,J523,,"_xlfn.XLOOKUP(C523,Departments!$A$2:$A$6,Departments!$B$2:$B$6,""Unknown"")",Quality,0,0
xl/worksheets/sheet2.xml,F524,,"VLOOKUP(D524,Lookup!$A$2:$B$4,2,FALSE())",0.1,0,0
xl/worksheets/sheet2.xml,G524,,"ROUND(E524*F524,2)",445.1,0,0
xl/worksheets/sheet2.xml,H524,,E524+G524,4896.1,0,0
xl/worksheets/sheet2.xml,J524,,"_xlfn.XLOOKUP(C524,Departments!$A$2:$A$6,Departments!$B$2:$B$6,""Unknown"")",Human Resources,0,0
xl/worksheets/sheet2.xml,F525,,"VLOOKUP(D525,Lookup!$A$2:$B$4,2,FALSE())",0.15,0,0
xl/worksheets/sheet2.xml,G525,,"ROUND(E525*F525,2)",673.2,0,0
xl/worksheets/sheet2.xml,H525,,E525+G525,5161.2,0,0
xl/worksheets/sheet2.xml,J525,,"_xlfn.XLOOKUP(C525,Departments!$A$2:$A$6,Departments!$B$2:$B$6,""Unknown"")",Technology,0,0
xl/worksheets/sheet2.xml,F526,,"VLOOKUP(D526,Lookup!$A$2:$B$4,2,FALSE())",0.05,0,0
xl/worksheets/sheet2.xml,G526,,"ROUND(E526*F526,2)",226.25,0,0
xl/worksheets/sheet2.xml,H526,,E526+G526,4751.25,0,0
xl/worksheets/sheet2.xml,J526,,"_xlfn.XLOOKUP(C526,Departments!$A$2:$A$6,Departments!$B$2:$B$6,""Unknown"")",Operations,0,0
xl/worksheets/sheet2.xml,F527,,"VLOOKUP(D527,Lookup!$A$2:$B$4,2,FALSE())",0.1,0,0
xl/worksheets/sheet2.xml,G527,,"ROUND(E527*F527,2)",456.2,0,0
xl/worksheets/sheet2.xml,H527,,E527+G527,5018.2,0,0
xl/worksheets/sheet2.xml,J527,,"_xlfn.XLOOKUP(C527,Departments!$A$2:$A$6,Departments!$B$2:$B$6,""Unknown"")",Finance,0,0
xl/worksheets/sheet2.xml,F528,,"VLOOKUP(D528,Lookup!$A$2:$B$4,2,FALSE())",0.15,0,0
xl/worksheets/sheet2.xml,G528,,"ROUND(E528*F528,2)",689.85,0,0
xl/worksheets/sheet2.xml,H528,,E528+G528,5288.85,0,0
xl/worksheets/sheet2.xml,J528,,"_xlfn.XLOOKUP(C528,Departments!$A$2:$A$6,Departments!$B$2:$B$6,""Unknown"")",Quality,0,0
xl/worksheets/sheet2.xml,F529,,"VLOOKUP(D529,Lookup!$A$2:$B$4,2,FALSE())",0.05,0,0
xl/worksheets/sheet2.xml,G529,,"ROUND(E529*F529,2)",231.8,0,0
xl/worksheets/sheet2.xml,H529,,E529+G529,4867.8,0,0
xl/worksheets/sheet2.xml,J529,,"_xlfn.XLOOKUP(C529,Departments!$A$2:$A$6,Departments!$B$2:$B$6,""Unknown"")",Human Resources,0,0
xl/worksheets/sheet2.xml,F530,,"VLOOKUP(D530,Lookup!$A$2:$B$4,2,FALSE())",0.1,0,0
xl/worksheets/sheet2.xml,G530,,"ROUND(E530*F530,2)",467.3,0,0
xl/worksheets/sheet2.xml,H530,,E530+G530,5140.3,0,0
xl/worksheets/sheet2.xml,J530,,"_xlfn.XLOOKUP(C530,Departments!$A$2:$A$6,Departments!$B$2:$B$6,""Unknown"")",Technology,0,0
xl/worksheets/sheet2.xml,F531,,"VLOOKUP(D531,Lookup!$A$2:$B$4,2,FALSE())",0.15,0,0
xl/worksheets/sheet2.xml,G531,,"ROUND(E531*F531,2)",706.5,0,0
xl/worksheets/sheet2.xml,H531,,E531+G531,5416.5,0,0
xl/worksheets/sheet2.xml,J531,,"_xlfn.XLOOKUP(C531,Departments!$A$2:$A$6,Departments!$B$2:$B$6,""Unknown"")",Operations,0,0
xl/worksheets/sheet2.xml,F532,,"VLOOKUP(D532,Lookup!$A$2:$B$4,2,FALSE())",0.05,0,0
xl/worksheets/sheet2.xml,G532,,"ROUND(E532*F532,2)",237.35,0,0
xl/worksheets/sheet2.xml,H532,,E532+G532,4984.35,0,0
xl/worksheets/sheet2.xml,J532,,"_xlfn.XLOOKUP(C532,Departments!$A$2:$A$6,Departments!$B$2:$B$6,""Unknown"")",Finance,0,0
xl/worksheets/sheet2.xml,F533,,"VLOOKUP(D533,Lookup!$A$2:$B$4,2,FALSE())",0.1,0,0
xl/worksheets/sheet2.xml,G533,,"ROUND(E533*F533,2)",478.4,0,0
xl/worksheets/sheet2.xml,H533,,E533+G533,5262.4,0,0
xl/worksheets/sheet2.xml,J533,,"_xlfn.XLOOKUP(C533,Departments!$A$2:$A$6,Departments!$B$2:$B$6,""Unknown"")",Quality,0,0
xl/worksheets/sheet2.xml,F534,,"VLOOKUP(D534,Lookup!$A$2:$B$4,2,FALSE())",0.15,0,0
xl/worksheets/sheet2.xml,G534,,"ROUND(E534*F534,2)",723.15,0,0
xl/worksheets/sheet2.xml,H534,,E534+G534,5544.15,0,0
xl/worksheets/sheet2.xml,J534,,"_xlfn.XLOOKUP(C534,Departments!$A$2:$A$6,Departments!$B$2:$B$6,""Unknown"")",Human Resources,0,0
xl/worksheets/sheet2.xml,F535,,"VLOOKUP(D535,Lookup!$A$2:$B$4,2,FALSE())",0.05,0,0
xl/worksheets/sheet2.xml,G535,,"ROUND(E535*F535,2)",242.9,0,0
xl/worksheets/sheet2.xml,H535,,E535+G535,5100.9,0,0
xl/worksheets/sheet2.xml,J535,,"_xlfn.XLOOKUP(C535,Departments!$A$2:$A$6,Departments!$B$2:$B$6,""Unknown"")",Technology,0,0
xl/worksheets/sheet2.xml,F536,,"VLOOKUP(D536,Lookup!$A$2:$B$4,2,FALSE())",0.1,0,0
xl/worksheets/sheet2.xml,G536,,"ROUND(E536*F536,2)",489.5,0,0
xl/worksheets/sheet2.xml,H536,,E536+G536,5384.5,0,0
xl/worksheets/sheet2.xml,J536,,"_xlfn.XLOOKUP(C536,Departments!$A$2:$A$6,Departments!$B$2:$B$6,""Unknown"")",Operations,0,0
xl/worksheets/sheet2.xml,F537,,"VLOOKUP(D537,Lookup!$A$2:$B$4,2,FALSE())",0.15,0,0
xl/worksheets/sheet2.xml,G537,,"ROUND(E537*F537,2)",739.8,0,0
xl/worksheets/sheet2.xml,H537,,E537+G537,5671.8,0,0
xl/worksheets/sheet2.xml,J537,,"_xlfn.XLOOKUP(C537,Departments!$A$2:$A$6,Departments!$B$2:$B$6,""Unknown"")",Finance,0,0
xl/worksheets/sheet2.xml,F538,,"VLOOKUP(D538,Lookup!$A$2:$B$4,2,FALSE())",0.05,0,0
xl/worksheets/sheet2.xml,G538,,"ROUND(E538*F538,2)",248.45,0,0
xl/worksheets/sheet2.xml,H538,,E538+G538,5217.45,0,0
xl/worksheets/sheet2.xml,J538,,"_xlfn.XLOOKUP(C538,Departments!$A$2:$A$6,Departments!$B$2:$B$6,""Unknown"")",Quality,0,0
xl/worksheets/sheet2.xml,F539,,"VLOOKUP(D539,Lookup!$A$2:$B$4,2,FALSE())",0.1,0,0
xl/worksheets/sheet2.xml,G539,,"ROUND(E539*F539,2)",500.6,0,0
xl/worksheets/sheet2.xml,H539,,E539+G539,5506.6,0,0
xl/worksheets/sheet2.xml,J539,,"_xlfn.XLOOKUP(C539,Departments!$A$2:$A$6,Departments!$B$2:$B$6,""Unknown"")",Human Resources,0,0
xl/worksheets/sheet2.xml,F540,,"VLOOKUP(D540,Lookup!$A$2:$B$4,2,FALSE())",0.15,0,0
xl/worksheets/sheet2.xml,G540,,"ROUND(E540*F540,2)",756.45,0,0
xl/worksheets/sheet2.xml,H540,,E540+G540,5799.45,0,0
xl/worksheets/sheet2.xml,J540,,"_xlfn.XLOOKUP(C540,Departments!$A$2:$A$6,Departments!$B$2:$B$6,""Unknown"")",Technology,0,0
xl/worksheets/sheet2.xml,F541,,"VLOOKUP(D541,Lookup!$A$2:$B$4,2,FALSE())",0.05,0,0
xl/worksheets/sheet2.xml,G541,,"ROUND(E541*F541,2)",254,0,0
xl/worksheets/sheet2.xml,H541,,E541+G541,5334,0,0
xl/worksheets/sheet2.xml,J541,,"_xlfn.XLOOKUP(C541,Departments!$A$2:$A$6,Departments!$B$2:$B$6,""Unknown"")",Operations,0,0
xl/worksheets/sheet2.xml,F542,,"VLOOKUP(D542,Lookup!$A$2:$B$4,2,FALSE())",0.1,0,0
xl/worksheets/sheet2.xml,G542,,"ROUND(E542*F542,2)",11.7,0,0
xl/worksheets/sheet2.xml,H542,,E542+G542,128.7,0,0
xl/worksheets/sheet2.xml,J542,,"_xlfn.XLOOKUP(C542,Departments!$A$2:$A$6,Departments!$B$2:$B$6,""Unknown"")",Finance,0,0
xl/worksheets/sheet2.xml,F543,,"VLOOKUP(D543,Lookup!$A$2:$B$4,2,FALSE())",0.15,0,0
xl/worksheets/sheet2.xml,G543,,"ROUND(E543*F543,2)",23.1,0,0
xl/worksheets/sheet2.xml,H543,,E543+G543,177.1,0,0
xl/worksheets/sheet2.xml,J543,,"_xlfn.XLOOKUP(C543,Departments!$A$2:$A$6,Departments!$B$2:$B$6,""Unknown"")",Quality,0,0
xl/worksheets/sheet2.xml,F544,,"VLOOKUP(D544,Lookup!$A$2:$B$4,2,FALSE())",0.05,0,0
xl/worksheets/sheet2.xml,G544,,"ROUND(E544*F544,2)",9.55,0,0
xl/worksheets/sheet2.xml,H544,,E544+G544,200.55,0,0
xl/worksheets/sheet2.xml,J544,,"_xlfn.XLOOKUP(C544,Departments!$A$2:$A$6,Departments!$B$2:$B$6,""Unknown"")",Human Resources,0,0
xl/worksheets/sheet2.xml,F545,,"VLOOKUP(D545,Lookup!$A$2:$B$4,2,FALSE())",0.1,0,0
xl/worksheets/sheet2.xml,G545,,"ROUND(E545*F545,2)",22.8,0,0
xl/worksheets/sheet2.xml,H545,,E545+G545,250.8,0,0
xl/worksheets/sheet2.xml,J545,,"_xlfn.XLOOKUP(C545,Departments!$A$2:$A$6,Departments!$B$2:$B$6,""Unknown"")",Technology,0,0
xl/worksheets/sheet2.xml,F546,,"VLOOKUP(D546,Lookup!$A$2:$B$4,2,FALSE())",0.15,0,0
xl/worksheets/sheet2.xml,G546,,"ROUND(E546*F546,2)",39.75,0,0
xl/worksheets/sheet2.xml,H546,,E546+G546,304.75,0,0
xl/worksheets/sheet2.xml,J546,,"_xlfn.XLOOKUP(C546,Departments!$A$2:$A$6,Departments!$B$2:$B$6,""Unknown"")",Operations,0,0
xl/worksheets/sheet2.xml,F547,,"VLOOKUP(D547,Lookup!$A$2:$B$4,2,FALSE())",0.05,0,0
xl/worksheets/sheet2.xml,G547,,"ROUND(E547*F547,2)",15.1,0,0
xl/worksheets/sheet2.xml,H547,,E547+G547,317.1,0,0
xl/worksheets/sheet2.xml,J547,,"_xlfn.XLOOKUP(C547,Departments!$A$2:$A$6,Departments!$B$2:$B$6,""Unknown"")",Finance,0,0
xl/worksheets/sheet2.xml,F548,,"VLOOKUP(D548,Lookup!$A$2:$B$4,2,FALSE())",0.1,0,0
xl/worksheets/sheet2.xml,G548,,"ROUND(E548*F548,2)",33.9,0,0
xl/worksheets/sheet2.xml,H548,,E548+G548,372.9,0,0
xl/worksheets/sheet2.xml,J548,,"_xlfn.XLOOKUP(C548,Departments!$A$2:$A$6,Departments!$B$2:$B$6,""Unknown"")",Quality,0,0
xl/worksheets/sheet2.xml,F549,,"VLOOKUP(D549,Lookup!$A$2:$B$4,2,FALSE())",0.15,0,0
xl/worksheets/sheet2.xml,G549,,"ROUND(E549*F549,2)",56.4,0,0
xl/worksheets/sheet2.xml,H549,,E549+G549,432.4,0,0
xl/worksheets/sheet2.xml,J549,,"_xlfn.XLOOKUP(C549,Departments!$A$2:$A$6,Departments!$B$2:$B$6,""Unknown"")",Human Resources,0,0
xl/worksheets/sheet2.xml,F550,,"VLOOKUP(D550,Lookup!$A$2:$B$4,2,FALSE())",0.05,0,0
xl/worksheets/sheet2.xml,G550,,"ROUND(E550*F550,2)",20.65,0,0
xl/worksheets/sheet2.xml,H550,,E550+G550,433.65,0,0
xl/worksheets/sheet2.xml,J550,,"_xlfn.XLOOKUP(C550,Departments!$A$2:$A$6,Departments!$B$2:$B$6,""Unknown"")",Technology,0,0
xl/worksheets/sheet2.xml,F551,,"VLOOKUP(D551,Lookup!$A$2:$B$4,2,FALSE())",0.1,0,0
xl/worksheets/sheet2.xml,G551,,"ROUND(E551*F551,2)",45,0,0
xl/worksheets/sheet2.xml,H551,,E551+G551,495,0,0
xl/worksheets/sheet2.xml,J551,,"_xlfn.XLOOKUP(C551,Departments!$A$2:$A$6,Departments!$B$2:$B$6,""Unknown"")",Operations,0,0
xl/worksheets/sheet2.xml,F552,,"VLOOKUP(D552,Lookup!$A$2:$B$4,2,FALSE())",0.15,0,0
xl/worksheets/sheet2.xml,G552,,"ROUND(E552*F552,2)",73.05,0,0
xl/worksheets/sheet2.xml,H552,,E552+G552,560.05,0,0
xl/worksheets/sheet2.xml,J552,,"_xlfn.XLOOKUP(C552,Departments!$A$2:$A$6,Departments!$B$2:$B$6,""Unknown"")",Finance,0,0
xl/worksheets/sheet2.xml,F553,,"VLOOKUP(D553,Lookup!$A$2:$B$4,2,FALSE())",0.05,0,0
xl/worksheets/sheet2.xml,G553,,"ROUND(E553*F553,2)",26.2,0,0
xl/worksheets/sheet2.xml,H553,,E553+G553,550.2,0,0
xl/worksheets/sheet2.xml,J553,,"_xlfn.XLOOKUP(C553,Departments!$A$2:$A$6,Departments!$B$2:$B$6,""Unknown"")",Quality,0,0
xl/worksheets/sheet2.xml,F554,,"VLOOKUP(D554,Lookup!$A$2:$B$4,2,FALSE())",0.1,0,0
xl/worksheets/sheet2.xml,G554,,"ROUND(E554*F554,2)",56.1,0,0
xl/worksheets/sheet2.xml,H554,,E554+G554,617.1,0,0
xl/worksheets/sheet2.xml,J554,,"_xlfn.XLOOKUP(C554,Departments!$A$2:$A$6,Departments!$B$2:$B$6,""Unknown"")",Human Resources,0,0
xl/worksheets/sheet2.xml,F555,,"VLOOKUP(D555,Lookup!$A$2:$B$4,2,FALSE())",0.15,0,0
xl/worksheets/sheet2.xml,G555,,"ROUND(E555*F555,2)",89.7,0,0
xl/worksheets/sheet2.xml,H555,,E555+G555,687.7,0,0
xl/worksheets/sheet2.xml,J555,,"_xlfn.XLOOKUP(C555,Departments!$A$2:$A$6,Departments!$B$2:$B$6,""Unknown"")",Technology,0,0
xl/worksheets/sheet2.xml,F556,,"VLOOKUP(D556,Lookup!$A$2:$B$4,2,FALSE())",0.05,0,0
xl/worksheets/sheet2.xml,G556,,"ROUND(E556*F556,2)",31.75,0,0
xl/worksheets/sheet2.xml,H556,,E556+G556,666.75,0,0
xl/worksheets/sheet2.xml,J556,,"_xlfn.XLOOKUP(C556,Departments!$A$2:$A$6,Departments!$B$2:$B$6,""Unknown"")",Operations,0,0
xl/worksheets/sheet2.xml,F557,,"VLOOKUP(D557,Lookup!$A$2:$B$4,2,FALSE())",0.1,0,0
xl/worksheets/sheet2.xml,G557,,"ROUND(E557*F557,2)",67.2,0,0
xl/worksheets/sheet2.xml,H557,,E557+G557,739.2,0,0
xl/worksheets/sheet2.xml,J557,,"_xlfn.XLOOKUP(C557,Departments!$A$2:$A$6,Departments!$B$2:$B$6,""Unknown"")",Finance,0,0
xl/worksheets/sheet2.xml,F558,,"VLOOKUP(D558,Lookup!$A$2:$B$4,2,FALSE())",0.15,0,0
xl/worksheets/sheet2.xml,G558,,"ROUND(E558*F558,2)",106.35,0,0
xl/worksheets/sheet2.xml,H558,,E558+G558,815.35,0,0
xl/worksheets/sheet2.xml,J558,,"_xlfn.XLOOKUP(C558,Departments!$A$2:$A$6,Departments!$B$2:$B$6,""Unknown"")",Quality,0,0
xl/worksheets/sheet2.xml,F559,,"VLOOKUP(D559,Lookup!$A$2:$B$4,2,FALSE())",0.05,0,0
xl/worksheets/sheet2.xml,G559,,"ROUND(E559*F559,2)",37.3,0,0
xl/worksheets/sheet2.xml,H559,,E559+G559,783.3,0,0
xl/worksheets/sheet2.xml,J559,,"_xlfn.XLOOKUP(C559,Departments!$A$2:$A$6,Departments!$B$2:$B$6,""Unknown"")",Human Resources,0,0
xl/worksheets/sheet2.xml,F560,,"VLOOKUP(D560,Lookup!$A$2:$B$4,2,FALSE())",0.1,0,0
xl/worksheets/sheet2.xml,G560,,"ROUND(E560*F560,2)",78.3,0,0
xl/worksheets/sheet2.xml,H560,,E560+G560,861.3,0,0
xl/worksheets/sheet2.xml,J560,,"_xlfn.XLOOKUP(C560,Departments!$A$2:$A$6,Departments!$B$2:$B$6,""Unknown"")",Technology,0,0
xl/worksheets/sheet2.xml,F561,,"VLOOKUP(D561,Lookup!$A$2:$B$4,2,FALSE())",0.15,0,0
xl/worksheets/sheet2.xml,G561,,"ROUND(E561*F561,2)",123,0,0
xl/worksheets/sheet2.xml,H561,,E561+G561,943,0,0
xl/worksheets/sheet2.xml,J561,,"_xlfn.XLOOKUP(C561,Departments!$A$2:$A$6,Departments!$B$2:$B$6,""Unknown"")",Operations,0,0
xl/worksheets/sheet2.xml,F562,,"VLOOKUP(D562,Lookup!$A$2:$B$4,2,FALSE())",0.05,0,0
xl/worksheets/sheet2.xml,G562,,"ROUND(E562*F562,2)",42.85,0,0
xl/worksheets/sheet2.xml,H562,,E562+G562,899.85,0,0
xl/worksheets/sheet2.xml,J562,,"_xlfn.XLOOKUP(C562,Departments!$A$2:$A$6,Departments!$B$2:$B$6,""Unknown"")",Finance,0,0
xl/worksheets/sheet2.xml,F563,,"VLOOKUP(D563,Lookup!$A$2:$B$4,2,FALSE())",0.1,0,0
xl/worksheets/sheet2.xml,G563,,"ROUND(E563*F563,2)",89.4,0,0
xl/worksheets/sheet2.xml,H563,,E563+G563,983.4,0,0
xl/worksheets/sheet2.xml,J563,,"_xlfn.XLOOKUP(C563,Departments!$A$2:$A$6,Departments!$B$2:$B$6,""Unknown"")",Quality,0,0
xl/worksheets/sheet2.xml,F564,,"VLOOKUP(D564,Lookup!$A$2:$B$4,2,FALSE())",0.15,0,0
xl/worksheets/sheet2.xml,G564,,"ROUND(E564*F564,2)",139.65,0,0
xl/worksheets/sheet2.xml,H564,,E564+G564,1070.65,0,0
xl/worksheets/sheet2.xml,J564,,"_xlfn.XLOOKUP(C564,Departments!$A$2:$A$6,Departments!$B$2:$B$6,""Unknown"")",Human Resources,0,0
xl/worksheets/sheet2.xml,F565,,"VLOOKUP(D565,Lookup!$A$2:$B$4,2,FALSE())",0.05,0,0
xl/worksheets/sheet2.xml,G565,,"ROUND(E565*F565,2)",48.4,0,0
xl/worksheets/sheet2.xml,H565,,E565+G565,1016.4,0,0
xl/worksheets/sheet2.xml,J565,,"_xlfn.XLOOKUP(C565,Departments!$A$2:$A$6,Departments!$B$2:$B$6,""Unknown"")",Technology,0,0
xl/worksheets/sheet2.xml,F566,,"VLOOKUP(D566,Lookup!$A$2:$B$4,2,FALSE())",0.1,0,0
xl/worksheets/sheet2.xml,G566,,"ROUND(E566*F566,2)",100.5,0,0
xl/worksheets/sheet2.xml,H566,,E566+G566,1105.5,0,0
xl/worksheets/sheet2.xml,J566,,"_xlfn.XLOOKUP(C566,Departments!$A$2:$A$6,Departments!$B$2:$B$6,""Unknown"")",Operations,0,0
xl/worksheets/sheet2.xml,F567,,"VLOOKUP(D567,Lookup!$A$2:$B$4,2,FALSE())",0.15,0,0
xl/worksheets/sheet2.xml,G567,,"ROUND(E567*F567,2)",156.3,0,0
xl/worksheets/sheet2.xml,H567,,E567+G567,1198.3,0,0
xl/worksheets/sheet2.xml,J567,,"_xlfn.XLOOKUP(C567,Departments!$A$2:$A$6,Departments!$B$2:$B$6,""Unknown"")",Finance,0,0
xl/worksheets/sheet2.xml,F568,,"VLOOKUP(D568,Lookup!$A$2:$B$4,2,FALSE())",0.05,0,0
xl/worksheets/sheet2.xml,G568,,"ROUND(E568*F568,2)",53.95,0,0
xl/worksheets/sheet2.xml,H568,,E568+G568,1132.95,0,0
xl/worksheets/sheet2.xml,J568,,"_xlfn.XLOOKUP(C568,Departments!$A$2:$A$6,Departments!$B$2:$B$6,""Unknown"")",Quality,0,0
xl/worksheets/sheet2.xml,F569,,"VLOOKUP(D569,Lookup!$A$2:$B$4,2,FALSE())",0.1,0,0
xl/worksheets/sheet2.xml,G569,,"ROUND(E569*F569,2)",111.6,0,0
xl/worksheets/sheet2.xml,H569,,E569+G569,1227.6,0,0
xl/worksheets/sheet2.xml,J569,,"_xlfn.XLOOKUP(C569,Departments!$A$2:$A$6,Departments!$B$2:$B$6,""Unknown"")",Human Resources,0,0
xl/worksheets/sheet2.xml,F570,,"VLOOKUP(D570,Lookup!$A$2:$B$4,2,FALSE())",0.15,0,0
xl/worksheets/sheet2.xml,G570,,"ROUND(E570*F570,2)",172.95,0,0
xl/worksheets/sheet2.xml,H570,,E570+G570,1325.95,0,0
xl/worksheets/sheet2.xml,J570,,"_xlfn.XLOOKUP(C570,Departments!$A$2:$A$6,Departments!$B$2:$B$6,""Unknown"")",Technology,0,0
xl/worksheets/sheet2.xml,F571,,"VLOOKUP(D571,Lookup!$A$2:$B$4,2,FALSE())",0.05,0,0
xl/worksheets/sheet2.xml,G571,,"ROUND(E571*F571,2)",59.5,0,0
xl/worksheets/sheet2.xml,H571,,E571+G571,1249.5,0,0
xl/worksheets/sheet2.xml,J571,,"_xlfn.XLOOKUP(C571,Departments!$A$2:$A$6,Departments!$B$2:$B$6,""Unknown"")",Operations,0,0
xl/worksheets/sheet2.xml,F572,,"VLOOKUP(D572,Lookup!$A$2:$B$4,2,FALSE())",0.1,0,0
xl/worksheets/sheet2.xml,G572,,"ROUND(E572*F572,2)",122.7,0,0
xl/worksheets/sheet2.xml,H572,,E572+G572,1349.7,0,0
xl/worksheets/sheet2.xml,J572,,"_xlfn.XLOOKUP(C572,Departments!$A$2:$A$6,Departments!$B$2:$B$6,""Unknown"")",Finance,0,0
xl/worksheets/sheet2.xml,F573,,"VLOOKUP(D573,Lookup!$A$2:$B$4,2,FALSE())",0.15,0,0
xl/worksheets/sheet2.xml,G573,,"ROUND(E573*F573,2)",189.6,0,0
xl/worksheets/sheet2.xml,H573,,E573+G573,1453.6,0,0
xl/worksheets/sheet2.xml,J573,,"_xlfn.XLOOKUP(C573,Departments!$A$2:$A$6,Departments!$B$2:$B$6,""Unknown"")",Quality,0,0
xl/worksheets/sheet2.xml,F574,,"VLOOKUP(D574,Lookup!$A$2:$B$4,2,FALSE())",0.05,0,0
xl/worksheets/sheet2.xml,G574,,"ROUND(E574*F574,2)",65.05,0,0
xl/worksheets/sheet2.xml,H574,,E574+G574,1366.05,0,0
xl/worksheets/sheet2.xml,J574,,"_xlfn.XLOOKUP(C574,Departments!$A$2:$A$6,Departments!$B$2:$B$6,""Unknown"")",Human Resources,0,0
xl/worksheets/sheet2.xml,F575,,"VLOOKUP(D575,Lookup!$A$2:$B$4,2,FALSE())",0.1,0,0
xl/worksheets/sheet2.xml,G575,,"ROUND(E575*F575,2)",133.8,0,0
xl/worksheets/sheet2.xml,H575,,E575+G575,1471.8,0,0
xl/worksheets/sheet2.xml,J575,,"_xlfn.XLOOKUP(C575,Departments!$A$2:$A$6,Departments!$B$2:$B$6,""Unknown"")",Technology,0,0
xl/worksheets/sheet2.xml,F576,,"VLOOKUP(D576,Lookup!$A$2:$B$4,2,FALSE())",0.15,0,0
xl/worksheets/sheet2.xml,G576,,"ROUND(E576*F576,2)",206.25,0,0
xl/worksheets/sheet2.xml,H576,,E576+G576,1581.25,0,0
xl/worksheets/sheet2.xml,J576,,"_xlfn.XLOOKUP(C576,Departments!$A$2:$A$6,Departments!$B$2:$B$6,""Unknown"")",Operations,0,0
xl/worksheets/sheet2.xml,F577,,"VLOOKUP(D577,Lookup!$A$2:$B$4,2,FALSE())",0.05,0,0
xl/worksheets/sheet2.xml,G577,,"ROUND(E577*F577,2)",70.6,0,0
xl/worksheets/sheet2.xml,H577,,E577+G577,1482.6,0,0
xl/worksheets/sheet2.xml,J577,,"_xlfn.XLOOKUP(C577,Departments!$A$2:$A$6,Departments!$B$2:$B$6,""Unknown"")",Finance,0,0
xl/worksheets/sheet2.xml,F578,,"VLOOKUP(D578,Lookup!$A$2:$B$4,2,FALSE())",0.1,0,0
xl/worksheets/sheet2.xml,G578,,"ROUND(E578*F578,2)",144.9,0,0
xl/worksheets/sheet2.xml,H578,,E578+G578,1593.9,0,0
xl/worksheets/sheet2.xml,J578,,"_xlfn.XLOOKUP(C578,Departments!$A$2:$A$6,Departments!$B$2:$B$6,""Unknown"")",Quality,0,0
xl/worksheets/sheet2.xml,F579,,"VLOOKUP(D579,Lookup!$A$2:$B$4,2,FALSE())",0.15,0,0
xl/worksheets/sheet2.xml,G579,,"ROUND(E579*F579,2)",222.9,0,0
xl/worksheets/sheet2.xml,H579,,E579+G579,1708.9,0,0
xl/worksheets/sheet2.xml,J579,,"_xlfn.XLOOKUP(C579,Departments!$A$2:$A$6,Departments!$B$2:$B$6,""Unknown"")",Human Resources,0,0
xl/worksheets/sheet2.xml,F580,,"VLOOKUP(D580,Lookup!$A$2:$B$4,2,FALSE())",0.05,0,0
xl/worksheets/sheet2.xml,G580,,"ROUND(E580*F580,2)",76.15,0,0
xl/worksheets/sheet2.xml,H580,,E580+G580,1599.15,0,0
xl/worksheets/sheet2.xml,J580,,"_xlfn.XLOOKUP(C580,Departments!$A$2:$A$6,Departments!$B$2:$B$6,""Unknown"")",Technology,0,0
xl/worksheets/sheet2.xml,F581,,"VLOOKUP(D581,Lookup!$A$2:$B$4,2,FALSE())",0.1,0,0
xl/worksheets/sheet2.xml,G581,,"ROUND(E581*F581,2)",156,0,0
xl/worksheets/sheet2.xml,H581,,E581+G581,1716,0,0
xl/worksheets/sheet2.xml,J581,,"_xlfn.XLOOKUP(C581,Departments!$A$2:$A$6,Departments!$B$2:$B$6,""Unknown"")",Operations,0,0
xl/worksheets/sheet2.xml,F582,,"VLOOKUP(D582,Lookup!$A$2:$B$4,2,FALSE())",0.15,0,0
xl/worksheets/sheet2.xml,G582,,"ROUND(E582*F582,2)",239.55,0,0
xl/worksheets/sheet2.xml,H582,,E582+G582,1836.55,0,0
xl/worksheets/sheet2.xml,J582,,"_xlfn.XLOOKUP(C582,Departments!$A$2:$A$6,Departments!$B$2:$B$6,""Unknown"")",Finance,0,0
xl/worksheets/sheet2.xml,F583,,"VLOOKUP(D583,Lookup!$A$2:$B$4,2,FALSE())",0.05,0,0
xl/worksheets/sheet2.xml,G583,,"ROUND(E583*F583,2)",81.7,0,0
xl/worksheets/sheet2.xml,H583,,E583+G583,1715.7,0,0
xl/worksheets/sheet2.xml,J583,,"_xlfn.XLOOKUP(C583,Departments!$A$2:$A$6,Departments!$B$2:$B$6,""Unknown"")",Quality,0,0
xl/worksheets/sheet2.xml,F584,,"VLOOKUP(D584,Lookup!$A$2:$B$4,2,FALSE())",0.1,0,0
xl/worksheets/sheet2.xml,G584,,"ROUND(E584*F584,2)",167.1,0,0
xl/worksheets/sheet2.xml,H584,,E584+G584,1838.1,0,0
xl/worksheets/sheet2.xml,J584,,"_xlfn.XLOOKUP(C584,Departments!$A$2:$A$6,Departments!$B$2:$B$6,""Unknown"")",Human Resources,0,0
xl/worksheets/sheet2.xml,F585,,"VLOOKUP(D585,Lookup!$A$2:$B$4,2,FALSE())",0.15,0,0
xl/worksheets/sheet2.xml,G585,,"ROUND(E585*F585,2)",256.2,0,0
xl/worksheets/sheet2.xml,H585,,E585+G585,1964.2,0,0
xl/worksheets/sheet2.xml,J585,,"_xlfn.XLOOKUP(C585,Departments!$A$2:$A$6,Departments!$B$2:$B$6,""Unknown"")",Technology,0,0
xl/worksheets/sheet2.xml,F586,,"VLOOKUP(D586,Lookup!$A$2:$B$4,2,FALSE())",0.05,0,0
xl/worksheets/sheet2.xml,G586,,"ROUND(E586*F586,2)",87.25,0,0
xl/worksheets/sheet2.xml,H586,,E586+G586,1832.25,0,0
xl/worksheets/sheet2.xml,J586,,"_xlfn.XLOOKUP(C586,Departments!$A$2:$A$6,Departments!$B$2:$B$6,""Unknown"")",Operations,0,0
xl/worksheets/sheet2.xml,F587,,"VLOOKUP(D587,Lookup!$A$2:$B$4,2,FALSE())",0.1,0,0
xl/worksheets/sheet2.xml,G587,,"ROUND(E587*F587,2)",178.2,0,0
xl/worksheets/sheet2.xml,H587,,E587+G587,1960.2,0,0
xl/worksheets/sheet2.xml,J587,,"_xlfn.XLOOKUP(C587,Departments!$A$2:$A$6,Departments!$B$2:$B$6,""Unknown"")",Finance,0,0
xl/worksheets/sheet2.xml,F588,,"VLOOKUP(D588,Lookup!$A$2:$B$4,2,FALSE())",0.15,0,0
xl/worksheets/sheet2.xml,G588,,"ROUND(E588*F588,2)",272.85,0,0
xl/worksheets/sheet2.xml,H588,,E588+G588,2091.85,0,0
xl/worksheets/sheet2.xml,J588,,"_xlfn.XLOOKUP(C588,Departments!$A$2:$A$6,Departments!$B$2:$B$6,""Unknown"")",Quality,0,0
xl/worksheets/sheet2.xml,F589,,"VLOOKUP(D589,Lookup!$A$2:$B$4,2,FALSE())",0.05,0,0
xl/worksheets/sheet2.xml,G589,,"ROUND(E589*F589,2)",92.8,0,0
xl/worksheets/sheet2.xml,H589,,E589+G589,1948.8,0,0
xl/worksheets/sheet2.xml,J589,,"_xlfn.XLOOKUP(C589,Departments!$A$2:$A$6,Departments!$B$2:$B$6,""Unknown"")",Human Resources,0,0
xl/worksheets/sheet2.xml,F590,,"VLOOKUP(D590,Lookup!$A$2:$B$4,2,FALSE())",0.1,0,0
xl/worksheets/sheet2.xml,G590,,"ROUND(E590*F590,2)",189.3,0,0
xl/worksheets/sheet2.xml,H590,,E590+G590,2082.3,0,0
xl/worksheets/sheet2.xml,J590,,"_xlfn.XLOOKUP(C590,Departments!$A$2:$A$6,Departments!$B$2:$B$6,""Unknown"")",Technology,0,0
xl/worksheets/sheet2.xml,F591,,"VLOOKUP(D591,Lookup!$A$2:$B$4,2,FALSE())",0.15,0,0
xl/worksheets/sheet2.xml,G591,,"ROUND(E591*F591,2)",289.5,0,0
xl/worksheets/sheet2.xml,H591,,E591+G591,2219.5,0,0
xl/worksheets/sheet2.xml,J591,,"_xlfn.XLOOKUP(C591,Departments!$A$2:$A$6,Departments!$B$2:$B$6,""Unknown"")",Operations,0,0
xl/worksheets/sheet2.xml,F592,,"VLOOKUP(D592,Lookup!$A$2:$B$4,2,FALSE())",0.05,0,0
xl/worksheets/sheet2.xml,G592,,"ROUND(E592*F592,2)",98.35,0,0
xl/worksheets/sheet2.xml,H592,,E592+G592,2065.35,0,0
xl/worksheets/sheet2.xml,J592,,"_xlfn.XLOOKUP(C592,Departments!$A$2:$A$6,Departments!$B$2:$B$6,""Unknown"")",Finance,0,0
xl/worksheets/sheet2.xml,F593,,"VLOOKUP(D593,Lookup!$A$2:$B$4,2,FALSE())",0.1,0,0
xl/worksheets/sheet2.xml,G593,,"ROUND(E593*F593,2)",200.4,0,0
xl/worksheets/sheet2.xml,H593,,E593+G593,2204.4,0,0
xl/worksheets/sheet2.xml,J593,,"_xlfn.XLOOKUP(C593,Departments!$A$2:$A$6,Departments!$B$2:$B$6,""Unknown"")",Quality,0,0
xl/worksheets/sheet2.xml,F594,,"VLOOKUP(D594,Lookup!$A$2:$B$4,2,FALSE())",0.15,0,0
xl/worksheets/sheet2.xml,G594,,"ROUND(E594*F594,2)",306.15,0,0
xl/worksheets/sheet2.xml,H594,,E594+G594,2347.15,0,0
xl/worksheets/sheet2.xml,J594,,"_xlfn.XLOOKUP(C594,Departments!$A$2:$A$6,Departments!$B$2:$B$6,""Unknown"")",Human Resources,0,0
xl/worksheets/sheet2.xml,F595,,"VLOOKUP(D595,Lookup!$A$2:$B$4,2,FALSE())",0.05,0,0
xl/worksheets/sheet2.xml,G595,,"ROUND(E595*F595,2)",103.9,0,0
xl/worksheets/sheet2.xml,H595,,E595+G595,2181.9,0,0
xl/worksheets/sheet2.xml,J595,,"_xlfn.XLOOKUP(C595,Departments!$A$2:$A$6,Departments!$B$2:$B$6,""Unknown"")",Technology,0,0
xl/worksheets/sheet2.xml,F596,,"VLOOKUP(D596,Lookup!$A$2:$B$4,2,FALSE())",0.1,0,0
xl/worksheets/sheet2.xml,G596,,"ROUND(E596*F596,2)",211.5,0,0
xl/worksheets/sheet2.xml,H596,,E596+G596,2326.5,0,0
xl/worksheets/sheet2.xml,J596,,"_xlfn.XLOOKUP(C596,Departments!$A$2:$A$6,Departments!$B$2:$B$6,""Unknown"")",Operations,0,0
xl/worksheets/sheet2.xml,F597,,"VLOOKUP(D597,Lookup!$A$2:$B$4,2,FALSE())",0.15,0,0
xl/worksheets/sheet2.xml,G597,,"ROUND(E597*F597,2)",322.8,0,0
xl/worksheets/sheet2.xml,H597,,E597+G597,2474.8,0,0
xl/worksheets/sheet2.xml,J597,,"_xlfn.XLOOKUP(C597,Departments!$A$2:$A$6,Departments!$B$2:$B$6,""Unknown"")",Finance,0,0
xl/worksheets/sheet2.xml,F598,,"VLOOKUP(D598,Lookup!$A$2:$B$4,2,FALSE())",0.05,0,0
xl/worksheets/sheet2.xml,G598,,"ROUND(E598*F598,2)",109.45,0,0
xl/worksheets/sheet2.xml,H598,,E598+G598,2298.45,0,0
xl/worksheets/sheet2.xml,J598,,"_xlfn.XLOOKUP(C598,Departments!$A$2:$A$6,Departments!$B$2:$B$6,""Unknown"")",Quality,0,0
xl/worksheets/sheet2.xml,F599,,"VLOOKUP(D599,Lookup!$A$2:$B$4,2,FALSE())",0.1,0,0
xl/worksheets/sheet2.xml,G599,,"ROUND(E599*F599,2)",222.6,0,0
xl/worksheets/sheet2.xml,H599,,E599+G599,2448.6,0,0
xl/worksheets/sheet2.xml,J599,,"_xlfn.XLOOKUP(C599,Departments!$A$2:$A$6,Departments!$B$2:$B$6,""Unknown"")",Human Resources,0,0
xl/worksheets/sheet2.xml,F600,,"VLOOKUP(D600,Lookup!$A$2:$B$4,2,FALSE())",0.15,0,0
xl/worksheets/sheet2.xml,G600,,"ROUND(E600*F600,2)",339.45,0,0
xl/worksheets/sheet2.xml,H600,,E600+G600,2602.45,0,0
xl/worksheets/sheet2.xml,J600,,"_xlfn.XLOOKUP(C600,Departments!$A$2:$A$6,Departments!$B$2:$B$6,""Unknown"")",Technology,0,0
xl/worksheets/sheet2.xml,F601,,"VLOOKUP(D601,Lookup!$A$2:$B$4,2,FALSE())",0.05,0,0
xl/worksheets/sheet2.xml,G601,,"ROUND(E601*F601,2)",115,0,0
xl/worksheets/sheet2.xml,H601,,E601+G601,2415,0,0
xl/worksheets/sheet2.xml,J601,,"_xlfn.XLOOKUP(C601,Departments!$A$2:$A$6,Departments!$B$2:$B$6,""Unknown"")",Operations,0,0
xl/worksheets/sheet2.xml,F602,,"VLOOKUP(D602,Lookup!$A$2:$B$4,2,FALSE())",0.1,0,0
xl/worksheets/sheet2.xml,G602,,"ROUND(E602*F602,2)",233.7,0,0
xl/worksheets/sheet2.xml,H602,,E602+G602,2570.7,0,0
xl/worksheets/sheet2.xml,J602,,"_xlfn.XLOOKUP(C602,Departments!$A$2:$A$6,Departments!$B$2:$B$6,""Unknown"")",Finance,0,0
xl/worksheets/sheet2.xml,F603,,"VLOOKUP(D603,Lookup!$A$2:$B$4,2,FALSE())",0.15,0,0
xl/worksheets/sheet2.xml,G603,,"ROUND(E603*F603,2)",356.1,0,0
xl/worksheets/sheet2.xml,H603,,E603+G603,2730.1,0,0
xl/worksheets/sheet2.xml,J603,,"_xlfn.XLOOKUP(C603,Departments!$A$2:$A$6,Departments!$B$2:$B$6,""Unknown"")",Quality,0,0
xl/worksheets/sheet2.xml,F604,,"VLOOKUP(D604,Lookup!$A$2:$B$4,2,FALSE())",0.05,0,0
xl/worksheets/sheet2.xml,G604,,"ROUND(E604*F604,2)",120.55,0,0
xl/worksheets/sheet2.xml,H604,,E604+G604,2531.55,0,0
xl/worksheets/sheet2.xml,J604,,"_xlfn.XLOOKUP(C604,Departments!$A$2:$A$6,Departments!$B$2:$B$6,""Unknown"")",Human Resources,0,0
xl/worksheets/sheet2.xml,F605,,"VLOOKUP(D605,Lookup!$A$2:$B$4,2,FALSE())",0.1,0,0
xl/worksheets/sheet2.xml,G605,,"ROUND(E605*F605,2)",244.8,0,0
xl/worksheets/sheet2.xml,H605,,E605+G605,2692.8,0,0
xl/worksheets/sheet2.xml,J605,,"_xlfn.XLOOKUP(C605,Departments!$A$2:$A$6,Departments!$B$2:$B$6,""Unknown"")",Technology,0,0
xl/worksheets/sheet2.xml,F606,,"VLOOKUP(D606,Lookup!$A$2:$B$4,2,FALSE())",0.15,0,0
xl/worksheets/sheet2.xml,G606,,"ROUND(E606*F606,2)",372.75,0,0
xl/worksheets/sheet2.xml,H606,,E606+G606,2857.75,0,0
xl/worksheets/sheet2.xml,J606,,"_xlfn.XLOOKUP(C606,Departments!$A$2:$A$6,Departments!$B$2:$B$6,""Unknown"")",Operations,0,0
xl/worksheets/sheet2.xml,F607,,"VLOOKUP(D607,Lookup!$A$2:$B$4,2,FALSE())",0.05,0,0
xl/worksheets/sheet2.xml,G607,,"ROUND(E607*F607,2)",126.1,0,0
xl/worksheets/sheet2.xml,H607,,E607+G607,2648.1,0,0
xl/worksheets/sheet2.xml,J607,,"_xlfn.XLOOKUP(C607,Departments!$A$2:$A$6,Departments!$B$2:$B$6,""Unknown"")",Finance,0,0
xl/worksheets/sheet2.xml,F608,,"VLOOKUP(D608,Lookup!$A$2:$B$4,2,FALSE())",0.1,0,0
xl/worksheets/sheet2.xml,G608,,"ROUND(E608*F608,2)",255.9,0,0
xl/worksheets/sheet2.xml,H608,,E608+G608,2814.9,0,0
xl/worksheets/sheet2.xml,J608,,"_xlfn.XLOOKUP(C608,Departments!$A$2:$A$6,Departments!$B$2:$B$6,""Unknown"")",Quality,0,0
xl/worksheets/sheet2.xml,F609,,"VLOOKUP(D609,Lookup!$A$2:$B$4,2,FALSE())",0.15,0,0
xl/worksheets/sheet2.xml,G609,,"ROUND(E609*F609,2)",389.4,0,0
xl/worksheets/sheet2.xml,H609,,E609+G609,2985.4,0,0
xl/worksheets/sheet2.xml,J609,,"_xlfn.XLOOKUP(C609,Departments!$A$2:$A$6,Departments!$B$2:$B$6,""Unknown"")",Human Resources,0,0
xl/worksheets/sheet2.xml,F610,,"VLOOKUP(D610,Lookup!$A$2:$B$4,2,FALSE())",0.05,0,0
xl/worksheets/sheet2.xml,G610,,"ROUND(E610*F610,2)",131.65,0,0
xl/worksheets/sheet2.xml,H610,,E610+G610,2764.65,0,0
xl/worksheets/sheet2.xml,J610,,"_xlfn.XLOOKUP(C610,Departments!$A$2:$A$6,Departments!$B$2:$B$6,""Unknown"")",Technology,0,0
xl/worksheets/sheet2.xml,F611,,"VLOOKUP(D611,Lookup!$A$2:$B$4,2,FALSE())",0.1,0,0
xl/worksheets/sheet2.xml,G611,,"ROUND(E611*F611,2)",267,0,0
xl/worksheets/sheet2.xml,H611,,E611+G611,2937,0,0
xl/worksheets/sheet2.xml,J611,,"_xlfn.XLOOKUP(C611,Departments!$A$2:$A$6,Departments!$B$2:$B$6,""Unknown"")",Operations,0,0
xl/worksheets/sheet2.xml,F612,,"VLOOKUP(D612,Lookup!$A$2:$B$4,2,FALSE())",0.15,0,0
xl/worksheets/sheet2.xml,G612,,"ROUND(E612*F612,2)",406.05,0,0
xl/worksheets/sheet2.xml,H612,,E612+G612,3113.05,0,0
xl/worksheets/sheet2.xml,J612,,"_xlfn.XLOOKUP(C612,Departments!$A$2:$A$6,Departments!$B$2:$B$6,""Unknown"")",Finance,0,0
xl/worksheets/sheet2.xml,F613,,"VLOOKUP(D613,Lookup!$A$2:$B$4,2,FALSE())",0.05,0,0
xl/worksheets/sheet2.xml,G613,,"ROUND(E613*F613,2)",137.2,0,0
xl/worksheets/sheet2.xml,H613,,E613+G613,2881.2,0,0
xl/worksheets/sheet2.xml,J613,,"_xlfn.XLOOKUP(C613,Departments!$A$2:$A$6,Departments!$B$2:$B$6,""Unknown"")",Quality,0,0
xl/worksheets/sheet2.xml,F614,,"VLOOKUP(D614,Lookup!$A$2:$B$4,2,FALSE())",0.1,0,0
xl/worksheets/sheet2.xml,G614,,"ROUND(E614*F614,2)",278.1,0,0
xl/worksheets/sheet2.xml,H614,,E614+G614,3059.1,0,0
xl/worksheets/sheet2.xml,J614,,"_xlfn.XLOOKUP(C614,Departments!$A$2:$A$6,Departments!$B$2:$B$6,""Unknown"")",Human Resources,0,0
xl/worksheets/sheet2.xml,F615,,"VLOOKUP(D615,Lookup!$A$2:$B$4,2,FALSE())",0.15,0,0
xl/worksheets/sheet2.xml,G615,,"ROUND(E615*F615,2)",422.7,0,0
xl/worksheets/sheet2.xml,H615,,E615+G615,3240.7,0,0
xl/worksheets/sheet2.xml,J615,,"_xlfn.XLOOKUP(C615,Departments!$A$2:$A$6,Departments!$B$2:$B$6,""Unknown"")",Technology,0,0
xl/worksheets/sheet2.xml,F616,,"VLOOKUP(D616,Lookup!$A$2:$B$4,2,FALSE())",0.05,0,0
xl/worksheets/sheet2.xml,G616,,"ROUND(E616*F616,2)",142.75,0,0
xl/worksheets/sheet2.xml,H616,,E616+G616,2997.75,0,0
xl/worksheets/sheet2.xml,J616,,"_xlfn.XLOOKUP(C616,Departments!$A$2:$A$6,Departments!$B$2:$B$6,""Unknown"")",Operations,0,0
xl/worksheets/sheet2.xml,F617,,"VLOOKUP(D617,Lookup!$A$2:$B$4,2,FALSE())",0.1,0,0
xl/worksheets/sheet2.xml,G617,,"ROUND(E617*F617,2)",289.2,0,0
xl/worksheets/sheet2.xml,H617,,E617+G617,3181.2,0,0
xl/worksheets/sheet2.xml,J617,,"_xlfn.XLOOKUP(C617,Departments!$A$2:$A$6,Departments!$B$2:$B$6,""Unknown"")",Finance,0,0
xl/worksheets/sheet2.xml,F618,,"VLOOKUP(D618,Lookup!$A$2:$B$4,2,FALSE())",0.15,0,0
xl/worksheets/sheet2.xml,G618,,"ROUND(E618*F618,2)",439.35,0,0
xl/worksheets/sheet2.xml,H618,,E618+G618,3368.35,0,0
xl/worksheets/sheet2.xml,J618,,"_xlfn.XLOOKUP(C618,Departments!$A$2:$A$6,Departments!$B$2:$B$6,""Unknown"")",Quality,0,0
xl/worksheets/sheet2.xml,F619,,"VLOOKUP(D619,Lookup!$A$2:$B$4,2,FALSE())",0.05,0,0
xl/worksheets/sheet2.xml,G619,,"ROUND(E619*F619,2)",148.3,0,0
xl/worksheets/sheet2.xml,H619,,E619+G619,3114.3,0,0
xl/worksheets/sheet2.xml,J619,,"_xlfn.XLOOKUP(C619,Departments!$A$2:$A$6,Departments!$B$2:$B$6,""Unknown"")",Human Resources,0,0
xl/worksheets/sheet2.xml,F620,,"VLOOKUP(D620,Lookup!$A$2:$B$4,2,FALSE())",0.1,0,0
xl/worksheets/sheet2.xml,G620,,"ROUND(E620*F620,2)",300.3,0,0
xl/worksheets/sheet2.xml,H620,,E620+G620,3303.3,0,0
xl/worksheets/sheet2.xml,J620,,"_xlfn.XLOOKUP(C620,Departments!$A$2:$A$6,Departments!$B$2:$B$6,""Unknown"")",Technology,0,0
xl/worksheets/sheet2.xml,F621,,"VLOOKUP(D621,Lookup!$A$2:$B$4,2,FALSE())",0.15,0,0
xl/worksheets/sheet2.xml,G621,,"ROUND(E621*F621,2)",456,0,0
xl/worksheets/sheet2.xml,H621,,E621+G621,3496,0,0
xl/worksheets/sheet2.xml,J621,,"_xlfn.XLOOKUP(C621,Departments!$A$2:$A$6,Departments!$B$2:$B$6,""Unknown"")",Operations,0,0
xl/worksheets/sheet2.xml,F622,,"VLOOKUP(D622,Lookup!$A$2:$B$4,2,FALSE())",0.05,0,0
xl/worksheets/sheet2.xml,G622,,"ROUND(E622*F622,2)",153.85,0,0
xl/worksheets/sheet2.xml,H622,,E622+G622,3230.85,0,0
xl/worksheets/sheet2.xml,J622,,"_xlfn.XLOOKUP(C622,Departments!$A$2:$A$6,Departments!$B$2:$B$6,""Unknown"")",Finance,0,0
xl/worksheets/sheet2.xml,F623,,"VLOOKUP(D623,Lookup!$A$2:$B$4,2,FALSE())",0.1,0,0
xl/worksheets/sheet2.xml,G623,,"ROUND(E623*F623,2)",311.4,0,0
xl/worksheets/sheet2.xml,H623,,E623+G623,3425.4,0,0
xl/worksheets/sheet2.xml,J623,,"_xlfn.XLOOKUP(C623,Departments!$A$2:$A$6,Departments!$B$2:$B$6,""Unknown"")",Quality,0,0
xl/worksheets/sheet2.xml,F624,,"VLOOKUP(D624,Lookup!$A$2:$B$4,2,FALSE())",0.15,0,0
xl/worksheets/sheet2.xml,G624,,"ROUND(E624*F624,2)",472.65,0,0
xl/worksheets/sheet2.xml,H624,,E624+G624,3623.65,0,0
xl/worksheets/sheet2.xml,J624,,"_xlfn.XLOOKUP(C624,Departments!$A$2:$A$6,Departments!$B$2:$B$6,""Unknown"")",Human Resources,0,0
xl/worksheets/sheet2.xml,F625,,"VLOOKUP(D625,Lookup!$A$2:$B$4,2,FALSE())",0.05,0,0
xl/worksheets/sheet2.xml,G625,,"ROUND(E625*F625,2)",159.4,0,0
xl/worksheets/sheet2.xml,H625,,E625+G625,3347.4,0,0
xl/worksheets/sheet2.xml,J625,,"_xlfn.XLOOKUP(C625,Departments!$A$2:$A$6,Departments!$B$2:$B$6,""Unknown"")",Technology,0,0
xl/worksheets/sheet2.xml,F626,,"VLOOKUP(D626,Lookup!$A$2:$B$4,2,FALSE())",0.1,0,0
xl/worksheets/sheet2.xml,G626,,"ROUND(E626*F626,2)",322.5,0,0
xl/worksheets/sheet2.xml,H626,,E626+G626,3547.5,0,0
xl/worksheets/sheet2.xml,J626,,"_xlfn.XLOOKUP(C626,Departments!$A$2:$A$6,Departments!$B$2:$B$6,""Unknown"")",Operations,0,0
xl/worksheets/sheet2.xml,F627,,"VLOOKUP(D627,Lookup!$A$2:$B$4,2,FALSE())",0.15,0,0
xl/worksheets/sheet2.xml,G627,,"ROUND(E627*F627,2)",489.3,0,0
xl/worksheets/sheet2.xml,H627,,E627+G627,3751.3,0,0
xl/worksheets/sheet2.xml,J627,,"_xlfn.XLOOKUP(C627,Departments!$A$2:$A$6,Departments!$B$2:$B$6,""Unknown"")",Finance,0,0
xl/worksheets/sheet2.xml,F628,,"VLOOKUP(D628,Lookup!$A$2:$B$4,2,FALSE())",0.05,0,0
xl/worksheets/sheet2.xml,G628,,"ROUND(E628*F628,2)",164.95,0,0
xl/worksheets/sheet2.xml,H628,,E628+G628,3463.95,0,0
xl/worksheets/sheet2.xml,J628,,"_xlfn.XLOOKUP(C628,Departments!$A$2:$A$6,Departments!$B$2:$B$6,""Unknown"")",Quality,0,0
xl/worksheets/sheet2.xml,F629,,"VLOOKUP(D629,Lookup!$A$2:$B$4,2,FALSE())",0.1,0,0
xl/worksheets/sheet2.xml,G629,,"ROUND(E629*F629,2)",333.6,0,0
xl/worksheets/sheet2.xml,H629,,E629+G629,3669.6,0,0
xl/worksheets/sheet2.xml,J629,,"_xlfn.XLOOKUP(C629,Departments!$A$2:$A$6,Departments!$B$2:$B$6,""Unknown"")",Human Resources,0,0
xl/worksheets/sheet2.xml,F630,,"VLOOKUP(D630,Lookup!$A$2:$B$4,2,FALSE())",0.15,0,0
xl/worksheets/sheet2.xml,G630,,"ROUND(E630*F630,2)",505.95,0,0
xl/worksheets/sheet2.xml,H630,,E630+G630,3878.95,0,0
xl/worksheets/sheet2.xml,J630,,"_xlfn.XLOOKUP(C630,Departments!$A$2:$A$6,Departments!$B$2:$B$6,""Unknown"")",Technology,0,0
xl/worksheets/sheet2.xml,F631,,"VLOOKUP(D631,Lookup!$A$2:$B$4,2,FALSE())",0.05,0,0
xl/worksheets/sheet2.xml,G631,,"ROUND(E631*F631,2)",170.5,0,0
xl/worksheets/sheet2.xml,H631,,E631+G631,3580.5,0,0
xl/worksheets/sheet2.xml,J631,,"_xlfn.XLOOKUP(C631,Departments!$A$2:$A$6,Departments!$B$2:$B$6,""Unknown"")",Operations,0,0
xl/worksheets/sheet2.xml,F632,,"VLOOKUP(D632,Lookup!$A$2:$B$4,2,FALSE())",0.1,0,0
xl/worksheets/sheet2.xml,G632,,"ROUND(E632*F632,2)",344.7,0,0
xl/worksheets/sheet2.xml,H632,,E632+G632,3791.7,0,0
xl/worksheets/sheet2.xml,J632,,"_xlfn.XLOOKUP(C632,Departments!$A$2:$A$6,Departments!$B$2:$B$6,""Unknown"")",Finance,0,0
xl/worksheets/sheet2.xml,F633,,"VLOOKUP(D633,Lookup!$A$2:$B$4,2,FALSE())",0.15,0,0
xl/worksheets/sheet2.xml,G633,,"ROUND(E633*F633,2)",522.6,0,0
xl/worksheets/sheet2.xml,H633,,E633+G633,4006.6,0,0
xl/worksheets/sheet2.xml,J633,,"_xlfn.XLOOKUP(C633,Departments!$A$2:$A$6,Departments!$B$2:$B$6,""Unknown"")",Quality,0,0
xl/worksheets/sheet2.xml,F634,,"VLOOKUP(D634,Lookup!$A$2:$B$4,2,FALSE())",0.05,0,0
xl/worksheets/sheet2.xml,G634,,"ROUND(E634*F634,2)",176.05,0,0
xl/worksheets/sheet2.xml,H634,,E634+G634,3697.05,0,0
xl/worksheets/sheet2.xml,J634,,"_xlfn.XLOOKUP(C634,Departments!$A$2:$A$6,Departments!$B$2:$B$6,""Unknown"")",Human Resources,0,0
xl/worksheets/sheet2.xml,F635,,"VLOOKUP(D635,Lookup!$A$2:$B$4,2,FALSE())",0.1,0,0
xl/worksheets/sheet2.xml,G635,,"ROUND(E635*F635,2)",355.8,0,0
xl/worksheets/sheet2.xml,H635,,E635+G635,3913.8,0,0
xl/worksheets/sheet2.xml,J635,,"_xlfn.XLOOKUP(C635,Departments!$A$2:$A$6,Departments!$B$2:$B$6,""Unknown"")",Technology,0,0
xl/worksheets/sheet2.xml,F636,,"VLOOKUP(D636,Lookup!$A$2:$B$4,2,FALSE())",0.15,0,0
xl/worksheets/sheet2.xml,G636,,"ROUND(E636*F636,2)",539.25,0,0
xl/worksheets/sheet2.xml,H636,,E636+G636,4134.25,0,0
xl/worksheets/sheet2.xml,J636,,"_xlfn.XLOOKUP(C636,Departments!$A$2:$A$6,Departments!$B$2:$B$6,""Unknown"")",Operations,0,0
xl/worksheets/sheet2.xml,F637,,"VLOOKUP(D637,Lookup!$A$2:$B$4,2,FALSE())",0.05,0,0
xl/worksheets/sheet2.xml,G637,,"ROUND(E637*F637,2)",181.6,0,0
xl/worksheets/sheet2.xml,H637,,E637+G637,3813.6,0,0
xl/worksheets/sheet2.xml,J637,,"_xlfn.XLOOKUP(C637,Departments!$A$2:$A$6,Departments!$B$2:$B$6,""Unknown"")",Finance,0,0
xl/worksheets/sheet2.xml,F638,,"VLOOKUP(D638,Lookup!$A$2:$B$4,2,FALSE())",0.1,0,0
xl/worksheets/sheet2.xml,G638,,"ROUND(E638*F638,2)",366.9,0,0
xl/worksheets/sheet2.xml,H638,,E638+G638,4035.9,0,0
xl/worksheets/sheet2.xml,J638,,"_xlfn.XLOOKUP(C638,Departments!$A$2:$A$6,Departments!$B$2:$B$6,""Unknown"")",Quality,0,0
xl/worksheets/sheet2.xml,F639,,"VLOOKUP(D639,Lookup!$A$2:$B$4,2,FALSE())",0.15,0,0
xl/worksheets/sheet2.xml,G639,,"ROUND(E639*F639,2)",555.9,0,0
xl/worksheets/sheet2.xml,H639,,E639+G639,4261.9,0,0
xl/worksheets/sheet2.xml,J639,,"_xlfn.XLOOKUP(C639,Departments!$A$2:$A$6,Departments!$B$2:$B$6,""Unknown"")",Human Resources,0,0
xl/worksheets/sheet2.xml,F640,,"VLOOKUP(D640,Lookup!$A$2:$B$4,2,FALSE())",0.05,0,0
xl/worksheets/sheet2.xml,G640,,"ROUND(E640*F640,2)",187.15,0,0
xl/worksheets/sheet2.xml,H640,,E640+G640,3930.15,0,0
xl/worksheets/sheet2.xml,J640,,"_xlfn.XLOOKUP(C640,Departments!$A$2:$A$6,Departments!$B$2:$B$6,""Unknown"")",Technology,0,0
xl/worksheets/sheet2.xml,F641,,"VLOOKUP(D641,Lookup!$A$2:$B$4,2,FALSE())",0.1,0,0
xl/worksheets/sheet2.xml,G641,,"ROUND(E641*F641,2)",378,0,0
xl/worksheets/sheet2.xml,H641,,E641+G641,4158,0,0
xl/worksheets/sheet2.xml,J641,,"_xlfn.XLOOKUP(C641,Departments!$A$2:$A$6,Departments!$B$2:$B$6,""Unknown"")",Operations,0,0
xl/worksheets/sheet2.xml,F642,,"VLOOKUP(D642,Lookup!$A$2:$B$4,2,FALSE())",0.15,0,0
xl/worksheets/sheet2.xml,G642,,"ROUND(E642*F642,2)",572.55,0,0
xl/worksheets/sheet2.xml,H642,,E642+G642,4389.55,0,0
xl/worksheets/sheet2.xml,J642,,"_xlfn.XLOOKUP(C642,Departments!$A$2:$A$6,Departments!$B$2:$B$6,""Unknown"")",Finance,0,0
xl/worksheets/sheet2.xml,F643,,"VLOOKUP(D643,Lookup!$A$2:$B$4,2,FALSE())",0.05,0,0
xl/worksheets/sheet2.xml,G643,,"ROUND(E643*F643,2)",192.7,0,0
xl/worksheets/sheet2.xml,H643,,E643+G643,4046.7,0,0
xl/worksheets/sheet2.xml,J643,,"_xlfn.XLOOKUP(C643,Departments!$A$2:$A$6,Departments!$B$2:$B$6,""Unknown"")",Quality,0,0
xl/worksheets/sheet2.xml,F644,,"VLOOKUP(D644,Lookup!$A$2:$B$4,2,FALSE())",0.1,0,0
xl/worksheets/sheet2.xml,G644,,"ROUND(E644*F644,2)",389.1,0,0
xl/worksheets/sheet2.xml,H644,,E644+G644,4280.1,0,0
xl/worksheets/sheet2.xml,J644,,"_xlfn.XLOOKUP(C644,Departments!$A$2:$A$6,Departments!$B$2:$B$6,""Unknown"")",Human Resources,0,0
xl/worksheets/sheet2.xml,F645,,"VLOOKUP(D645,Lookup!$A$2:$B$4,2,FALSE())",0.15,0,0
xl/worksheets/sheet2.xml,G645,,"ROUND(E645*F645,2)",589.2,0,0
xl/worksheets/sheet2.xml,H645,,E645+G645,4517.2,0,0
xl/worksheets/sheet2.xml,J645,,"_xlfn.XLOOKUP(C645,Departments!$A$2:$A$6,Departments!$B$2:$B$6,""Unknown"")",Technology,0,0
xl/worksheets/sheet2.xml,F646,,"VLOOKUP(D646,Lookup!$A$2:$B$4,2,FALSE())",0.05,0,0
xl/worksheets/sheet2.xml,G646,,"ROUND(E646*F646,2)",198.25,0,0
xl/worksheets/sheet2.xml,H646,,E646+G646,4163.25,0,0
xl/worksheets/sheet2.xml,J646,,"_xlfn.XLOOKUP(C646,Departments!$A$2:$A$6,Departments!$B$2:$B$6,""Unknown"")",Operations,0,0
xl/worksheets/sheet2.xml,F647,,"VLOOKUP(D647,Lookup!$A$2:$B$4,2,FALSE())",0.1,0,0
xl/worksheets/sheet2.xml,G647,,"ROUND(E647*F647,2)",400.2,0,0
xl/worksheets/sheet2.xml,H647,,E647+G647,4402.2,0,0
xl/worksheets/sheet2.xml,J647,,"_xlfn.XLOOKUP(C647,Departments!$A$2:$A$6,Departments!$B$2:$B$6,""Unknown"")",Finance,0,0
xl/worksheets/sheet2.xml,F648,,"VLOOKUP(D648,Lookup!$A$2:$B$4,2,FALSE())",0.15,0,0
xl/worksheets/sheet2.xml,G648,,"ROUND(E648*F648,2)",605.85,0,0
xl/worksheets/sheet2.xml,H648,,E648+G648,4644.85,0,0
xl/worksheets/sheet2.xml,J648,,"_xlfn.XLOOKUP(C648,Departments!$A$2:$A$6,Departments!$B$2:$B$6,""Unknown"")",Quality,0,0
xl/worksheets/sheet2.xml,F649,,"VLOOKUP(D649,Lookup!$A$2:$B$4,2,FALSE())",0.05,0,0
xl/worksheets/sheet2.xml,G649,,"ROUND(E649*F649,2)",203.8,0,0
xl/worksheets/sheet2.xml,H649,,E649+G649,4279.8,0,0
xl/worksheets/sheet2.xml,J649,,"_xlfn.XLOOKUP(C649,Departments!$A$2:$A$6,Departments!$B$2:$B$6,""Unknown"")",Human Resources,0,0
xl/worksheets/sheet2.xml,F650,,"VLOOKUP(D650,Lookup!$A$2:$B$4,2,FALSE())",0.1,0,0
xl/worksheets/sheet2.xml,G650,,"ROUND(E650*F650,2)",411.3,0,0
xl/worksheets/sheet2.xml,H650,,E650+G650,4524.3,0,0
xl/worksheets/sheet2.xml,J650,,"_xlfn.XLOOKUP(C650,Departments!$A$2:$A$6,Departments!$B$2:$B$6,""Unknown"")",Technology,0,0
xl/worksheets/sheet2.xml,F651,,"VLOOKUP(D651,Lookup!$A$2:$B$4,2,FALSE())",0.15,0,0
xl/worksheets/sheet2.xml,G651,,"ROUND(E651*F651,2)",622.5,0,0
xl/worksheets/sheet2.xml,H651,,E651+G651,4772.5,0,0
xl/worksheets/sheet2.xml,J651,,"_xlfn.XLOOKUP(C651,Departments!$A$2:$A$6,Departments!$B$2:$B$6,""Unknown"")",Operations,0,0
xl/worksheets/sheet2.xml,F652,,"VLOOKUP(D652,Lookup!$A$2:$B$4,2,FALSE())",0.05,0,0
xl/worksheets/sheet2.xml,G652,,"ROUND(E652*F652,2)",209.35,0,0
xl/worksheets/sheet2.xml,H652,,E652+G652,4396.35,0,0
xl/worksheets/sheet2.xml,J652,,"_xlfn.XLOOKUP(C652,Departments!$A$2:$A$6,Departments!$B$2:$B$6,""Unknown"")",Finance,0,0
xl/worksheets/sheet2.xml,F653,,"VLOOKUP(D653,Lookup!$A$2:$B$4,2,FALSE())",0.1,0,0
xl/worksheets/sheet2.xml,G653,,"ROUND(E653*F653,2)",422.4,0,0
xl/worksheets/sheet2.xml,H653,,E653+G653,4646.4,0,0
xl/worksheets/sheet2.xml,J653,,"_xlfn.XLOOKUP(C653,Departments!$A$2:$A$6,Departments!$B$2:$B$6,""Unknown"")",Quality,0,0
xl/worksheets/sheet2.xml,F654,,"VLOOKUP(D654,Lookup!$A$2:$B$4,2,FALSE())",0.15,0,0
xl/worksheets/sheet2.xml,G654,,"ROUND(E654*F654,2)",639.15,0,0
xl/worksheets/sheet2.xml,H654,,E654+G654,4900.15,0,0
xl/worksheets/sheet2.xml,J654,,"_xlfn.XLOOKUP(C654,Departments!$A$2:$A$6,Departments!$B$2:$B$6,""Unknown"")",Human Resources,0,0
xl/worksheets/sheet2.xml,F655,,"VLOOKUP(D655,Lookup!$A$2:$B$4,2,FALSE())",0.05,0,0
xl/worksheets/sheet2.xml,G655,,"ROUND(E655*F655,2)",214.9,0,0
xl/worksheets/sheet2.xml,H655,,E655+G655,4512.9,0,0
xl/worksheets/sheet2.xml,J655,,"_xlfn.XLOOKUP(C655,Departments!$A$2:$A$6,Departments!$B$2:$B$6,""Unknown"")",Technology,0,0
xl/worksheets/sheet2.xml,F656,,"VLOOKUP(D656,Lookup!$A$2:$B$4,2,FALSE())",0.1,0,0
xl/worksheets/sheet2.xml,G656,,"ROUND(E656*F656,2)",433.5,0,0
xl/worksheets/sheet2.xml,H656,,E656+G656,4768.5,0,0
xl/worksheets/sheet2.xml,J656,,"_xlfn.XLOOKUP(C656,Departments!$A$2:$A$6,Departments!$B$2:$B$6,""Unknown"")",Operations,0,0
xl/worksheets/sheet2.xml,F657,,"VLOOKUP(D657,Lookup!$A$2:$B$4,2,FALSE())",0.15,0,0
xl/worksheets/sheet2.xml,G657,,"ROUND(E657*F657,2)",655.8,0,0
xl/worksheets/sheet2.xml,H657,,E657+G657,5027.8,0,0
xl/worksheets/sheet2.xml,J657,,"_xlfn.XLOOKUP(C657,Departments!$A$2:$A$6,Departments!$B$2:$B$6,""Unknown"")",Finance,0,0
xl/worksheets/sheet2.xml,F658,,"VLOOKUP(D658,Lookup!$A$2:$B$4,2,FALSE())",0.05,0,0
xl/worksheets/sheet2.xml,G658,,"ROUND(E658*F658,2)",220.45,0,0
xl/worksheets/sheet2.xml,H658,,E658+G658,4629.45,0,0
xl/worksheets/sheet2.xml,J658,,"_xlfn.XLOOKUP(C658,Departments!$A$2:$A$6,Departments!$B$2:$B$6,""Unknown"")",Quality,0,0
xl/worksheets/sheet2.xml,F659,,"VLOOKUP(D659,Lookup!$A$2:$B$4,2,FALSE())",0.1,0,0
xl/worksheets/sheet2.xml,G659,,"ROUND(E659*F659,2)",444.6,0,0
xl/worksheets/sheet2.xml,H659,,E659+G659,4890.6,0,0
xl/worksheets/sheet2.xml,J659,,"_xlfn.XLOOKUP(C659,Departments!$A$2:$A$6,Departments!$B$2:$B$6,""Unknown"")",Human Resources,0,0
xl/worksheets/sheet2.xml,F660,,"VLOOKUP(D660,Lookup!$A$2:$B$4,2,FALSE())",0.15,0,0
xl/worksheets/sheet2.xml,G660,,"ROUND(E660*F660,2)",672.45,0,0
xl/worksheets/sheet2.xml,H660,,E660+G660,5155.45,0,0
xl/worksheets/sheet2.xml,J660,,"_xlfn.XLOOKUP(C660,Departments!$A$2:$A$6,Departments!$B$2:$B$6,""Unknown"")",Technology,0,0
xl/worksheets/sheet2.xml,F661,,"VLOOKUP(D661,Lookup!$A$2:$B$4,2,FALSE())",0.05,0,0
xl/worksheets/sheet2.xml,G661,,"ROUND(E661*F661,2)",226,0,0
xl/worksheets/sheet2.xml,H661,,E661+G661,4746,0,0
xl/worksheets/sheet2.xml,J661,,"_xlfn.XLOOKUP(C661,Departments!$A$2:$A$6,Departments!$B$2:$B$6,""Unknown"")",Operations,0,0
xl/worksheets/sheet2.xml,F662,,"VLOOKUP(D662,Lookup!$A$2:$B$4,2,FALSE())",0.1,0,0
xl/worksheets/sheet2.xml,G662,,"ROUND(E662*F662,2)",455.7,0,0
xl/worksheets/sheet2.xml,H662,,E662+G662,5012.7,0,0
xl/worksheets/sheet2.xml,J662,,"_xlfn.XLOOKUP(C662,Departments!$A$2:$A$6,Departments!$B$2:$B$6,""Unknown"")",Finance,0,0
xl/worksheets/sheet2.xml,F663,,"VLOOKUP(D663,Lookup!$A$2:$B$4,2,FALSE())",0.15,0,0
xl/worksheets/sheet2.xml,G663,,"ROUND(E663*F663,2)",689.1,0,0
xl/worksheets/sheet2.xml,H663,,E663+G663,5283.1,0,0
xl/worksheets/sheet2.xml,J663,,"_xlfn.XLOOKUP(C663,Departments!$A$2:$A$6,Departments!$B$2:$B$6,""Unknown"")",Quality,0,0
xl/worksheets/sheet2.xml,F664,,"VLOOKUP(D664,Lookup!$A$2:$B$4,2,FALSE())",0.05,0,0
xl/worksheets/sheet2.xml,G664,,"ROUND(E664*F664,2)",231.55,0,0
xl/worksheets/sheet2.xml,H664,,E664+G664,4862.55,0,0
xl/worksheets/sheet2.xml,J664,,"_xlfn.XLOOKUP(C664,Departments!$A$2:$A$6,Departments!$B$2:$B$6,""Unknown"")",Human Resources,0,0
xl/worksheets/sheet2.xml,F665,,"VLOOKUP(D665,Lookup!$A$2:$B$4,2,FALSE())",0.1,0,0
xl/worksheets/sheet2.xml,G665,,"ROUND(E665*F665,2)",466.8,0,0
xl/worksheets/sheet2.xml,H665,,E665+G665,5134.8,0,0
xl/worksheets/sheet2.xml,J665,,"_xlfn.XLOOKUP(C665,Departments!$A$2:$A$6,Departments!$B$2:$B$6,""Unknown"")",Technology,0,0
xl/worksheets/sheet2.xml,F666,,"VLOOKUP(D666,Lookup!$A$2:$B$4,2,FALSE())",0.15,0,0
xl/worksheets/sheet2.xml,G666,,"ROUND(E666*F666,2)",705.75,0,0
xl/worksheets/sheet2.xml,H666,,E666+G666,5410.75,0,0
xl/worksheets/sheet2.xml,J666,,"_xlfn.XLOOKUP(C666,Departments!$A$2:$A$6,Departments!$B$2:$B$6,""Unknown"")",Operations,0,0
xl/worksheets/sheet2.xml,F667,,"VLOOKUP(D667,Lookup!$A$2:$B$4,2,FALSE())",0.05,0,0
xl/worksheets/sheet2.xml,G667,,"ROUND(E667*F667,2)",237.1,0,0
xl/worksheets/sheet2.xml,H667,,E667+G667,4979.1,0,0
xl/worksheets/sheet2.xml,J667,,"_xlfn.XLOOKUP(C667,Departments!$A$2:$A$6,Departments!$B$2:$B$6,""Unknown"")",Finance,0,0
xl/worksheets/sheet2.xml,F668,,"VLOOKUP(D668,Lookup!$A$2:$B$4,2,FALSE())",0.1,0,0
xl/worksheets/sheet2.xml,G668,,"ROUND(E668*F668,2)",477.9,0,0
xl/worksheets/sheet2.xml,H668,,E668+G668,5256.9,0,0
xl/worksheets/sheet2.xml,J668,,"_xlfn.XLOOKUP(C668,Departments!$A$2:$A$6,Departments!$B$2:$B$6,""Unknown"")",Quality,0,0
xl/worksheets/sheet2.xml,F669,,"VLOOKUP(D669,Lookup!$A$2:$B$4,2,FALSE())",0.15,0,0
xl/worksheets/sheet2.xml,G669,,"ROUND(E669*F669,2)",722.4,0,0
xl/worksheets/sheet2.xml,H669,,E669+G669,5538.4,0,0
xl/worksheets/sheet2.xml,J669,,"_xlfn.XLOOKUP(C669,Departments!$A$2:$A$6,Departments!$B$2:$B$6,""Unknown"")",Human Resources,0,0
xl/worksheets/sheet2.xml,F670,,"VLOOKUP(D670,Lookup!$A$2:$B$4,2,FALSE())",0.05,0,0
xl/worksheets/sheet2.xml,G670,,"ROUND(E670*F670,2)",242.65,0,0
xl/worksheets/sheet2.xml,H670,,E670+G670,5095.65,0,0
xl/worksheets/sheet2.xml,J670,,"_xlfn.XLOOKUP(C670,Departments!$A$2:$A$6,Departments!$B$2:$B$6,""Unknown"")",Technology,0,0
xl/worksheets/sheet2.xml,F671,,"VLOOKUP(D671,Lookup!$A$2:$B$4,2,FALSE())",0.1,0,0
xl/worksheets/sheet2.xml,G671,,"ROUND(E671*F671,2)",489,0,0
xl/worksheets/sheet2.xml,H671,,E671+G671,5379,0,0
xl/worksheets/sheet2.xml,J671,,"_xlfn.XLOOKUP(C671,Departments!$A$2:$A$6,Departments!$B$2:$B$6,""Unknown"")",Operations,0,0
xl/worksheets/sheet2.xml,F672,,"VLOOKUP(D672,Lookup!$A$2:$B$4,2,FALSE())",0.15,0,0
xl/worksheets/sheet2.xml,G672,,"ROUND(E672*F672,2)",739.05,0,0
xl/worksheets/sheet2.xml,H672,,E672+G672,5666.05,0,0
xl/worksheets/sheet2.xml,J672,,"_xlfn.XLOOKUP(C672,Departments!$A$2:$A$6,Departments!$B$2:$B$6,""Unknown"")",Finance,0,0
xl/worksheets/sheet2.xml,F673,,"VLOOKUP(D673,Lookup!$A$2:$B$4,2,FALSE())",0.05,0,0
xl/worksheets/sheet2.xml,G673,,"ROUND(E673*F673,2)",248.2,0,0
xl/worksheets/sheet2.xml,H673,,E673+G673,5212.2,0,0
xl/worksheets/sheet2.xml,J673,,"_xlfn.XLOOKUP(C673,Departments!$A$2:$A$6,Departments!$B$2:$B$6,""Unknown"")",Quality,0,0
xl/worksheets/sheet2.xml,F674,,"VLOOKUP(D674,Lookup!$A$2:$B$4,2,FALSE())",0.1,0,0
xl/worksheets/sheet2.xml,G674,,"ROUND(E674*F674,2)",500.1,0,0
xl/worksheets/sheet2.xml,H674,,E674+G674,5501.1,0,0
xl/worksheets/sheet2.xml,J674,,"_xlfn.XLOOKUP(C674,Departments!$A$2:$A$6,Departments!$B$2:$B$6,""Unknown"")",Human Resources,0,0
xl/worksheets/sheet2.xml,F675,,"VLOOKUP(D675,Lookup!$A$2:$B$4,2,FALSE())",0.15,0,0
xl/worksheets/sheet2.xml,G675,,"ROUND(E675*F675,2)",755.7,0,0
xl/worksheets/sheet2.xml,H675,,E675+G675,5793.7,0,0
xl/worksheets/sheet2.xml,J675,,"_xlfn.XLOOKUP(C675,Departments!$A$2:$A$6,Departments!$B$2:$B$6,""Unknown"")",Technology,0,0
xl/worksheets/sheet2.xml,F676,,"VLOOKUP(D676,Lookup!$A$2:$B$4,2,FALSE())",0.05,0,0
xl/worksheets/sheet2.xml,G676,,"ROUND(E676*F676,2)",253.75,0,0
xl/worksheets/sheet2.xml,H676,,E676+G676,5328.75,0,0
xl/worksheets/sheet2.xml,J676,,"_xlfn.XLOOKUP(C676,Departments!$A$2:$A$6,Departments!$B$2:$B$6,""Unknown"")",Operations,0,0
xl/worksheets/sheet2.xml,F677,,"VLOOKUP(D677,Lookup!$A$2:$B$4,2,FALSE())",0.1,0,0
xl/worksheets/sheet2.xml,G677,,"ROUND(E677*F677,2)",11.2,0,0
xl/worksheets/sheet2.xml,H677,,E677+G677,123.2,0,0
xl/worksheets/sheet2.xml,J677,,"_xlfn.XLOOKUP(C677,Departments!$A$2:$A$6,Departments!$B$2:$B$6,""Unknown"")",Finance,0,0
xl/worksheets/sheet2.xml,F678,,"VLOOKUP(D678,Lookup!$A$2:$B$4,2,FALSE())",0.15,0,0
xl/worksheets/sheet2.xml,G678,,"ROUND(E678*F678,2)",22.35,0,0
xl/worksheets/sheet2.xml,H678,,E678+G678,171.35,0,0
xl/worksheets/sheet2.xml,J678,,"_xlfn.XLOOKUP(C678,Departments!$A$2:$A$6,Departments!$B$2:$B$6,""Unknown"")",Quality,0,0
xl/worksheets/sheet2.xml,F679,,"VLOOKUP(D679,Lookup!$A$2:$B$4,2,FALSE())",0.05,0,0
xl/worksheets/sheet2.xml,G679,,"ROUND(E679*F679,2)",9.3,0,0
xl/worksheets/sheet2.xml,H679,,E679+G679,195.3,0,0
xl/worksheets/sheet2.xml,J679,,"_xlfn.XLOOKUP(C679,Departments!$A$2:$A$6,Departments!$B$2:$B$6,""Unknown"")",Human Resources,0,0
xl/worksheets/sheet2.xml,F680,,"VLOOKUP(D680,Lookup!$A$2:$B$4,2,FALSE())",0.1,0,0
xl/worksheets/sheet2.xml,G680,,"ROUND(E680*F680,2)",22.3,0,0
xl/worksheets/sheet2.xml,H680,,E680+G680,245.3,0,0
xl/worksheets/sheet2.xml,J680,,"_xlfn.XLOOKUP(C680,Departments!$A$2:$A$6,Departments!$B$2:$B$6,""Unknown"")",Technology,0,0
xl/worksheets/sheet2.xml,F681,,"VLOOKUP(D681,Lookup!$A$2:$B$4,2,FALSE())",0.15,0,0
xl/worksheets/sheet2.xml,G681,,"ROUND(E681*F681,2)",39,0,0
xl/worksheets/sheet2.xml,H681,,E681+G681,299,0,0
xl/worksheets/sheet2.xml,J681,,"_xlfn.XLOOKUP(C681,Departments!$A$2:$A$6,Departments!$B$2:$B$6,""Unknown"")",Operations,0,0
xl/worksheets/sheet2.xml,F682,,"VLOOKUP(D682,Lookup!$A$2:$B$4,2,FALSE())",0.05,0,0
xl/worksheets/sheet2.xml,G682,,"ROUND(E682*F682,2)",14.85,0,0
xl/worksheets/sheet2.xml,H682,,E682+G682,311.85,0,0
xl/worksheets/sheet2.xml,J682,,"_xlfn.XLOOKUP(C682,Departments!$A$2:$A$6,Departments!$B$2:$B$6,""Unknown"")",Finance,0,0
xl/worksheets/sheet2.xml,F683,,"VLOOKUP(D683,Lookup!$A$2:$B$4,2,FALSE())",0.1,0,0
xl/worksheets/sheet2.xml,G683,,"ROUND(E683*F683,2)",33.4,0,0
xl/worksheets/sheet2.xml,H683,,E683+G683,367.4,0,0
xl/worksheets/sheet2.xml,J683,,"_xlfn.XLOOKUP(C683,Departments!$A$2:$A$6,Departments!$B$2:$B$6,""Unknown"")",Quality,0,0
xl/worksheets/sheet2.xml,F684,,"VLOOKUP(D684,Lookup!$A$2:$B$4,2,FALSE())",0.15,0,0
xl/worksheets/sheet2.xml,G684,,"ROUND(E684*F684,2)",55.65,0,0
xl/worksheets/sheet2.xml,H684,,E684+G684,426.65,0,0
xl/worksheets/sheet2.xml,J684,,"_xlfn.XLOOKUP(C684,Departments!$A$2:$A$6,Departments!$B$2:$B$6,""Unknown"")",Human Resources,0,0
xl/worksheets/sheet2.xml,F685,,"VLOOKUP(D685,Lookup!$A$2:$B$4,2,FALSE())",0.05,0,0
xl/worksheets/sheet2.xml,G685,,"ROUND(E685*F685,2)",20.4,0,0
xl/worksheets/sheet2.xml,H685,,E685+G685,428.4,0,0
xl/worksheets/sheet2.xml,J685,,"_xlfn.XLOOKUP(C685,Departments!$A$2:$A$6,Departments!$B$2:$B$6,""Unknown"")",Technology,0,0
xl/worksheets/sheet2.xml,F686,,"VLOOKUP(D686,Lookup!$A$2:$B$4,2,FALSE())",0.1,0,0
xl/worksheets/sheet2.xml,G686,,"ROUND(E686*F686,2)",44.5,0,0
xl/worksheets/sheet2.xml,H686,,E686+G686,489.5,0,0
xl/worksheets/sheet2.xml,J686,,"_xlfn.XLOOKUP(C686,Departments!$A$2:$A$6,Departments!$B$2:$B$6,""Unknown"")",Operations,0,0
xl/worksheets/sheet2.xml,F687,,"VLOOKUP(D687,Lookup!$A$2:$B$4,2,FALSE())",0.15,0,0
xl/worksheets/sheet2.xml,G687,,"ROUND(E687*F687,2)",72.3,0,0
xl/worksheets/sheet2.xml,H687,,E687+G687,554.3,0,0
xl/worksheets/sheet2.xml,J687,,"_xlfn.XLOOKUP(C687,Departments!$A$2:$A$6,Departments!$B$2:$B$6,""Unknown"")",Finance,0,0
xl/worksheets/sheet2.xml,F688,,"VLOOKUP(D688,Lookup!$A$2:$B$4,2,FALSE())",0.05,0,0
xl/worksheets/sheet2.xml,G688,,"ROUND(E688*F688,2)",25.95,0,0
xl/worksheets/sheet2.xml,H688,,E688+G688,544.95,0,0
xl/worksheets/sheet2.xml,J688,,"_xlfn.XLOOKUP(C688,Departments!$A$2:$A$6,Departments!$B$2:$B$6,""Unknown"")",Quality,0,0
xl/worksheets/sheet2.xml,F689,,"VLOOKUP(D689,Lookup!$A$2:$B$4,2,FALSE())",0.1,0,0
xl/worksheets/sheet2.xml,G689,,"ROUND(E689*F689,2)",55.6,0,0
xl/worksheets/sheet2.xml,H689,,E689+G689,611.6,0,0
xl/worksheets/sheet2.xml,J689,,"_xlfn.XLOOKUP(C689,Departments!$A$2:$A$6,Departments!$B$2:$B$6,""Unknown"")",Human Resources,0,0
xl/worksheets/sheet2.xml,F690,,"VLOOKUP(D690,Lookup!$A$2:$B$4,2,FALSE())",0.15,0,0
xl/worksheets/sheet2.xml,G690,,"ROUND(E690*F690,2)",88.95,0,0
xl/worksheets/sheet2.xml,H690,,E690+G690,681.95,0,0
xl/worksheets/sheet2.xml,J690,,"_xlfn.XLOOKUP(C690,Departments!$A$2:$A$6,Departments!$B$2:$B$6,""Unknown"")",Technology,0,0
xl/worksheets/sheet2.xml,F691,,"VLOOKUP(D691,Lookup!$A$2:$B$4,2,FALSE())",0.05,0,0
xl/worksheets/sheet2.xml,G691,,"ROUND(E691*F691,2)",31.5,0,0
xl/worksheets/sheet2.xml,H691,,E691+G691,661.5,0,0
xl/worksheets/sheet2.xml,J691,,"_xlfn.XLOOKUP(C691,Departments!$A$2:$A$6,Departments!$B$2:$B$6,""Unknown"")",Operations,0,0
xl/worksheets/sheet2.xml,F692,,"VLOOKUP(D692,Lookup!$A$2:$B$4,2,FALSE())",0.1,0,0
xl/worksheets/sheet2.xml,G692,,"ROUND(E692*F692,2)",66.7,0,0
xl/worksheets/sheet2.xml,H692,,E692+G692,733.7,0,0
xl/worksheets/sheet2.xml,J692,,"_xlfn.XLOOKUP(C692,Departments!$A$2:$A$6,Departments!$B$2:$B$6,""Unknown"")",Finance,0,0
xl/worksheets/sheet2.xml,F693,,"VLOOKUP(D693,Lookup!$A$2:$B$4,2,FALSE())",0.15,0,0
xl/worksheets/sheet2.xml,G693,,"ROUND(E693*F693,2)",105.6,0,0
xl/worksheets/sheet2.xml,H693,,E693+G693,809.6,0,0
xl/worksheets/sheet2.xml,J693,,"_xlfn.XLOOKUP(C693,Departments!$A$2:$A$6,Departments!$B$2:$B$6,""Unknown"")",Quality,0,0
xl/worksheets/sheet2.xml,F694,,"VLOOKUP(D694,Lookup!$A$2:$B$4,2,FALSE())",0.05,0,0
xl/worksheets/sheet2.xml,G694,,"ROUND(E694*F694,2)",37.05,0,0
xl/worksheets/sheet2.xml,H694,,E694+G694,778.05,0,0
xl/worksheets/sheet2.xml,J694,,"_xlfn.XLOOKUP(C694,Departments!$A$2:$A$6,Departments!$B$2:$B$6,""Unknown"")",Human Resources,0,0
xl/worksheets/sheet2.xml,F695,,"VLOOKUP(D695,Lookup!$A$2:$B$4,2,FALSE())",0.1,0,0
xl/worksheets/sheet2.xml,G695,,"ROUND(E695*F695,2)",77.8,0,0
xl/worksheets/sheet2.xml,H695,,E695+G695,855.8,0,0
xl/worksheets/sheet2.xml,J695,,"_xlfn.XLOOKUP(C695,Departments!$A$2:$A$6,Departments!$B$2:$B$6,""Unknown"")",Technology,0,0
xl/worksheets/sheet2.xml,F696,,"VLOOKUP(D696,Lookup!$A$2:$B$4,2,FALSE())",0.15,0,0
xl/worksheets/sheet2.xml,G696,,"ROUND(E696*F696,2)",122.25,0,0
xl/worksheets/sheet2.xml,H696,,E696+G696,937.25,0,0
xl/worksheets/sheet2.xml,J696,,"_xlfn.XLOOKUP(C696,Departments!$A$2:$A$6,Departments!$B$2:$B$6,""Unknown"")",Operations,0,0
xl/worksheets/sheet2.xml,F697,,"VLOOKUP(D697,Lookup!$A$2:$B$4,2,FALSE())",0.05,0,0
xl/worksheets/sheet2.xml,G697,,"ROUND(E697*F697,2)",42.6,0,0
xl/worksheets/sheet2.xml,H697,,E697+G697,894.6,0,0
xl/worksheets/sheet2.xml,J697,,"_xlfn.XLOOKUP(C697,Departments!$A$2:$A$6,Departments!$B$2:$B$6,""Unknown"")",Finance,0,0
xl/worksheets/sheet2.xml,F698,,"VLOOKUP(D698,Lookup!$A$2:$B$4,2,FALSE())",0.1,0,0
xl/worksheets/sheet2.xml,G698,,"ROUND(E698*F698,2)",88.9,0,0
xl/worksheets/sheet2.xml,H698,,E698+G698,977.9,0,0
xl/worksheets/sheet2.xml,J698,,"_xlfn.XLOOKUP(C698,Departments!$A$2:$A$6,Departments!$B$2:$B$6,""Unknown"")",Quality,0,0
xl/worksheets/sheet2.xml,F699,,"VLOOKUP(D699,Lookup!$A$2:$B$4,2,FALSE())",0.15,0,0
xl/worksheets/sheet2.xml,G699,,"ROUND(E699*F699,2)",138.9,0,0
xl/worksheets/sheet2.xml,H699,,E699+G699,1064.9,0,0
xl/worksheets/sheet2.xml,J699,,"_xlfn.XLOOKUP(C699,Departments!$A$2:$A$6,Departments!$B$2:$B$6,""Unknown"")",Human Resources,0,0
xl/worksheets/sheet2.xml,F700,,"VLOOKUP(D700,Lookup!$A$2:$B$4,2,FALSE())",0.05,0,0
xl/worksheets/sheet2.xml,G700,,"ROUND(E700*F700,2)",48.15,0,0
xl/worksheets/sheet2.xml,H700,,E700+G700,1011.15,0,0
xl/worksheets/sheet2.xml,J700,,"_xlfn.XLOOKUP(C700,Departments!$A$2:$A$6,Departments!$B$2:$B$6,""Unknown"")",Technology,0,0
xl/worksheets/sheet2.xml,F701,,"VLOOKUP(D701,Lookup!$A$2:$B$4,2,FALSE())",0.1,0,0
xl/worksheets/sheet2.xml,G701,,"ROUND(E701*F701,2)",100,0,0
xl/worksheets/sheet2.xml,H701,,E701+G701,1100,0,0
xl/worksheets/sheet2.xml,J701,,"_xlfn.XLOOKUP(C701,Departments!$A$2:$A$6,Departments!$B$2:$B$6,""Unknown"")",Operations,0,0
xl/worksheets/sheet2.xml,F702,,"VLOOKUP(D702,Lookup!$A$2:$B$4,2,FALSE())",0.15,0,0
xl/worksheets/sheet2.xml,G702,,"ROUND(E702*F702,2)",155.55,0,0
xl/worksheets/sheet2.xml,H702,,E702+G702,1192.55,0,0
xl/worksheets/sheet2.xml,J702,,"_xlfn.XLOOKUP(C702,Departments!$A$2:$A$6,Departments!$B$2:$B$6,""Unknown"")",Finance,0,0
xl/worksheets/sheet2.xml,F703,,"VLOOKUP(D703,Lookup!$A$2:$B$4,2,FALSE())",0.05,0,0
xl/worksheets/sheet2.xml,G703,,"ROUND(E703*F703,2)",53.7,0,0
xl/worksheets/sheet2.xml,H703,,E703+G703,1127.7,0,0
xl/worksheets/sheet2.xml,J703,,"_xlfn.XLOOKUP(C703,Departments!$A$2:$A$6,Departments!$B$2:$B$6,""Unknown"")",Quality,0,0
xl/worksheets/sheet2.xml,F704,,"VLOOKUP(D704,Lookup!$A$2:$B$4,2,FALSE())",0.1,0,0
xl/worksheets/sheet2.xml,G704,,"ROUND(E704*F704,2)",111.1,0,0
xl/worksheets/sheet2.xml,H704,,E704+G704,1222.1,0,0
xl/worksheets/sheet2.xml,J704,,"_xlfn.XLOOKUP(C704,Departments!$A$2:$A$6,Departments!$B$2:$B$6,""Unknown"")",Human Resources,0,0
xl/worksheets/sheet2.xml,F705,,"VLOOKUP(D705,Lookup!$A$2:$B$4,2,FALSE())",0.15,0,0
xl/worksheets/sheet2.xml,G705,,"ROUND(E705*F705,2)",172.2,0,0
xl/worksheets/sheet2.xml,H705,,E705+G705,1320.2,0,0
xl/worksheets/sheet2.xml,J705,,"_xlfn.XLOOKUP(C705,Departments!$A$2:$A$6,Departments!$B$2:$B$6,""Unknown"")",Technology,0,0
xl/worksheets/sheet2.xml,F706,,"VLOOKUP(D706,Lookup!$A$2:$B$4,2,FALSE())",0.05,0,0
xl/worksheets/sheet2.xml,G706,,"ROUND(E706*F706,2)",59.25,0,0
xl/worksheets/sheet2.xml,H706,,E706+G706,1244.25,0,0
xl/worksheets/sheet2.xml,J706,,"_xlfn.XLOOKUP(C706,Departments!$A$2:$A$6,Departments!$B$2:$B$6,""Unknown"")",Operations,0,0
xl/worksheets/sheet2.xml,F707,,"VLOOKUP(D707,Lookup!$A$2:$B$4,2,FALSE())",0.1,0,0
xl/worksheets/sheet2.xml,G707,,"ROUND(E707*F707,2)",122.2,0,0
xl/worksheets/sheet2.xml,H707,,E707+G707,1344.2,0,0
xl/worksheets/sheet2.xml,J707,,"_xlfn.XLOOKUP(C707,Departments!$A$2:$A$6,Departments!$B$2:$B$6,""Unknown"")",Finance,0,0
xl/worksheets/sheet2.xml,F708,,"VLOOKUP(D708,Lookup!$A$2:$B$4,2,FALSE())",0.15,0,0
xl/worksheets/sheet2.xml,G708,,"ROUND(E708*F708,2)",188.85,0,0
xl/worksheets/sheet2.xml,H708,,E708+G708,1447.85,0,0
xl/worksheets/sheet2.xml,J708,,"_xlfn.XLOOKUP(C708,Departments!$A$2:$A$6,Departments!$B$2:$B$6,""Unknown"")",Quality,0,0
xl/worksheets/sheet2.xml,F709,,"VLOOKUP(D709,Lookup!$A$2:$B$4,2,FALSE())",0.05,0,0
xl/worksheets/sheet2.xml,G709,,"ROUND(E709*F709,2)",64.8,0,0
xl/worksheets/sheet2.xml,H709,,E709+G709,1360.8,0,0
xl/worksheets/sheet2.xml,J709,,"_xlfn.XLOOKUP(C709,Departments!$A$2:$A$6,Departments!$B$2:$B$6,""Unknown"")",Human Resources,0,0
xl/worksheets/sheet2.xml,F710,,"VLOOKUP(D710,Lookup!$A$2:$B$4,2,FALSE())",0.1,0,0
xl/worksheets/sheet2.xml,G710,,"ROUND(E710*F710,2)",133.3,0,0
xl/worksheets/sheet2.xml,H710,,E710+G710,1466.3,0,0
xl/worksheets/sheet2.xml,J710,,"_xlfn.XLOOKUP(C710,Departments!$A$2:$A$6,Departments!$B$2:$B$6,""Unknown"")",Technology,0,0
xl/worksheets/sheet2.xml,F711,,"VLOOKUP(D711,Lookup!$A$2:$B$4,2,FALSE())",0.15,0,0
xl/worksheets/sheet2.xml,G711,,"ROUND(E711*F711,2)",205.5,0,0
xl/worksheets/sheet2.xml,H711,,E711+G711,1575.5,0,0
xl/worksheets/sheet2.xml,J711,,"_xlfn.XLOOKUP(C711,Departments!$A$2:$A$6,Departments!$B$2:$B$6,""Unknown"")",Operations,0,0
xl/worksheets/sheet2.xml,F712,,"VLOOKUP(D712,Lookup!$A$2:$B$4,2,FALSE())",0.05,0,0
xl/worksheets/sheet2.xml,G712,,"ROUND(E712*F712,2)",70.35,0,0
xl/worksheets/sheet2.xml,H712,,E712+G712,1477.35,0,0
xl/worksheets/sheet2.xml,J712,,"_xlfn.XLOOKUP(C712,Departments!$A$2:$A$6,Departments!$B$2:$B$6,""Unknown"")",Finance,0,0
xl/worksheets/sheet2.xml,F713,,"VLOOKUP(D713,Lookup!$A$2:$B$4,2,FALSE())",0.1,0,0
xl/worksheets/sheet2.xml,G713,,"ROUND(E713*F713,2)",144.4,0,0
xl/worksheets/sheet2.xml,H713,,E713+G713,1588.4,0,0
xl/worksheets/sheet2.xml,J713,,"_xlfn.XLOOKUP(C713,Departments!$A$2:$A$6,Departments!$B$2:$B$6,""Unknown"")",Quality,0,0
xl/worksheets/sheet2.xml,F714,,"VLOOKUP(D714,Lookup!$A$2:$B$4,2,FALSE())",0.15,0,0
xl/worksheets/sheet2.xml,G714,,"ROUND(E714*F714,2)",222.15,0,0
xl/worksheets/sheet2.xml,H714,,E714+G714,1703.15,0,0
xl/worksheets/sheet2.xml,J714,,"_xlfn.XLOOKUP(C714,Departments!$A$2:$A$6,Departments!$B$2:$B$6,""Unknown"")",Human Resources,0,0
xl/worksheets/sheet2.xml,F715,,"VLOOKUP(D715,Lookup!$A$2:$B$4,2,FALSE())",0.05,0,0
xl/worksheets/sheet2.xml,G715,,"ROUND(E715*F715,2)",75.9,0,0
xl/worksheets/sheet2.xml,H715,,E715+G715,1593.9,0,0
xl/worksheets/sheet2.xml,J715,,"_xlfn.XLOOKUP(C715,Departments!$A$2:$A$6,Departments!$B$2:$B$6,""Unknown"")",Technology,0,0
xl/worksheets/sheet2.xml,F716,,"VLOOKUP(D716,Lookup!$A$2:$B$4,2,FALSE())",0.1,0,0
xl/worksheets/sheet2.xml,G716,,"ROUND(E716*F716,2)",155.5,0,0
xl/worksheets/sheet2.xml,H716,,E716+G716,1710.5,0,0
xl/worksheets/sheet2.xml,J716,,"_xlfn.XLOOKUP(C716,Departments!$A$2:$A$6,Departments!$B$2:$B$6,""Unknown"")",Operations,0,0
xl/worksheets/sheet2.xml,F717,,"VLOOKUP(D717,Lookup!$A$2:$B$4,2,FALSE())",0.15,0,0
xl/worksheets/sheet2.xml,G717,,"ROUND(E717*F717,2)",238.8,0,0
xl/worksheets/sheet2.xml,H717,,E717+G717,1830.8,0,0
xl/worksheets/sheet2.xml,J717,,"_xlfn.XLOOKUP(C717,Departments!$A$2:$A$6,Departments!$B$2:$B$6,""Unknown"")",Finance,0,0
xl/worksheets/sheet2.xml,F718,,"VLOOKUP(D718,Lookup!$A$2:$B$4,2,FALSE())",0.05,0,0
xl/worksheets/sheet2.xml,G718,,"ROUND(E718*F718,2)",81.45,0,0
xl/worksheets/sheet2.xml,H718,,E718+G718,1710.45,0,0
xl/worksheets/sheet2.xml,J718,,"_xlfn.XLOOKUP(C718,Departments!$A$2:$A$6,Departments!$B$2:$B$6,""Unknown"")",Quality,0,0
xl/worksheets/sheet2.xml,F719,,"VLOOKUP(D719,Lookup!$A$2:$B$4,2,FALSE())",0.1,0,0
xl/worksheets/sheet2.xml,G719,,"ROUND(E719*F719,2)",166.6,0,0
xl/worksheets/sheet2.xml,H719,,E719+G719,1832.6,0,0
xl/worksheets/sheet2.xml,J719,,"_xlfn.XLOOKUP(C719,Departments!$A$2:$A$6,Departments!$B$2:$B$6,""Unknown"")",Human Resources,0,0
xl/worksheets/sheet2.xml,F720,,"VLOOKUP(D720,Lookup!$A$2:$B$4,2,FALSE())",0.15,0,0
xl/worksheets/sheet2.xml,G720,,"ROUND(E720*F720,2)",255.45,0,0
xl/worksheets/sheet2.xml,H720,,E720+G720,1958.45,0,0
xl/worksheets/sheet2.xml,J720,,"_xlfn.XLOOKUP(C720,Departments!$A$2:$A$6,Departments!$B$2:$B$6,""Unknown"")",Technology,0,0
xl/worksheets/sheet2.xml,F721,,"VLOOKUP(D721,Lookup!$A$2:$B$4,2,FALSE())",0.05,0,0
xl/worksheets/sheet2.xml,G721,,"ROUND(E721*F721,2)",87,0,0
xl/worksheets/sheet2.xml,H721,,E721+G721,1827,0,0
xl/worksheets/sheet2.xml,J721,,"_xlfn.XLOOKUP(C721,Departments!$A$2:$A$6,Departments!$B$2:$B$6,""Unknown"")",Operations,0,0
xl/worksheets/sheet2.xml,F722,,"VLOOKUP(D722,Lookup!$A$2:$B$4,2,FALSE())",0.1,0,0
xl/worksheets/sheet2.xml,G722,,"ROUND(E722*F722,2)",177.7,0,0
xl/worksheets/sheet2.xml,H722,,E722+G722,1954.7,0,0
xl/worksheets/sheet2.xml,J722,,"_xlfn.XLOOKUP(C722,Departments!$A$2:$A$6,Departments!$B$2:$B$6,""Unknown"")",Finance,0,0
xl/worksheets/sheet2.xml,F723,,"VLOOKUP(D723,Lookup!$A$2:$B$4,2,FALSE())",0.15,0,0
xl/worksheets/sheet2.xml,G723,,"ROUND(E723*F723,2)",272.1,0,0
xl/worksheets/sheet2.xml,H723,,E723+G723,2086.1,0,0
xl/worksheets/sheet2.xml,J723,,"_xlfn.XLOOKUP(C723,Departments!$A$2:$A$6,Departments!$B$2:$B$6,""Unknown"")",Quality,0,0
xl/worksheets/sheet2.xml,F724,,"VLOOKUP(D724,Lookup!$A$2:$B$4,2,FALSE())",0.05,0,0
xl/worksheets/sheet2.xml,G724,,"ROUND(E724*F724,2)",92.55,0,0
xl/worksheets/sheet2.xml,H724,,E724+G724,1943.55,0,0
xl/worksheets/sheet2.xml,J724,,"_xlfn.XLOOKUP(C724,Departments!$A$2:$A$6,Departments!$B$2:$B$6,""Unknown"")",Human Resources,0,0
xl/worksheets/sheet2.xml,F725,,"VLOOKUP(D725,Lookup!$A$2:$B$4,2,FALSE())",0.1,0,0
xl/worksheets/sheet2.xml,G725,,"ROUND(E725*F725,2)",188.8,0,0
xl/worksheets/sheet2.xml,H725,,E725+G725,2076.8,0,0
xl/worksheets/sheet2.xml,J725,,"_xlfn.XLOOKUP(C725,Departments!$A$2:$A$6,Departments!$B$2:$B$6,""Unknown"")",Technology,0,0
xl/worksheets/sheet2.xml,F726,,"VLOOKUP(D726,Lookup!$A$2:$B$4,2,FALSE())",0.15,0,0
xl/worksheets/sheet2.xml,G726,,"ROUND(E726*F726,2)",288.75,0,0
xl/worksheets/sheet2.xml,H726,,E726+G726,2213.75,0,0
xl/worksheets/sheet2.xml,J726,,"_xlfn.XLOOKUP(C726,Departments!$A$2:$A$6,Departments!$B$2:$B$6,""Unknown"")",Operations,0,0
xl/worksheets/sheet2.xml,F727,,"VLOOKUP(D727,Lookup!$A$2:$B$4,2,FALSE())",0.05,0,0
xl/worksheets/sheet2.xml,G727,,"ROUND(E727*F727,2)",98.1,0,0
xl/worksheets/sheet2.xml,H727,,E727+G727,2060.1,0,0
xl/worksheets/sheet2.xml,J727,,"_xlfn.XLOOKUP(C727,Departments!$A$2:$A$6,Departments!$B$2:$B$6,""Unknown"")",Finance,0,0
xl/worksheets/sheet2.xml,F728,,"VLOOKUP(D728,Lookup!$A$2:$B$4,2,FALSE())",0.1,0,0
xl/worksheets/sheet2.xml,G728,,"ROUND(E728*F728,2)",199.9,0,0
xl/worksheets/sheet2.xml,H728,,E728+G728,2198.9,0,0
xl/worksheets/sheet2.xml,J728,,"_xlfn.XLOOKUP(C728,Departments!$A$2:$A$6,Departments!$B$2:$B$6,""Unknown"")",Quality,0,0
xl/worksheets/sheet2.xml,F729,,"VLOOKUP(D729,Lookup!$A$2:$B$4,2,FALSE())",0.15,0,0
xl/worksheets/sheet2.xml,G729,,"ROUND(E729*F729,2)",305.4,0,0
xl/worksheets/sheet2.xml,H729,,E729+G729,2341.4,0,0
xl/worksheets/sheet2.xml,J729,,"_xlfn.XLOOKUP(C729,Departments!$A$2:$A$6,Departments!$B$2:$B$6,""Unknown"")",Human Resources,0,0
xl/worksheets/sheet2.xml,F730,,"VLOOKUP(D730,Lookup!$A$2:$B$4,2,FALSE())",0.05,0,0
xl/worksheets/sheet2.xml,G730,,"ROUND(E730*F730,2)",103.65,0,0
xl/worksheets/sheet2.xml,H730,,E730+G730,2176.65,0,0
xl/worksheets/sheet2.xml,J730,,"_xlfn.XLOOKUP(C730,Departments!$A$2:$A$6,Departments!$B$2:$B$6,""Unknown"")",Technology,0,0
xl/worksheets/sheet2.xml,F731,,"VLOOKUP(D731,Lookup!$A$2:$B$4,2,FALSE())",0.1,0,0
xl/worksheets/sheet2.xml,G731,,"ROUND(E731*F731,2)",211,0,0
xl/worksheets/sheet2.xml,H731,,E731+G731,2321,0,0
xl/worksheets/sheet2.xml,J731,,"_xlfn.XLOOKUP(C731,Departments!$A$2:$A$6,Departments!$B$2:$B$6,""Unknown"")",Operations,0,0
xl/worksheets/sheet2.xml,F732,,"VLOOKUP(D732,Lookup!$A$2:$B$4,2,FALSE())",0.15,0,0
xl/worksheets/sheet2.xml,G732,,"ROUND(E732*F732,2)",322.05,0,0
xl/worksheets/sheet2.xml,H732,,E732+G732,2469.05,0,0
xl/worksheets/sheet2.xml,J732,,"_xlfn.XLOOKUP(C732,Departments!$A$2:$A$6,Departments!$B$2:$B$6,""Unknown"")",Finance,0,0
xl/worksheets/sheet2.xml,F733,,"VLOOKUP(D733,Lookup!$A$2:$B$4,2,FALSE())",0.05,0,0
xl/worksheets/sheet2.xml,G733,,"ROUND(E733*F733,2)",109.2,0,0
xl/worksheets/sheet2.xml,H733,,E733+G733,2293.2,0,0
xl/worksheets/sheet2.xml,J733,,"_xlfn.XLOOKUP(C733,Departments!$A$2:$A$6,Departments!$B$2:$B$6,""Unknown"")",Quality,0,0
xl/worksheets/sheet2.xml,F734,,"VLOOKUP(D734,Lookup!$A$2:$B$4,2,FALSE())",0.1,0,0
xl/worksheets/sheet2.xml,G734,,"ROUND(E734*F734,2)",222.1,0,0
xl/worksheets/sheet2.xml,H734,,E734+G734,2443.1,0,0
xl/worksheets/sheet2.xml,J734,,"_xlfn.XLOOKUP(C734,Departments!$A$2:$A$6,Departments!$B$2:$B$6,""Unknown"")",Human Resources,0,0
xl/worksheets/sheet2.xml,F735,,"VLOOKUP(D735,Lookup!$A$2:$B$4,2,FALSE())",0.15,0,0
xl/worksheets/sheet2.xml,G735,,"ROUND(E735*F735,2)",338.7,0,0
xl/worksheets/sheet2.xml,H735,,E735+G735,2596.7,0,0
xl/worksheets/sheet2.xml,J735,,"_xlfn.XLOOKUP(C735,Departments!$A$2:$A$6,Departments!$B$2:$B$6,""Unknown"")",Technology,0,0
xl/worksheets/sheet2.xml,F736,,"VLOOKUP(D736,Lookup!$A$2:$B$4,2,FALSE())",0.05,0,0
xl/worksheets/sheet2.xml,G736,,"ROUND(E736*F736,2)",114.75,0,0
xl/worksheets/sheet2.xml,H736,,E736+G736,2409.75,0,0
xl/worksheets/sheet2.xml,J736,,"_xlfn.XLOOKUP(C736,Departments!$A$2:$A$6,Departments!$B$2:$B$6,""Unknown"")",Operations,0,0
xl/worksheets/sheet2.xml,F737,,"VLOOKUP(D737,Lookup!$A$2:$B$4,2,FALSE())",0.1,0,0
xl/worksheets/sheet2.xml,G737,,"ROUND(E737*F737,2)",233.2,0,0
xl/worksheets/sheet2.xml,H737,,E737+G737,2565.2,0,0
xl/worksheets/sheet2.xml,J737,,"_xlfn.XLOOKUP(C737,Departments!$A$2:$A$6,Departments!$B$2:$B$6,""Unknown"")",Finance,0,0
xl/worksheets/sheet2.xml,F738,,"VLOOKUP(D738,Lookup!$A$2:$B$4,2,FALSE())",0.15,0,0
xl/worksheets/sheet2.xml,G738,,"ROUND(E738*F738,2)",355.35,0,0
xl/worksheets/sheet2.xml,H738,,E738+G738,2724.35,0,0
xl/worksheets/sheet2.xml,J738,,"_xlfn.XLOOKUP(C738,Departments!$A$2:$A$6,Departments!$B$2:$B$6,""Unknown"")",Quality,0,0
xl/worksheets/sheet2.xml,F739,,"VLOOKUP(D739,Lookup!$A$2:$B$4,2,FALSE())",0.05,0,0
xl/worksheets/sheet2.xml,G739,,"ROUND(E739*F739,2)",120.3,0,0
xl/worksheets/sheet2.xml,H739,,E739+G739,2526.3,0,0
xl/worksheets/sheet2.xml,J739,,"_xlfn.XLOOKUP(C739,Departments!$A$2:$A$6,Departments!$B$2:$B$6,""Unknown"")",Human Resources,0,0
xl/worksheets/sheet2.xml,F740,,"VLOOKUP(D740,Lookup!$A$2:$B$4,2,FALSE())",0.1,0,0
xl/worksheets/sheet2.xml,G740,,"ROUND(E740*F740,2)",244.3,0,0
xl/worksheets/sheet2.xml,H740,,E740+G740,2687.3,0,0
xl/worksheets/sheet2.xml,J740,,"_xlfn.XLOOKUP(C740,Departments!$A$2:$A$6,Departments!$B$2:$B$6,""Unknown"")",Technology,0,0
xl/worksheets/sheet2.xml,F741,,"VLOOKUP(D741,Lookup!$A$2:$B$4,2,FALSE())",0.15,0,0
xl/worksheets/sheet2.xml,G741,,"ROUND(E741*F741,2)",372,0,0
xl/worksheets/sheet2.xml,H741,,E741+G741,2852,0,0
xl/worksheets/sheet2.xml,J741,,"_xlfn.XLOOKUP(C741,Departments!$A$2:$A$6,Departments!$B$2:$B$6,""Unknown"")",Operations,0,0
xl/worksheets/sheet2.xml,F742,,"VLOOKUP(D742,Lookup!$A$2:$B$4,2,FALSE())",0.05,0,0
xl/worksheets/sheet2.xml,G742,,"ROUND(E742*F742,2)",125.85,0,0
xl/worksheets/sheet2.xml,H742,,E742+G742,2642.85,0,0
xl/worksheets/sheet2.xml,J742,,"_xlfn.XLOOKUP(C742,Departments!$A$2:$A$6,Departments!$B$2:$B$6,""Unknown"")",Finance,0,0
xl/worksheets/sheet2.xml,F743,,"VLOOKUP(D743,Lookup!$A$2:$B$4,2,FALSE())",0.1,0,0
xl/worksheets/sheet2.xml,G743,,"ROUND(E743*F743,2)",255.4,0,0
xl/worksheets/sheet2.xml,H743,,E743+G743,2809.4,0,0
xl/worksheets/sheet2.xml,J743,,"_xlfn.XLOOKUP(C743,Departments!$A$2:$A$6,Departments!$B$2:$B$6,""Unknown"")",Quality,0,0
xl/worksheets/sheet2.xml,F744,,"VLOOKUP(D744,Lookup!$A$2:$B$4,2,FALSE())",0.15,0,0
xl/worksheets/sheet2.xml,G744,,"ROUND(E744*F744,2)",388.65,0,0
xl/worksheets/sheet2.xml,H744,,E744+G744,2979.65,0,0
xl/worksheets/sheet2.xml,J744,,"_xlfn.XLOOKUP(C744,Departments!$A$2:$A$6,Departments!$B$2:$B$6,""Unknown"")",Human Resources,0,0
xl/worksheets/sheet2.xml,F745,,"VLOOKUP(D745,Lookup!$A$2:$B$4,2,FALSE())",0.05,0,0
xl/worksheets/sheet2.xml,G745,,"ROUND(E745*F745,2)",131.4,0,0
xl/worksheets/sheet2.xml,H745,,E745+G745,2759.4,0,0
xl/worksheets/sheet2.xml,J745,,"_xlfn.XLOOKUP(C745,Departments!$A$2:$A$6,Departments!$B$2:$B$6,""Unknown"")",Technology,0,0
xl/worksheets/sheet2.xml,F746,,"VLOOKUP(D746,Lookup!$A$2:$B$4,2,FALSE())",0.1,0,0
xl/worksheets/sheet2.xml,G746,,"ROUND(E746*F746,2)",266.5,0,0
xl/worksheets/sheet2.xml,H746,,E746+G746,2931.5,0,0
xl/worksheets/sheet2.xml,J746,,"_xlfn.XLOOKUP(C746,Departments!$A$2:$A$6,Departments!$B$2:$B$6,""Unknown"")",Operations,0,0
xl/worksheets/sheet2.xml,F747,,"VLOOKUP(D747,Lookup!$A$2:$B$4,2,FALSE())",0.15,0,0
xl/worksheets/sheet2.xml,G747,,"ROUND(E747*F747,2)",405.3,0,0
xl/worksheets/sheet2.xml,H747,,E747+G747,3107.3,0,0
xl/worksheets/sheet2.xml,J747,,"_xlfn.XLOOKUP(C747,Departments!$A$2:$A$6,Departments!$B$2:$B$6,""Unknown"")",Finance,0,0
xl/worksheets/sheet2.xml,F748,,"VLOOKUP(D748,Lookup!$A$2:$B$4,2,FALSE())",0.05,0,0
xl/worksheets/sheet2.xml,G748,,"ROUND(E748*F748,2)",136.95,0,0
xl/worksheets/sheet2.xml,H748,,E748+G748,2875.95,0,0
xl/worksheets/sheet2.xml,J748,,"_xlfn.XLOOKUP(C748,Departments!$A$2:$A$6,Departments!$B$2:$B$6,""Unknown"")",Quality,0,0
xl/worksheets/sheet2.xml,F749,,"VLOOKUP(D749,Lookup!$A$2:$B$4,2,FALSE())",0.1,0,0
xl/worksheets/sheet2.xml,G749,,"ROUND(E749*F749,2)",277.6,0,0
xl/worksheets/sheet2.xml,H749,,E749+G749,3053.6,0,0
xl/worksheets/sheet2.xml,J749,,"_xlfn.XLOOKUP(C749,Departments!$A$2:$A$6,Departments!$B$2:$B$6,""Unknown"")",Human Resources,0,0
xl/worksheets/sheet2.xml,F750,,"VLOOKUP(D750,Lookup!$A$2:$B$4,2,FALSE())",0.15,0,0
xl/worksheets/sheet2.xml,G750,,"ROUND(E750*F750,2)",421.95,0,0
xl/worksheets/sheet2.xml,H750,,E750+G750,3234.95,0,0
xl/worksheets/sheet2.xml,J750,,"_xlfn.XLOOKUP(C750,Departments!$A$2:$A$6,Departments!$B$2:$B$6,""Unknown"")",Technology,0,0
xl/worksheets/sheet2.xml,F751,,"VLOOKUP(D751,Lookup!$A$2:$B$4,2,FALSE())",0.05,0,0
xl/worksheets/sheet2.xml,G751,,"ROUND(E751*F751,2)",142.5,0,0
xl/worksheets/sheet2.xml,H751,,E751+G751,2992.5,0,0
xl/worksheets/sheet2.xml,J751,,"_xlfn.XLOOKUP(C751,Departments!$A$2:$A$6,Departments!$B$2:$B$6,""Unknown"")",Operations,0,0
xl/worksheets/sheet2.xml,F752,,"VLOOKUP(D752,Lookup!$A$2:$B$4,2,FALSE())",0.1,0,0
xl/worksheets/sheet2.xml,G752,,"ROUND(E752*F752,2)",288.7,0,0
xl/worksheets/sheet2.xml,H752,,E752+G752,3175.7,0,0
xl/worksheets/sheet2.xml,J752,,"_xlfn.XLOOKUP(C752,Departments!$A$2:$A$6,Departments!$B$2:$B$6,""Unknown"")",Finance,0,0
xl/worksheets/sheet2.xml,F753,,"VLOOKUP(D753,Lookup!$A$2:$B$4,2,FALSE())",0.15,0,0
xl/worksheets/sheet2.xml,G753,,"ROUND(E753*F753,2)",438.6,0,0
xl/worksheets/sheet2.xml,H753,,E753+G753,3362.6,0,0
xl/worksheets/sheet2.xml,J753,,"_xlfn.XLOOKUP(C753,Departments!$A$2:$A$6,Departments!$B$2:$B$6,""Unknown"")",Quality,0,0
xl/worksheets/sheet2.xml,F754,,"VLOOKUP(D754,Lookup!$A$2:$B$4,2,FALSE())",0.05,0,0
xl/worksheets/sheet2.xml,G754,,"ROUND(E754*F754,2)",148.05,0,0
xl/worksheets/sheet2.xml,H754,,E754+G754,3109.05,0,0
xl/worksheets/sheet2.xml,J754,,"_xlfn.XLOOKUP(C754,Departments!$A$2:$A$6,Departments!$B$2:$B$6,""Unknown"")",Human Resources,0,0
xl/worksheets/sheet2.xml,F755,,"VLOOKUP(D755,Lookup!$A$2:$B$4,2,FALSE())",0.1,0,0
xl/worksheets/sheet2.xml,G755,,"ROUND(E755*F755,2)",299.8,0,0
xl/worksheets/sheet2.xml,H755,,E755+G755,3297.8,0,0
xl/worksheets/sheet2.xml,J755,,"_xlfn.XLOOKUP(C755,Departments!$A$2:$A$6,Departments!$B$2:$B$6,""Unknown"")",Technology,0,0
xl/worksheets/sheet2.xml,F756,,"VLOOKUP(D756,Lookup!$A$2:$B$4,2,FALSE())",0.15,0,0
xl/worksheets/sheet2.xml,G756,,"ROUND(E756*F756,2)",455.25,0,0
xl/worksheets/sheet2.xml,H756,,E756+G756,3490.25,0,0
xl/worksheets/sheet2.xml,J756,,"_xlfn.XLOOKUP(C756,Departments!$A$2:$A$6,Departments!$B$2:$B$6,""Unknown"")",Operations,0,0
xl/worksheets/sheet2.xml,F757,,"VLOOKUP(D757,Lookup!$A$2:$B$4,2,FALSE())",0.05,0,0
xl/worksheets/sheet2.xml,G757,,"ROUND(E757*F757,2)",153.6,0,0
xl/worksheets/sheet2.xml,H757,,E757+G757,3225.6,0,0
xl/worksheets/sheet2.xml,J757,,"_xlfn.XLOOKUP(C757,Departments!$A$2:$A$6,Departments!$B$2:$B$6,""Unknown"")",Finance,0,0
xl/worksheets/sheet2.xml,F758,,"VLOOKUP(D758,Lookup!$A$2:$B$4,2,FALSE())",0.1,0,0
xl/worksheets/sheet2.xml,G758,,"ROUND(E758*F758,2)",310.9,0,0
xl/worksheets/sheet2.xml,H758,,E758+G758,3419.9,0,0
xl/worksheets/sheet2.xml,J758,,"_xlfn.XLOOKUP(C758,Departments!$A$2:$A$6,Departments!$B$2:$B$6,""Unknown"")",Quality,0,0
xl/worksheets/sheet2.xml,F759,,"VLOOKUP(D759,Lookup!$A$2:$B$4,2,FALSE())",0.15,0,0
xl/worksheets/sheet2.xml,G759,,"ROUND(E759*F759,2)",471.9,0,0
xl/worksheets/sheet2.xml,H759,,E759+G759,3617.9,0,0
xl/worksheets/sheet2.xml,J759,,"_xlfn.XLOOKUP(C759,Departments!$A$2:$A$6,Departments!$B$2:$B$6,""Unknown"")",Human Resources,0,0
xl/worksheets/sheet2.xml,F760,,"VLOOKUP(D760,Lookup!$A$2:$B$4,2,FALSE())",0.05,0,0
xl/worksheets/sheet2.xml,G760,,"ROUND(E760*F760,2)",159.15,0,0
xl/worksheets/sheet2.xml,H760,,E760+G760,3342.15,0,0
xl/worksheets/sheet2.xml,J760,,"_xlfn.XLOOKUP(C760,Departments!$A$2:$A$6,Departments!$B$2:$B$6,""Unknown"")",Technology,0,0
xl/worksheets/sheet2.xml,F761,,"VLOOKUP(D761,Lookup!$A$2:$B$4,2,FALSE())",0.1,0,0
xl/worksheets/sheet2.xml,G761,,"ROUND(E761*F761,2)",322,0,0
xl/worksheets/sheet2.xml,H761,,E761+G761,3542,0,0
xl/worksheets/sheet2.xml,J761,,"_xlfn.XLOOKUP(C761,Departments!$A$2:$A$6,Departments!$B$2:$B$6,""Unknown"")",Operations,0,0
xl/worksheets/sheet2.xml,F762,,"VLOOKUP(D762,Lookup!$A$2:$B$4,2,FALSE())",0.15,0,0
xl/worksheets/sheet2.xml,G762,,"ROUND(E762*F762,2)",488.55,0,0
xl/worksheets/sheet2.xml,H762,,E762+G762,3745.55,0,0
xl/worksheets/sheet2.xml,J762,,"_xlfn.XLOOKUP(C762,Departments!$A$2:$A$6,Departments!$B$2:$B$6,""Unknown"")",Finance,0,0
xl/worksheets/sheet2.xml,F763,,"VLOOKUP(D763,Lookup!$A$2:$B$4,2,FALSE())",0.05,0,0
xl/worksheets/sheet2.xml,G763,,"ROUND(E763*F763,2)",164.7,0,0
xl/worksheets/sheet2.xml,H763,,E763+G763,3458.7,0,0
xl/worksheets/sheet2.xml,J763,,"_xlfn.XLOOKUP(C763,Departments!$A$2:$A$6,Departments!$B$2:$B$6,""Unknown"")",Quality,0,0
xl/worksheets/sheet2.xml,F764,,"VLOOKUP(D764,Lookup!$A$2:$B$4,2,FALSE())",0.1,0,0
xl/worksheets/sheet2.xml,G764,,"ROUND(E764*F764,2)",333.1,0,0
xl/worksheets/sheet2.xml,H764,,E764+G764,3664.1,0,0
xl/worksheets/sheet2.xml,J764,,"_xlfn.XLOOKUP(C764,Departments!$A$2:$A$6,Departments!$B$2:$B$6,""Unknown"")",Human Resources,0,0
xl/worksheets/sheet2.xml,F765,,"VLOOKUP(D765,Lookup!$A$2:$B$4,2,FALSE())",0.15,0,0
xl/worksheets/sheet2.xml,G765,,"ROUND(E765*F765,2)",505.2,0,0
xl/worksheets/sheet2.xml,H765,,E765+G765,3873.2,0,0
xl/worksheets/sheet2.xml,J765,,"_xlfn.XLOOKUP(C765,Departments!$A$2:$A$6,Departments!$B$2:$B$6,""Unknown"")",Technology,0,0
xl/worksheets/sheet2.xml,F766,,"VLOOKUP(D766,Lookup!$A$2:$B$4,2,FALSE())",0.05,0,0
xl/worksheets/sheet2.xml,G766,,"ROUND(E766*F766,2)",170.25,0,0
xl/worksheets/sheet2.xml,H766,,E766+G766,3575.25,0,0
xl/worksheets/sheet2.xml,J766,,"_xlfn.XLOOKUP(C766,Departments!$A$2:$A$6,Departments!$B$2:$B$6,""Unknown"")",Operations,0,0
xl/worksheets/sheet2.xml,F767,,"VLOOKUP(D767,Lookup!$A$2:$B$4,2,FALSE())",0.1,0,0
xl/worksheets/sheet2.xml,G767,,"ROUND(E767*F767,2)",344.2,0,0
xl/worksheets/sheet2.xml,H767,,E767+G767,3786.2,0,0
xl/worksheets/sheet2.xml,J767,,"_xlfn.XLOOKUP(C767,Departments!$A$2:$A$6,Departments!$B$2:$B$6,""Unknown"")",Finance,0,0
xl/worksheets/sheet2.xml,F768,,"VLOOKUP(D768,Lookup!$A$2:$B$4,2,FALSE())",0.15,0,0
xl/worksheets/sheet2.xml,G768,,"ROUND(E768*F768,2)",521.85,0,0
xl/worksheets/sheet2.xml,H768,,E768+G768,4000.85,0,0
xl/worksheets/sheet2.xml,J768,,"_xlfn.XLOOKUP(C768,Departments!$A$2:$A$6,Departments!$B$2:$B$6,""Unknown"")",Quality,0,0
xl/worksheets/sheet2.xml,F769,,"VLOOKUP(D769,Lookup!$A$2:$B$4,2,FALSE())",0.05,0,0
xl/worksheets/sheet2.xml,G769,,"ROUND(E769*F769,2)",175.8,0,0
xl/worksheets/sheet2.xml,H769,,E769+G769,3691.8,0,0
xl/worksheets/sheet2.xml,J769,,"_xlfn.XLOOKUP(C769,Departments!$A$2:$A$6,Departments!$B$2:$B$6,""Unknown"")",Human Resources,0,0
xl/worksheets/sheet2.xml,F770,,"VLOOKUP(D770,Lookup!$A$2:$B$4,2,FALSE())",0.1,0,0
xl/worksheets/sheet2.xml,G770,,"ROUND(E770*F770,2)",355.3,0,0
xl/worksheets/sheet2.xml,H770,,E770+G770,3908.3,0,0
xl/worksheets/sheet2.xml,J770,,"_xlfn.XLOOKUP(C770,Departments!$A$2:$A$6,Departments!$B$2:$B$6,""Unknown"")",Technology,0,0
xl/worksheets/sheet2.xml,F771,,"VLOOKUP(D771,Lookup!$A$2:$B$4,2,FALSE())",0.15,0,0
xl/worksheets/sheet2.xml,G771,,"ROUND(E771*F771,2)",538.5,0,0
xl/worksheets/sheet2.xml,H771,,E771+G771,4128.5,0,0
xl/worksheets/sheet2.xml,J771,,"_xlfn.XLOOKUP(C771,Departments!$A$2:$A$6,Departments!$B$2:$B$6,""Unknown"")",Operations,0,0
xl/worksheets/sheet2.xml,F772,,"VLOOKUP(D772,Lookup!$A$2:$B$4,2,FALSE())",0.05,0,0
xl/worksheets/sheet2.xml,G772,,"ROUND(E772*F772,2)",181.35,0,0
xl/worksheets/sheet2.xml,H772,,E772+G772,3808.35,0,0
xl/worksheets/sheet2.xml,J772,,"_xlfn.XLOOKUP(C772,Departments!$A$2:$A$6,Departments!$B$2:$B$6,""Unknown"")",Finance,0,0
xl/worksheets/sheet2.xml,F773,,"VLOOKUP(D773,Lookup!$A$2:$B$4,2,FALSE())",0.1,0,0
xl/worksheets/sheet2.xml,G773,,"ROUND(E773*F773,2)",366.4,0,0
xl/worksheets/sheet2.xml,H773,,E773+G773,4030.4,0,0
xl/worksheets/sheet2.xml,J773,,"_xlfn.XLOOKUP(C773,Departments!$A$2:$A$6,Departments!$B$2:$B$6,""Unknown"")",Quality,0,0
xl/worksheets/sheet2.xml,F774,,"VLOOKUP(D774,Lookup!$A$2:$B$4,2,FALSE())",0.15,0,0
xl/worksheets/sheet2.xml,G774,,"ROUND(E774*F774,2)",555.15,0,0
xl/worksheets/sheet2.xml,H774,,E774+G774,4256.15,0,0
xl/worksheets/sheet2.xml,J774,,"_xlfn.XLOOKUP(C774,Departments!$A$2:$A$6,Departments!$B$2:$B$6,""Unknown"")",Human Resources,0,0
xl/worksheets/sheet2.xml,F775,,"VLOOKUP(D775,Lookup!$A$2:$B$4,2,FALSE())",0.05,0,0
xl/worksheets/sheet2.xml,G775,,"ROUND(E775*F775,2)",186.9,0,0
xl/worksheets/sheet2.xml,H775,,E775+G775,3924.9,0,0
xl/worksheets/sheet2.xml,J775,,"_xlfn.XLOOKUP(C775,Departments!$A$2:$A$6,Departments!$B$2:$B$6,""Unknown"")",Technology,0,0
xl/worksheets/sheet2.xml,F776,,"VLOOKUP(D776,Lookup!$A$2:$B$4,2,FALSE())",0.1,0,0
xl/worksheets/sheet2.xml,G776,,"ROUND(E776*F776,2)",377.5,0,0
xl/worksheets/sheet2.xml,H776,,E776+G776,4152.5,0,0
xl/worksheets/sheet2.xml,J776,,"_xlfn.XLOOKUP(C776,Departments!$A$2:$A$6,Departments!$B$2:$B$6,""Unknown"")",Operations,0,0
xl/worksheets/sheet2.xml,F777,,"VLOOKUP(D777,Lookup!$A$2:$B$4,2,FALSE())",0.15,0,0
xl/worksheets/sheet2.xml,G777,,"ROUND(E777*F777,2)",571.8,0,0
xl/worksheets/sheet2.xml,H777,,E777+G777,4383.8,0,0
xl/worksheets/sheet2.xml,J777,,"_xlfn.XLOOKUP(C777,Departments!$A$2:$A$6,Departments!$B$2:$B$6,""Unknown"")",Finance,0,0
xl/worksheets/sheet2.xml,F778,,"VLOOKUP(D778,Lookup!$A$2:$B$4,2,FALSE())",0.05,0,0
xl/worksheets/sheet2.xml,G778,,"ROUND(E778*F778,2)",192.45,0,0
xl/worksheets/sheet2.xml,H778,,E778+G778,4041.45,0,0
xl/worksheets/sheet2.xml,J778,,"_xlfn.XLOOKUP(C778,Departments!$A$2:$A$6,Departments!$B$2:$B$6,""Unknown"")",Quality,0,0
xl/worksheets/sheet2.xml,F779,,"VLOOKUP(D779,Lookup!$A$2:$B$4,2,FALSE())",0.1,0,0
xl/worksheets/sheet2.xml,G779,,"ROUND(E779*F779,2)",388.6,0,0
xl/worksheets/sheet2.xml,H779,,E779+G779,4274.6,0,0
xl/worksheets/sheet2.xml,J779,,"_xlfn.XLOOKUP(C779,Departments!$A$2:$A$6,Departments!$B$2:$B$6,""Unknown"")",Human Resources,0,0
xl/worksheets/sheet2.xml,F780,,"VLOOKUP(D780,Lookup!$A$2:$B$4,2,FALSE())",0.15,0,0
xl/worksheets/sheet2.xml,G780,,"ROUND(E780*F780,2)",588.45,0,0
xl/worksheets/sheet2.xml,H780,,E780+G780,4511.45,0,0
xl/worksheets/sheet2.xml,J780,,"_xlfn.XLOOKUP(C780,Departments!$A$2:$A$6,Departments!$B$2:$B$6,""Unknown"")",Technology,0,0
xl/worksheets/sheet2.xml,F781,,"VLOOKUP(D781,Lookup!$A$2:$B$4,2,FALSE())",0.05,0,0
xl/worksheets/sheet2.xml,G781,,"ROUND(E781*F781,2)",198,0,0
xl/worksheets/sheet2.xml,H781,,E781+G781,4158,0,0
xl/worksheets/sheet2.xml,J781,,"_xlfn.XLOOKUP(C781,Departments!$A$2:$A$6,Departments!$B$2:$B$6,""Unknown"")",Operations,0,0
xl/worksheets/sheet2.xml,F782,,"VLOOKUP(D782,Lookup!$A$2:$B$4,2,FALSE())",0.1,0,0
xl/worksheets/sheet2.xml,G782,,"ROUND(E782*F782,2)",399.7,0,0
xl/worksheets/sheet2.xml,H782,,E782+G782,4396.7,0,0
xl/worksheets/sheet2.xml,J782,,"_xlfn.XLOOKUP(C782,Departments!$A$2:$A$6,Departments!$B$2:$B$6,""Unknown"")",Finance,0,0
xl/worksheets/sheet2.xml,F783,,"VLOOKUP(D783,Lookup!$A$2:$B$4,2,FALSE())",0.15,0,0
xl/worksheets/sheet2.xml,G783,,"ROUND(E783*F783,2)",605.1,0,0
xl/worksheets/sheet2.xml,H783,,E783+G783,4639.1,0,0
xl/worksheets/sheet2.xml,J783,,"_xlfn.XLOOKUP(C783,Departments!$A$2:$A$6,Departments!$B$2:$B$6,""Unknown"")",Quality,0,0
xl/worksheets/sheet2.xml,F784,,"VLOOKUP(D784,Lookup!$A$2:$B$4,2,FALSE())",0.05,0,0
xl/worksheets/sheet2.xml,G784,,"ROUND(E784*F784,2)",203.55,0,0
xl/worksheets/sheet2.xml,H784,,E784+G784,4274.55,0,0
xl/worksheets/sheet2.xml,J784,,"_xlfn.XLOOKUP(C784,Departments!$A$2:$A$6,Departments!$B$2:$B$6,""Unknown"")",Human Resources,0,0
xl/worksheets/sheet2.xml,F785,,"VLOOKUP(D785,Lookup!$A$2:$B$4,2,FALSE())",0.1,0,0
xl/worksheets/sheet2.xml,G785,,"ROUND(E785*F785,2)",410.8,0,0
xl/worksheets/sheet2.xml,H785,,E785+G785,4518.8,0,0
xl/worksheets/sheet2.xml,J785,,"_xlfn.XLOOKUP(C785,Departments!$A$2:$A$6,Departments!$B$2:$B$6,""Unknown"")",Technology,0,0
xl/worksheets/sheet2.xml,F786,,"VLOOKUP(D786,Lookup!$A$2:$B$4,2,FALSE())",0.15,0,0
xl/worksheets/sheet2.xml,G786,,"ROUND(E786*F786,2)",621.75,0,0
xl/worksheets/sheet2.xml,H786,,E786+G786,4766.75,0,0
xl/worksheets/sheet2.xml,J786,,"_xlfn.XLOOKUP(C786,Departments!$A$2:$A$6,Departments!$B$2:$B$6,""Unknown"")",Operations,0,0
xl/worksheets/sheet2.xml,F787,,"VLOOKUP(D787,Lookup!$A$2:$B$4,2,FALSE())",0.05,0,0
xl/worksheets/sheet2.xml,G787,,"ROUND(E787*F787,2)",209.1,0,0
xl/worksheets/sheet2.xml,H787,,E787+G787,4391.1,0,0
xl/worksheets/sheet2.xml,J787,,"_xlfn.XLOOKUP(C787,Departments!$A$2:$A$6,Departments!$B$2:$B$6,""Unknown"")",Finance,0,0
xl/worksheets/sheet2.xml,F788,,"VLOOKUP(D788,Lookup!$A$2:$B$4,2,FALSE())",0.1,0,0
xl/worksheets/sheet2.xml,G788,,"ROUND(E788*F788,2)",421.9,0,0
xl/worksheets/sheet2.xml,H788,,E788+G788,4640.9,0,0
xl/worksheets/sheet2.xml,J788,,"_xlfn.XLOOKUP(C788,Departments!$A$2:$A$6,Departments!$B$2:$B$6,""Unknown"")",Quality,0,0
xl/worksheets/sheet2.xml,F789,,"VLOOKUP(D789,Lookup!$A$2:$B$4,2,FALSE())",0.15,0,0
xl/worksheets/sheet2.xml,G789,,"ROUND(E789*F789,2)",638.4,0,0
xl/worksheets/sheet2.xml,H789,,E789+G789,4894.4,0,0
xl/worksheets/sheet2.xml,J789,,"_xlfn.XLOOKUP(C789,Departments!$A$2:$A$6,Departments!$B$2:$B$6,""Unknown"")",Human Resources,0,0
xl/worksheets/sheet2.xml,F790,,"VLOOKUP(D790,Lookup!$A$2:$B$4,2,FALSE())",0.05,0,0
xl/worksheets/sheet2.xml,G790,,"ROUND(E790*F790,2)",214.65,0,0
xl/worksheets/sheet2.xml,H790,,E790+G790,4507.65,0,0
xl/worksheets/sheet2.xml,J790,,"_xlfn.XLOOKUP(C790,Departments!$A$2:$A$6,Departments!$B$2:$B$6,""Unknown"")",Technology,0,0
xl/worksheets/sheet2.xml,F791,,"VLOOKUP(D791,Lookup!$A$2:$B$4,2,FALSE())",0.1,0,0
xl/worksheets/sheet2.xml,G791,,"ROUND(E791*F791,2)",433,0,0
xl/worksheets/sheet2.xml,H791,,E791+G791,4763,0,0
xl/worksheets/sheet2.xml,J791,,"_xlfn.XLOOKUP(C791,Departments!$A$2:$A$6,Departments!$B$2:$B$6,""Unknown"")",Operations,0,0
xl/worksheets/sheet2.xml,F792,,"VLOOKUP(D792,Lookup!$A$2:$B$4,2,FALSE())",0.15,0,0
xl/worksheets/sheet2.xml,G792,,"ROUND(E792*F792,2)",655.05,0,0
xl/worksheets/sheet2.xml,H792,,E792+G792,5022.05,0,0
xl/worksheets/sheet2.xml,J792,,"_xlfn.XLOOKUP(C792,Departments!$A$2:$A$6,Departments!$B$2:$B$6,""Unknown"")",Finance,0,0
xl/worksheets/sheet2.xml,F793,,"VLOOKUP(D793,Lookup!$A$2:$B$4,2,FALSE())",0.05,0,0
xl/worksheets/sheet2.xml,G793,,"ROUND(E793*F793,2)",220.2,0,0
xl/worksheets/sheet2.xml,H793,,E793+G793,4624.2,0,0
xl/worksheets/sheet2.xml,J793,,"_xlfn.XLOOKUP(C793,Departments!$A$2:$A$6,Departments!$B$2:$B$6,""Unknown"")",Quality,0,0
xl/worksheets/sheet2.xml,F794,,"VLOOKUP(D794,Lookup!$A$2:$B$4,2,FALSE())",0.1,0,0
xl/worksheets/sheet2.xml,G794,,"ROUND(E794*F794,2)",444.1,0,0
xl/worksheets/sheet2.xml,H794,,E794+G794,4885.1,0,0
xl/worksheets/sheet2.xml,J794,,"_xlfn.XLOOKUP(C794,Departments!$A$2:$A$6,Departments!$B$2:$B$6,""Unknown"")",Human Resources,0,0
xl/worksheets/sheet2.xml,F795,,"VLOOKUP(D795,Lookup!$A$2:$B$4,2,FALSE())",0.15,0,0
xl/worksheets/sheet2.xml,G795,,"ROUND(E795*F795,2)",671.7,0,0
xl/worksheets/sheet2.xml,H795,,E795+G795,5149.7,0,0
xl/worksheets/sheet2.xml,J795,,"_xlfn.XLOOKUP(C795,Departments!$A$2:$A$6,Departments!$B$2:$B$6,""Unknown"")",Technology,0,0
xl/worksheets/sheet2.xml,F796,,"VLOOKUP(D796,Lookup!$A$2:$B$4,2,FALSE())",0.05,0,0
xl/worksheets/sheet2.xml,G796,,"ROUND(E796*F796,2)",225.75,0,0
xl/worksheets/sheet2.xml,H796,,E796+G796,4740.75,0,0
xl/worksheets/sheet2.xml,J796,,"_xlfn.XLOOKUP(C796,Departments!$A$2:$A$6,Departments!$B$2:$B$6,""Unknown"")",Operations,0,0
xl/worksheets/sheet2.xml,F797,,"VLOOKUP(D797,Lookup!$A$2:$B$4,2,FALSE())",0.1,0,0
xl/worksheets/sheet2.xml,G797,,"ROUND(E797*F797,2)",455.2,0,0
xl/worksheets/sheet2.xml,H797,,E797+G797,5007.2,0,0
xl/worksheets/sheet2.xml,J797,,"_xlfn.XLOOKUP(C797,Departments!$A$2:$A$6,Departments!$B$2:$B$6,""Unknown"")",Finance,0,0
xl/worksheets/sheet2.xml,F798,,"VLOOKUP(D798,Lookup!$A$2:$B$4,2,FALSE())",0.15,0,0
xl/worksheets/sheet2.xml,G798,,"ROUND(E798*F798,2)",688.35,0,0
xl/worksheets/sheet2.xml,H798,,E798+G798,5277.35,0,0
xl/worksheets/sheet2.xml,J798,,"_xlfn.XLOOKUP(C798,Departments!$A$2:$A$6,Departments!$B$2:$B$6,""Unknown"")",Quality,0,0
xl/worksheets/sheet2.xml,F799,,"VLOOKUP(D799,Lookup!$A$2:$B$4,2,FALSE())",0.05,0,0
xl/worksheets/sheet2.xml,G799,,"ROUND(E799*F799,2)",231.3,0,0
xl/worksheets/sheet2.xml,H799,,E799+G799,4857.3,0,0
xl/worksheets/sheet2.xml,J799,,"_xlfn.XLOOKUP(C799,Departments!$A$2:$A$6,Departments!$B$2:$B$6,""Unknown"")",Human Resources,0,0
xl/worksheets/sheet2.xml,F800,,"VLOOKUP(D800,Lookup!$A$2:$B$4,2,FALSE())",0.1,0,0
xl/worksheets/sheet2.xml,G800,,"ROUND(E800*F800,2)",466.3,0,0
xl/worksheets/sheet2.xml,H800,,E800+G800,5129.3,0,0
xl/worksheets/sheet2.xml,J800,,"_xlfn.XLOOKUP(C800,Departments!$A$2:$A$6,Departments!$B$2:$B$6,""Unknown"")",Technology,0,0
xl/worksheets/sheet2.xml,F801,,"VLOOKUP(D801,Lookup!$A$2:$B$4,2,FALSE())",0.15,0,0
xl/worksheets/sheet2.xml,G801,,"ROUND(E801*F801,2)",705,0,0
xl/worksheets/sheet2.xml,H801,,E801+G801,5405,0,0
xl/worksheets/sheet2.xml,J801,,"_xlfn.XLOOKUP(C801,Departments!$A$2:$A$6,Departments!$B$2:$B$6,""Unknown"")",Operations,0,0
xl/worksheets/sheet2.xml,F802,,"VLOOKUP(D802,Lookup!$A$2:$B$4,2,FALSE())",0.05,0,0
xl/worksheets/sheet2.xml,G802,,"ROUND(E802*F802,2)",236.85,0,0
xl/worksheets/sheet2.xml,H802,,E802+G802,4973.85,0,0
xl/worksheets/sheet2.xml,J802,,"_xlfn.XLOOKUP(C802,Departments!$A$2:$A$6,Departments!$B$2:$B$6,""Unknown"")",Finance,0,0
xl/worksheets/sheet2.xml,F803,,"VLOOKUP(D803,Lookup!$A$2:$B$4,2,FALSE())",0.1,0,0
xl/worksheets/sheet2.xml,G803,,"ROUND(E803*F803,2)",477.4,0,0
xl/worksheets/sheet2.xml,H803,,E803+G803,5251.4,0,0
xl/worksheets/sheet2.xml,J803,,"_xlfn.XLOOKUP(C803,Departments!$A$2:$A$6,Departments!$B$2:$B$6,""Unknown"")",Quality,0,0
xl/worksheets/sheet2.xml,F804,,"VLOOKUP(D804,Lookup!$A$2:$B$4,2,FALSE())",0.15,0,0
xl/worksheets/sheet2.xml,G804,,"ROUND(E804*F804,2)",721.65,0,0
xl/worksheets/sheet2.xml,H804,,E804+G804,5532.65,0,0
xl/worksheets/sheet2.xml,J804,,"_xlfn.XLOOKUP(C804,Departments!$A$2:$A$6,Departments!$B$2:$B$6,""Unknown"")",Human Resources,0,0
xl/worksheets/sheet2.xml,F805,,"VLOOKUP(D805,Lookup!$A$2:$B$4,2,FALSE())",0.05,0,0
xl/worksheets/sheet2.xml,G805,,"ROUND(E805*F805,2)",242.4,0,0
xl/worksheets/sheet2.xml,H805,,E805+G805,5090.4,0,0
xl/worksheets/sheet2.xml,J805,,"_xlfn.XLOOKUP(C805,Departments!$A$2:$A$6,Departments!$B$2:$B$6,""Unknown"")",Technology,0,0
xl/worksheets/sheet2.xml,F806,,"VLOOKUP(D806,Lookup!$A$2:$B$4,2,FALSE())",0.1,0,0
xl/worksheets/sheet2.xml,G806,,"ROUND(E806*F806,2)",488.5,0,0
xl/worksheets/sheet2.xml,H806,,E806+G806,5373.5,0,0
xl/worksheets/sheet2.xml,J806,,"_xlfn.XLOOKUP(C806,Departments!$A$2:$A$6,Departments!$B$2:$B$6,""Unknown"")",Operations,0,0
xl/worksheets/sheet2.xml,F807,,"VLOOKUP(D807,Lookup!$A$2:$B$4,2,FALSE())",0.15,0,0
xl/worksheets/sheet2.xml,G807,,"ROUND(E807*F807,2)",738.3,0,0
xl/worksheets/sheet2.xml,H807,,E807+G807,5660.3,0,0
xl/worksheets/sheet2.xml,J807,,"_xlfn.XLOOKUP(C807,Departments!$A$2:$A$6,Departments!$B$2:$B$6,""Unknown"")",Finance,0,0
xl/worksheets/sheet2.xml,F808,,"VLOOKUP(D808,Lookup!$A$2:$B$4,2,FALSE())",0.05,0,0
xl/worksheets/sheet2.xml,G808,,"ROUND(E808*F808,2)",247.95,0,0
xl/worksheets/sheet2.xml,H808,,E808+G808,5206.95,0,0
xl/worksheets/sheet2.xml,J808,,"_xlfn.XLOOKUP(C808,Departments!$A$2:$A$6,Departments!$B$2:$B$6,""Unknown"")",Quality,0,0
xl/worksheets/sheet2.xml,F809,,"VLOOKUP(D809,Lookup!$A$2:$B$4,2,FALSE())",0.1,0,0
xl/worksheets/sheet2.xml,G809,,"ROUND(E809*F809,2)",499.6,0,0
xl/worksheets/sheet2.xml,H809,,E809+G809,5495.6,0,0
xl/worksheets/sheet2.xml,J809,,"_xlfn.XLOOKUP(C809,Departments!$A$2:$A$6,Departments!$B$2:$B$6,""Unknown"")",Human Resources,0,0
xl/worksheets/sheet2.xml,F810,,"VLOOKUP(D810,Lookup!$A$2:$B$4,2,FALSE())",0.15,0,0
xl/worksheets/sheet2.xml,G810,,"ROUND(E810*F810,2)",754.95,0,0
xl/worksheets/sheet2.xml,H810,,E810+G810,5787.95,0,0
xl/worksheets/sheet2.xml,J810,,"_xlfn.XLOOKUP(C810,Departments!$A$2:$A$6,Departments!$B$2:$B$6,""Unknown"")",Technology,0,0
xl/worksheets/sheet2.xml,F811,,"VLOOKUP(D811,Lookup!$A$2:$B$4,2,FALSE())",0.05,0,0
xl/worksheets/sheet2.xml,G811,,"ROUND(E811*F811,2)",253.5,0,0
xl/worksheets/sheet2.xml,H811,,E811+G811,5323.5,0,0
xl/worksheets/sheet2.xml,J811,,"_xlfn.XLOOKUP(C811,Departments!$A$2:$A$6,Departments!$B$2:$B$6,""Unknown"")",Operations,0,0
xl/worksheets/sheet2.xml,F812,,"VLOOKUP(D812,Lookup!$A$2:$B$4,2,FALSE())",0.1,0,0
xl/worksheets/sheet2.xml,G812,,"ROUND(E812*F812,2)",10.7,0,0
xl/worksheets/sheet2.xml,H812,,E812+G812,117.7,0,0
xl/worksheets/sheet2.xml,J812,,"_xlfn.XLOOKUP(C812,Departments!$A$2:$A$6,Departments!$B$2:$B$6,""Unknown"")",Finance,0,0
xl/worksheets/sheet2.xml,F813,,"VLOOKUP(D813,Lookup!$A$2:$B$4,2,FALSE())",0.15,0,0
xl/worksheets/sheet2.xml,G813,,"ROUND(E813*F813,2)",21.6,0,0
xl/worksheets/sheet2.xml,H813,,E813+G813,165.6,0,0
xl/worksheets/sheet2.xml,J813,,"_xlfn.XLOOKUP(C813,Departments!$A$2:$A$6,Departments!$B$2:$B$6,""Unknown"")",Quality,0,0
xl/worksheets/sheet2.xml,F814,,"VLOOKUP(D814,Lookup!$A$2:$B$4,2,FALSE())",0.05,0,0
xl/worksheets/sheet2.xml,G814,,"ROUND(E814*F814,2)",9.05,0,0
xl/worksheets/sheet2.xml,H814,,E814+G814,190.05,0,0
xl/worksheets/sheet2.xml,J814,,"_xlfn.XLOOKUP(C814,Departments!$A$2:$A$6,Departments!$B$2:$B$6,""Unknown"")",Human Resources,0,0
xl/worksheets/sheet2.xml,F815,,"VLOOKUP(D815,Lookup!$A$2:$B$4,2,FALSE())",0.1,0,0
xl/worksheets/sheet2.xml,G815,,"ROUND(E815*F815,2)",21.8,0,0
xl/worksheets/sheet2.xml,H815,,E815+G815,239.8,0,0
xl/worksheets/sheet2.xml,J815,,"_xlfn.XLOOKUP(C815,Departments!$A$2:$A$6,Departments!$B$2:$B$6,""Unknown"")",Technology,0,0
xl/worksheets/sheet2.xml,F816,,"VLOOKUP(D816,Lookup!$A$2:$B$4,2,FALSE())",0.15,0,0
xl/worksheets/sheet2.xml,G816,,"ROUND(E816*F816,2)",38.25,0,0
xl/worksheets/sheet2.xml,H816,,E816+G816,293.25,0,0
xl/worksheets/sheet2.xml,J816,,"_xlfn.XLOOKUP(C816,Departments!$A$2:$A$6,Departments!$B$2:$B$6,""Unknown"")",Operations,0,0
xl/worksheets/sheet2.xml,F817,,"VLOOKUP(D817,Lookup!$A$2:$B$4,2,FALSE())",0.05,0,0
xl/worksheets/sheet2.xml,G817,,"ROUND(E817*F817,2)",14.6,0,0
xl/worksheets/sheet2.xml,H817,,E817+G817,306.6,0,0
xl/worksheets/sheet2.xml,J817,,"_xlfn.XLOOKUP(C817,Departments!$A$2:$A$6,Departments!$B$2:$B$6,""Unknown"")",Finance,0,0
xl/worksheets/sheet2.xml,F818,,"VLOOKUP(D818,Lookup!$A$2:$B$4,2,FALSE())",0.1,0,0
xl/worksheets/sheet2.xml,G818,,"ROUND(E818*F818,2)",32.9,0,0
xl/worksheets/sheet2.xml,H818,,E818+G818,361.9,0,0
xl/worksheets/sheet2.xml,J818,,"_xlfn.XLOOKUP(C818,Departments!$A$2:$A$6,Departments!$B$2:$B$6,""Unknown"")",Quality,0,0
xl/worksheets/sheet2.xml,F819,,"VLOOKUP(D819,Lookup!$A$2:$B$4,2,FALSE())",0.15,0,0
xl/worksheets/sheet2.xml,G819,,"ROUND(E819*F819,2)",54.9,0,0
xl/worksheets/sheet2.xml,H819,,E819+G819,420.9,0,0
xl/worksheets/sheet2.xml,J819,,"_xlfn.XLOOKUP(C819,Departments!$A$2:$A$6,Departments!$B$2:$B$6,""Unknown"")",Human Resources,0,0
xl/worksheets/sheet2.xml,F820,,"VLOOKUP(D820,Lookup!$A$2:$B$4,2,FALSE())",0.05,0,0
xl/worksheets/sheet2.xml,G820,,"ROUND(E820*F820,2)",20.15,0,0
xl/worksheets/sheet2.xml,H820,,E820+G820,423.15,0,0
xl/worksheets/sheet2.xml,J820,,"_xlfn.XLOOKUP(C820,Departments!$A$2:$A$6,Departments!$B$2:$B$6,""Unknown"")",Technology,0,0
xl/worksheets/sheet2.xml,F821,,"VLOOKUP(D821,Lookup!$A$2:$B$4,2,FALSE())",0.1,0,0
xl/worksheets/sheet2.xml,G821,,"ROUND(E821*F821,2)",44,0,0
xl/worksheets/sheet2.xml,H821,,E821+G821,484,0,0
xl/worksheets/sheet2.xml,J821,,"_xlfn.XLOOKUP(C821,Departments!$A$2:$A$6,Departments!$B$2:$B$6,""Unknown"")",Operations,0,0
xl/worksheets/sheet2.xml,F822,,"VLOOKUP(D822,Lookup!$A$2:$B$4,2,FALSE())",0.15,0,0
xl/worksheets/sheet2.xml,G822,,"ROUND(E822*F822,2)",71.55,0,0
xl/worksheets/sheet2.xml,H822,,E822+G822,548.55,0,0
xl/worksheets/sheet2.xml,J822,,"_xlfn.XLOOKUP(C822,Departments!$A$2:$A$6,Departments!$B$2:$B$6,""Unknown"")",Finance,0,0
xl/worksheets/sheet2.xml,F823,,"VLOOKUP(D823,Lookup!$A$2:$B$4,2,FALSE())",0.05,0,0
xl/worksheets/sheet2.xml,G823,,"ROUND(E823*F823,2)",25.7,0,0
xl/worksheets/sheet2.xml,H823,,E823+G823,539.7,0,0
xl/worksheets/sheet2.xml,J823,,"_xlfn.XLOOKUP(C823,Departments!$A$2:$A$6,Departments!$B$2:$B$6,""Unknown"")",Quality,0,0
xl/worksheets/sheet2.xml,F824,,"VLOOKUP(D824,Lookup!$A$2:$B$4,2,FALSE())",0.1,0,0
xl/worksheets/sheet2.xml,G824,,"ROUND(E824*F824,2)",55.1,0,0
xl/worksheets/sheet2.xml,H824,,E824+G824,606.1,0,0
xl/worksheets/sheet2.xml,J824,,"_xlfn.XLOOKUP(C824,Departments!$A$2:$A$6,Departments!$B$2:$B$6,""Unknown"")",Human Resources,0,0
xl/worksheets/sheet2.xml,F825,,"VLOOKUP(D825,Lookup!$A$2:$B$4,2,FALSE())",0.15,0,0
xl/worksheets/sheet2.xml,G825,,"ROUND(E825*F825,2)",88.2,0,0
xl/worksheets/sheet2.xml,H825,,E825+G825,676.2,0,0
xl/worksheets/sheet2.xml,J825,,"_xlfn.XLOOKUP(C825,Departments!$A$2:$A$6,Departments!$B$2:$B$6,""Unknown"")",Technology,0,0
xl/worksheets/sheet2.xml,F826,,"VLOOKUP(D826,Lookup!$A$2:$B$4,2,FALSE())",0.05,0,0
xl/worksheets/sheet2.xml,G826,,"ROUND(E826*F826,2)",31.25,0,0
xl/worksheets/sheet2.xml,H826,,E826+G826,656.25,0,0
xl/worksheets/sheet2.xml,J826,,"_xlfn.XLOOKUP(C826,Departments!$A$2:$A$6,Departments!$B$2:$B$6,""Unknown"")",Operations,0,0
xl/worksheets/sheet2.xml,F827,,"VLOOKUP(D827,Lookup!$A$2:$B$4,2,FALSE())",0.1,0,0
xl/worksheets/sheet2.xml,G827,,"ROUND(E827*F827,2)",66.2,0,0
xl/worksheets/sheet2.xml,H827,,E827+G827,728.2,0,0
xl/worksheets/sheet2.xml,J827,,"_xlfn.XLOOKUP(C827,Departments!$A$2:$A$6,Departments!$B$2:$B$6,""Unknown"")",Finance,0,0
xl/worksheets/sheet2.xml,F828,,"VLOOKUP(D828,Lookup!$A$2:$B$4,2,FALSE())",0.15,0,0
xl/worksheets/sheet2.xml,G828,,"ROUND(E828*F828,2)",104.85,0,0
xl/worksheets/sheet2.xml,H828,,E828+G828,803.85,0,0
xl/worksheets/sheet2.xml,J828,,"_xlfn.XLOOKUP(C828,Departments!$A$2:$A$6,Departments!$B$2:$B$6,""Unknown"")",Quality,0,0
xl/worksheets/sheet2.xml,F829,,"VLOOKUP(D829,Lookup!$A$2:$B$4,2,FALSE())",0.05,0,0
xl/worksheets/sheet2.xml,G829,,"ROUND(E829*F829,2)",36.8,0,0
xl/worksheets/sheet2.xml,H829,,E829+G829,772.8,0,0
xl/worksheets/sheet2.xml,J829,,"_xlfn.XLOOKUP(C829,Departments!$A$2:$A$6,Departments!$B$2:$B$6,""Unknown"")",Human Resources,0,0
xl/worksheets/sheet2.xml,F830,,"VLOOKUP(D830,Lookup!$A$2:$B$4,2,FALSE())",0.1,0,0
xl/worksheets/sheet2.xml,G830,,"ROUND(E830*F830,2)",77.3,0,0
xl/worksheets/sheet2.xml,H830,,E830+G830,850.3,0,0
xl/worksheets/sheet2.xml,J830,,"_xlfn.XLOOKUP(C830,Departments!$A$2:$A$6,Departments!$B$2:$B$6,""Unknown"")",Technology,0,0
xl/worksheets/sheet2.xml,F831,,"VLOOKUP(D831,Lookup!$A$2:$B$4,2,FALSE())",0.15,0,0
xl/worksheets/sheet2.xml,G831,,"ROUND(E831*F831,2)",121.5,0,0
xl/worksheets/sheet2.xml,H831,,E831+G831,931.5,0,0
xl/worksheets/sheet2.xml,J831,,"_xlfn.XLOOKUP(C831,Departments!$A$2:$A$6,Departments!$B$2:$B$6,""Unknown"")",Operations,0,0
xl/worksheets/sheet2.xml,F832,,"VLOOKUP(D832,Lookup!$A$2:$B$4,2,FALSE())",0.05,0,0
xl/worksheets/sheet2.xml,G832,,"ROUND(E832*F832,2)",42.35,0,0
xl/worksheets/sheet2.xml,H832,,E832+G832,889.35,0,0
xl/worksheets/sheet2.xml,J832,,"_xlfn.XLOOKUP(C832,Departments!$A$2:$A$6,Departments!$B$2:$B$6,""Unknown"")",Finance,0,0
xl/worksheets/sheet2.xml,F833,,"VLOOKUP(D833,Lookup!$A$2:$B$4,2,FALSE())",0.1,0,0
xl/worksheets/sheet2.xml,G833,,"ROUND(E833*F833,2)",88.4,0,0
xl/worksheets/sheet2.xml,H833,,E833+G833,972.4,0,0
xl/worksheets/sheet2.xml,J833,,"_xlfn.XLOOKUP(C833,Departments!$A$2:$A$6,Departments!$B$2:$B$6,""Unknown"")",Quality,0,0
xl/worksheets/sheet2.xml,F834,,"VLOOKUP(D834,Lookup!$A$2:$B$4,2,FALSE())",0.15,0,0
xl/worksheets/sheet2.xml,G834,,"ROUND(E834*F834,2)",138.15,0,0
xl/worksheets/sheet2.xml,H834,,E834+G834,1059.15,0,0
xl/worksheets/sheet2.xml,J834,,"_xlfn.XLOOKUP(C834,Departments!$A$2:$A$6,Departments!$B$2:$B$6,""Unknown"")",Human Resources,0,0
xl/worksheets/sheet2.xml,F835,,"VLOOKUP(D835,Lookup!$A$2:$B$4,2,FALSE())",0.05,0,0
xl/worksheets/sheet2.xml,G835,,"ROUND(E835*F835,2)",47.9,0,0
xl/worksheets/sheet2.xml,H835,,E835+G835,1005.9,0,0
xl/worksheets/sheet2.xml,J835,,"_xlfn.XLOOKUP(C835,Departments!$A$2:$A$6,Departments!$B$2:$B$6,""Unknown"")",Technology,0,0
xl/worksheets/sheet2.xml,F836,,"VLOOKUP(D836,Lookup!$A$2:$B$4,2,FALSE())",0.1,0,0
xl/worksheets/sheet2.xml,G836,,"ROUND(E836*F836,2)",99.5,0,0
xl/worksheets/sheet2.xml,H836,,E836+G836,1094.5,0,0
xl/worksheets/sheet2.xml,J836,,"_xlfn.XLOOKUP(C836,Departments!$A$2:$A$6,Departments!$B$2:$B$6,""Unknown"")",Operations,0,0
xl/worksheets/sheet2.xml,F837,,"VLOOKUP(D837,Lookup!$A$2:$B$4,2,FALSE())",0.15,0,0
xl/worksheets/sheet2.xml,G837,,"ROUND(E837*F837,2)",154.8,0,0
xl/worksheets/sheet2.xml,H837,,E837+G837,1186.8,0,0
xl/worksheets/sheet2.xml,J837,,"_xlfn.XLOOKUP(C837,Departments!$A$2:$A$6,Departments!$B$2:$B$6,""Unknown"")",Finance,0,0
xl/worksheets/sheet2.xml,F838,,"VLOOKUP(D838,Lookup!$A$2:$B$4,2,FALSE())",0.05,0,0
xl/worksheets/sheet2.xml,G838,,"ROUND(E838*F838,2)",53.45,0,0
xl/worksheets/sheet2.xml,H838,,E838+G838,1122.45,0,0
xl/worksheets/sheet2.xml,J838,,"_xlfn.XLOOKUP(C838,Departments!$A$2:$A$6,Departments!$B$2:$B$6,""Unknown"")",Quality,0,0
xl/worksheets/sheet2.xml,F839,,"VLOOKUP(D839,Lookup!$A$2:$B$4,2,FALSE())",0.1,0,0
xl/worksheets/sheet2.xml,G839,,"ROUND(E839*F839,2)",110.6,0,0
xl/worksheets/sheet2.xml,H839,,E839+G839,1216.6,0,0
xl/worksheets/sheet2.xml,J839,,"_xlfn.XLOOKUP(C839,Departments!$A$2:$A$6,Departments!$B$2:$B$6,""Unknown"")",Human Resources,0,0
xl/worksheets/sheet2.xml,F840,,"VLOOKUP(D840,Lookup!$A$2:$B$4,2,FALSE())",0.15,0,0
xl/worksheets/sheet2.xml,G840,,"ROUND(E840*F840,2)",171.45,0,0
xl/worksheets/sheet2.xml,H840,,E840+G840,1314.45,0,0
xl/worksheets/sheet2.xml,J840,,"_xlfn.XLOOKUP(C840,Departments!$A$2:$A$6,Departments!$B$2:$B$6,""Unknown"")",Technology,0,0
xl/worksheets/sheet2.xml,F841,,"VLOOKUP(D841,Lookup!$A$2:$B$4,2,FALSE())",0.05,0,0
xl/worksheets/sheet2.xml,G841,,"ROUND(E841*F841,2)",59,0,0
xl/worksheets/sheet2.xml,H841,,E841+G841,1239,0,0
xl/worksheets/sheet2.xml,J841,,"_xlfn.XLOOKUP(C841,Departments!$A$2:$A$6,Departments!$B$2:$B$6,""Unknown"")",Operations,0,0
xl/worksheets/sheet2.xml,F842,,"VLOOKUP(D842,Lookup!$A$2:$B$4,2,FALSE())",0.1,0,0
xl/worksheets/sheet2.xml,G842,,"ROUND(E842*F842,2)",121.7,0,0
xl/worksheets/sheet2.xml,H842,,E842+G842,1338.7,0,0
xl/worksheets/sheet2.xml,J842,,"_xlfn.XLOOKUP(C842,Departments!$A$2:$A$6,Departments!$B$2:$B$6,""Unknown"")",Finance,0,0
xl/worksheets/sheet2.xml,F843,,"VLOOKUP(D843,Lookup!$A$2:$B$4,2,FALSE())",0.15,0,0
xl/worksheets/sheet2.xml,G843,,"ROUND(E843*F843,2)",188.1,0,0
xl/worksheets/sheet2.xml,H843,,E843+G843,1442.1,0,0
xl/worksheets/sheet2.xml,J843,,"_xlfn.XLOOKUP(C843,Departments!$A$2:$A$6,Departments!$B$2:$B$6,""Unknown"")",Quality,0,0
xl/worksheets/sheet2.xml,F844,,"VLOOKUP(D844,Lookup!$A$2:$B$4,2,FALSE())",0.05,0,0
xl/worksheets/sheet2.xml,G844,,"ROUND(E844*F844,2)",64.55,0,0
xl/worksheets/sheet2.xml,H844,,E844+G844,1355.55,0,0
xl/worksheets/sheet2.xml,J844,,"_xlfn.XLOOKUP(C844,Departments!$A$2:$A$6,Departments!$B$2:$B$6,""Unknown"")",Human Resources,0,0
xl/worksheets/sheet2.xml,F845,,"VLOOKUP(D845,Lookup!$A$2:$B$4,2,FALSE())",0.1,0,0
xl/worksheets/sheet2.xml,G845,,"ROUND(E845*F845,2)",132.8,0,0
xl/worksheets/sheet2.xml,H845,,E845+G845,1460.8,0,0
xl/worksheets/sheet2.xml,J845,,"_xlfn.XLOOKUP(C845,Departments!$A$2:$A$6,Departments!$B$2:$B$6,""Unknown"")",Technology,0,0
xl/worksheets/sheet2.xml,F846,,"VLOOKUP(D846,Lookup!$A$2:$B$4,2,FALSE())",0.15,0,0
xl/worksheets/sheet2.xml,G846,,"ROUND(E846*F846,2)",204.75,0,0
xl/worksheets/sheet2.xml,H846,,E846+G846,1569.75,0,0
xl/worksheets/sheet2.xml,J846,,"_xlfn.XLOOKUP(C846,Departments!$A$2:$A$6,Departments!$B$2:$B$6,""Unknown"")",Operations,0,0
xl/worksheets/sheet2.xml,F847,,"VLOOKUP(D847,Lookup!$A$2:$B$4,2,FALSE())",0.05,0,0
xl/worksheets/sheet2.xml,G847,,"ROUND(E847*F847,2)",70.1,0,0
xl/worksheets/sheet2.xml,H847,,E847+G847,1472.1,0,0
xl/worksheets/sheet2.xml,J847,,"_xlfn.XLOOKUP(C847,Departments!$A$2:$A$6,Departments!$B$2:$B$6,""Unknown"")",Finance,0,0
xl/worksheets/sheet2.xml,F848,,"VLOOKUP(D848,Lookup!$A$2:$B$4,2,FALSE())",0.1,0,0
xl/worksheets/sheet2.xml,G848,,"ROUND(E848*F848,2)",143.9,0,0
xl/worksheets/sheet2.xml,H848,,E848+G848,1582.9,0,0
xl/worksheets/sheet2.xml,J848,,"_xlfn.XLOOKUP(C848,Departments!$A$2:$A$6,Departments!$B$2:$B$6,""Unknown"")",Quality,0,0
xl/worksheets/sheet2.xml,F849,,"VLOOKUP(D849,Lookup!$A$2:$B$4,2,FALSE())",0.15,0,0
xl/worksheets/sheet2.xml,G849,,"ROUND(E849*F849,2)",221.4,0,0
xl/worksheets/sheet2.xml,H849,,E849+G849,1697.4,0,0
xl/worksheets/sheet2.xml,J849,,"_xlfn.XLOOKUP(C849,Departments!$A$2:$A$6,Departments!$B$2:$B$6,""Unknown"")",Human Resources,0,0
xl/worksheets/sheet2.xml,F850,,"VLOOKUP(D850,Lookup!$A$2:$B$4,2,FALSE())",0.05,0,0
xl/worksheets/sheet2.xml,G850,,"ROUND(E850*F850,2)",75.65,0,0
xl/worksheets/sheet2.xml,H850,,E850+G850,1588.65,0,0
xl/worksheets/sheet2.xml,J850,,"_xlfn.XLOOKUP(C850,Departments!$A$2:$A$6,Departments!$B$2:$B$6,""Unknown"")",Technology,0,0
xl/worksheets/sheet2.xml,F851,,"VLOOKUP(D851,Lookup!$A$2:$B$4,2,FALSE())",0.1,0,0
xl/worksheets/sheet2.xml,G851,,"ROUND(E851*F851,2)",155,0,0
xl/worksheets/sheet2.xml,H851,,E851+G851,1705,0,0
xl/worksheets/sheet2.xml,J851,,"_xlfn.XLOOKUP(C851,Departments!$A$2:$A$6,Departments!$B$2:$B$6,""Unknown"")",Operations,0,0
xl/worksheets/sheet2.xml,F852,,"VLOOKUP(D852,Lookup!$A$2:$B$4,2,FALSE())",0.15,0,0
xl/worksheets/sheet2.xml,G852,,"ROUND(E852*F852,2)",238.05,0,0
xl/worksheets/sheet2.xml,H852,,E852+G852,1825.05,0,0
xl/worksheets/sheet2.xml,J852,,"_xlfn.XLOOKUP(C852,Departments!$A$2:$A$6,Departments!$B$2:$B$6,""Unknown"")",Finance,0,0
xl/worksheets/sheet2.xml,F853,,"VLOOKUP(D853,Lookup!$A$2:$B$4,2,FALSE())",0.05,0,0
xl/worksheets/sheet2.xml,G853,,"ROUND(E853*F853,2)",81.2,0,0
xl/worksheets/sheet2.xml,H853,,E853+G853,1705.2,0,0
xl/worksheets/sheet2.xml,J853,,"_xlfn.XLOOKUP(C853,Departments!$A$2:$A$6,Departments!$B$2:$B$6,""Unknown"")",Quality,0,0
xl/worksheets/sheet2.xml,F854,,"VLOOKUP(D854,Lookup!$A$2:$B$4,2,FALSE())",0.1,0,0
xl/worksheets/sheet2.xml,G854,,"ROUND(E854*F854,2)",166.1,0,0
xl/worksheets/sheet2.xml,H854,,E854+G854,1827.1,0,0
xl/worksheets/sheet2.xml,J854,,"_xlfn.XLOOKUP(C854,Departments!$A$2:$A$6,Departments!$B$2:$B$6,""Unknown"")",Human Resources,0,0
xl/worksheets/sheet2.xml,F855,,"VLOOKUP(D855,Lookup!$A$2:$B$4,2,FALSE())",0.15,0,0
xl/worksheets/sheet2.xml,G855,,"ROUND(E855*F855,2)",254.7,0,0
xl/worksheets/sheet2.xml,H855,,E855+G855,1952.7,0,0
xl/worksheets/sheet2.xml,J855,,"_xlfn.XLOOKUP(C855,Departments!$A$2:$A$6,Departments!$B$2:$B$6,""Unknown"")",Technology,0,0
xl/worksheets/sheet2.xml,F856,,"VLOOKUP(D856,Lookup!$A$2:$B$4,2,FALSE())",0.05,0,0
xl/worksheets/sheet2.xml,G856,,"ROUND(E856*F856,2)",86.75,0,0
xl/worksheets/sheet2.xml,H856,,E856+G856,1821.75,0,0
xl/worksheets/sheet2.xml,J856,,"_xlfn.XLOOKUP(C856,Departments!$A$2:$A$6,Departments!$B$2:$B$6,""Unknown"")",Operations,0,0
xl/worksheets/sheet2.xml,F857,,"VLOOKUP(D857,Lookup!$A$2:$B$4,2,FALSE())",0.1,0,0
xl/worksheets/sheet2.xml,G857,,"ROUND(E857*F857,2)",177.2,0,0
xl/worksheets/sheet2.xml,H857,,E857+G857,1949.2,0,0
xl/worksheets/sheet2.xml,J857,,"_xlfn.XLOOKUP(C857,Departments!$A$2:$A$6,Departments!$B$2:$B$6,""Unknown"")",Finance,0,0
xl/worksheets/sheet2.xml,F858,,"VLOOKUP(D858,Lookup!$A$2:$B$4,2,FALSE())",0.15,0,0
xl/worksheets/sheet2.xml,G858,,"ROUND(E858*F858,2)",271.35,0,0
xl/worksheets/sheet2.xml,H858,,E858+G858,2080.35,0,0
xl/worksheets/sheet2.xml,J858,,"_xlfn.XLOOKUP(C858,Departments!$A$2:$A$6,Departments!$B$2:$B$6,""Unknown"")",Quality,0,0
xl/worksheets/sheet2.xml,F859,,"VLOOKUP(D859,Lookup!$A$2:$B$4,2,FALSE())",0.05,0,0
xl/worksheets/sheet2.xml,G859,,"ROUND(E859*F859,2)",92.3,0,0
xl/worksheets/sheet2.xml,H859,,E859+G859,1938.3,0,0
xl/worksheets/sheet2.xml,J859,,"_xlfn.XLOOKUP(C859,Departments!$A$2:$A$6,Departments!$B$2:$B$6,""Unknown"")",Human Resources,0,0
xl/worksheets/sheet2.xml,F860,,"VLOOKUP(D860,Lookup!$A$2:$B$4,2,FALSE())",0.1,0,0
xl/worksheets/sheet2.xml,G860,,"ROUND(E860*F860,2)",188.3,0,0
xl/worksheets/sheet2.xml,H860,,E860+G860,2071.3,0,0
xl/worksheets/sheet2.xml,J860,,"_xlfn.XLOOKUP(C860,Departments!$A$2:$A$6,Departments!$B$2:$B$6,""Unknown"")",Technology,0,0
xl/worksheets/sheet2.xml,F861,,"VLOOKUP(D861,Lookup!$A$2:$B$4,2,FALSE())",0.15,0,0
xl/worksheets/sheet2.xml,G861,,"ROUND(E861*F861,2)",288,0,0
xl/worksheets/sheet2.xml,H861,,E861+G861,2208,0,0
xl/worksheets/sheet2.xml,J861,,"_xlfn.XLOOKUP(C861,Departments!$A$2:$A$6,Departments!$B$2:$B$6,""Unknown"")",Operations,0,0
xl/worksheets/sheet2.xml,F862,,"VLOOKUP(D862,Lookup!$A$2:$B$4,2,FALSE())",0.05,0,0
xl/worksheets/sheet2.xml,G862,,"ROUND(E862*F862,2)",97.85,0,0
xl/worksheets/sheet2.xml,H862,,E862+G862,2054.85,0,0
xl/worksheets/sheet2.xml,J862,,"_xlfn.XLOOKUP(C862,Departments!$A$2:$A$6,Departments!$B$2:$B$6,""Unknown"")",Finance,0,0
xl/worksheets/sheet2.xml,F863,,"VLOOKUP(D863,Lookup!$A$2:$B$4,2,FALSE())",0.1,0,0
xl/worksheets/sheet2.xml,G863,,"ROUND(E863*F863,2)",199.4,0,0
xl/worksheets/sheet2.xml,H863,,E863+G863,2193.4,0,0
xl/worksheets/sheet2.xml,J863,,"_xlfn.XLOOKUP(C863,Departments!$A$2:$A$6,Departments!$B$2:$B$6,""Unknown"")",Quality,0,0
xl/worksheets/sheet2.xml,F864,,"VLOOKUP(D864,Lookup!$A$2:$B$4,2,FALSE())",0.15,0,0
xl/worksheets/sheet2.xml,G864,,"ROUND(E864*F864,2)",304.65,0,0
xl/worksheets/sheet2.xml,H864,,E864+G864,2335.65,0,0
xl/worksheets/sheet2.xml,J864,,"_xlfn.XLOOKUP(C864,Departments!$A$2:$A$6,Departments!$B$2:$B$6,""Unknown"")",Human Resources,0,0
xl/worksheets/sheet2.xml,F865,,"VLOOKUP(D865,Lookup!$A$2:$B$4,2,FALSE())",0.05,0,0
xl/worksheets/sheet2.xml,G865,,"ROUND(E865*F865,2)",103.4,0,0
xl/worksheets/sheet2.xml,H865,,E865+G865,2171.4,0,0
xl/worksheets/sheet2.xml,J865,,"_xlfn.XLOOKUP(C865,Departments!$A$2:$A$6,Departments!$B$2:$B$6,""Unknown"")",Technology,0,0
xl/worksheets/sheet2.xml,F866,,"VLOOKUP(D866,Lookup!$A$2:$B$4,2,FALSE())",0.1,0,0
xl/worksheets/sheet2.xml,G866,,"ROUND(E866*F866,2)",210.5,0,0
xl/worksheets/sheet2.xml,H866,,E866+G866,2315.5,0,0
xl/worksheets/sheet2.xml,J866,,"_xlfn.XLOOKUP(C866,Departments!$A$2:$A$6,Departments!$B$2:$B$6,""Unknown"")",Operations,0,0
xl/worksheets/sheet2.xml,F867,,"VLOOKUP(D867,Lookup!$A$2:$B$4,2,FALSE())",0.15,0,0
xl/worksheets/sheet2.xml,G867,,"ROUND(E867*F867,2)",321.3,0,0
xl/worksheets/sheet2.xml,H867,,E867+G867,2463.3,0,0
xl/worksheets/sheet2.xml,J867,,"_xlfn.XLOOKUP(C867,Departments!$A$2:$A$6,Departments!$B$2:$B$6,""Unknown"")",Finance,0,0
xl/worksheets/sheet2.xml,F868,,"VLOOKUP(D868,Lookup!$A$2:$B$4,2,FALSE())",0.05,0,0
xl/worksheets/sheet2.xml,G868,,"ROUND(E868*F868,2)",108.95,0,0
xl/worksheets/sheet2.xml,H868,,E868+G868,2287.95,0,0
xl/worksheets/sheet2.xml,J868,,"_xlfn.XLOOKUP(C868,Departments!$A$2:$A$6,Departments!$B$2:$B$6,""Unknown"")",Quality,0,0
xl/worksheets/sheet2.xml,F869,,"VLOOKUP(D869,Lookup!$A$2:$B$4,2,FALSE())",0.1,0,0
xl/worksheets/sheet2.xml,G869,,"ROUND(E869*F869,2)",221.6,0,0
xl/worksheets/sheet2.xml,H869,,E869+G869,2437.6,0,0
xl/worksheets/sheet2.xml,J869,,"_xlfn.XLOOKUP(C869,Departments!$A$2:$A$6,Departments!$B$2:$B$6,""Unknown"")",Human Resources,0,0
xl/worksheets/sheet2.xml,F870,,"VLOOKUP(D870,Lookup!$A$2:$B$4,2,FALSE())",0.15,0,0
xl/worksheets/sheet2.xml,G870,,"ROUND(E870*F870,2)",337.95,0,0
xl/worksheets/sheet2.xml,H870,,E870+G870,2590.95,0,0
xl/worksheets/sheet2.xml,J870,,"_xlfn.XLOOKUP(C870,Departments!$A$2:$A$6,Departments!$B$2:$B$6,""Unknown"")",Technology,0,0
xl/worksheets/sheet2.xml,F871,,"VLOOKUP(D871,Lookup!$A$2:$B$4,2,FALSE())",0.05,0,0
xl/worksheets/sheet2.xml,G871,,"ROUND(E871*F871,2)",114.5,0,0
xl/worksheets/sheet2.xml,H871,,E871+G871,2404.5,0,0
xl/worksheets/sheet2.xml,J871,,"_xlfn.XLOOKUP(C871,Departments!$A$2:$A$6,Departments!$B$2:$B$6,""Unknown"")",Operations,0,0
xl/worksheets/sheet2.xml,F872,,"VLOOKUP(D872,Lookup!$A$2:$B$4,2,FALSE())",0.1,0,0
xl/worksheets/sheet2.xml,G872,,"ROUND(E872*F872,2)",232.7,0,0
xl/worksheets/sheet2.xml,H872,,E872+G872,2559.7,0,0
xl/worksheets/sheet2.xml,J872,,"_xlfn.XLOOKUP(C872,Departments!$A$2:$A$6,Departments!$B$2:$B$6,""Unknown"")",Finance,0,0
xl/worksheets/sheet2.xml,F873,,"VLOOKUP(D873,Lookup!$A$2:$B$4,2,FALSE())",0.15,0,0
xl/worksheets/sheet2.xml,G873,,"ROUND(E873*F873,2)",354.6,0,0
xl/worksheets/sheet2.xml,H873,,E873+G873,2718.6,0,0
xl/worksheets/sheet2.xml,J873,,"_xlfn.XLOOKUP(C873,Departments!$A$2:$A$6,Departments!$B$2:$B$6,""Unknown"")",Quality,0,0
xl/worksheets/sheet2.xml,F874,,"VLOOKUP(D874,Lookup!$A$2:$B$4,2,FALSE())",0.05,0,0
xl/worksheets/sheet2.xml,G874,,"ROUND(E874*F874,2)",120.05,0,0
xl/worksheets/sheet2.xml,H874,,E874+G874,2521.05,0,0
xl/worksheets/sheet2.xml,J874,,"_xlfn.XLOOKUP(C874,Departments!$A$2:$A$6,Departments!$B$2:$B$6,""Unknown"")",Human Resources,0,0
xl/worksheets/sheet2.xml,F875,,"VLOOKUP(D875,Lookup!$A$2:$B$4,2,FALSE())",0.1,0,0
xl/worksheets/sheet2.xml,G875,,"ROUND(E875*F875,2)",243.8,0,0
xl/worksheets/sheet2.xml,H875,,E875+G875,2681.8,0,0
xl/worksheets/sheet2.xml,J875,,"_xlfn.XLOOKUP(C875,Departments!$A$2:$A$6,Departments!$B$2:$B$6,""Unknown"")",Technology,0,0
xl/worksheets/sheet2.xml,F876,,"VLOOKUP(D876,Lookup!$A$2:$B$4,2,FALSE())",0.15,0,0
xl/worksheets/sheet2.xml,G876,,"ROUND(E876*F876,2)",371.25,0,0
xl/worksheets/sheet2.xml,H876,,E876+G876,2846.25,0,0
xl/worksheets/sheet2.xml,J876,,"_xlfn.XLOOKUP(C876,Departments!$A$2:$A$6,Departments!$B$2:$B$6,""Unknown"")",Operations,0,0
xl/worksheets/sheet2.xml,F877,,"VLOOKUP(D877,Lookup!$A$2:$B$4,2,FALSE())",0.05,0,0
xl/worksheets/sheet2.xml,G877,,"ROUND(E877*F877,2)",125.6,0,0
xl/worksheets/sheet2.xml,H877,,E877+G877,2637.6,0,0
xl/worksheets/sheet2.xml,J877,,"_xlfn.XLOOKUP(C877,Departments!$A$2:$A$6,Departments!$B$2:$B$6,""Unknown"")",Finance,0,0
xl/worksheets/sheet2.xml,F878,,"VLOOKUP(D878,Lookup!$A$2:$B$4,2,FALSE())",0.1,0,0
xl/worksheets/sheet2.xml,G878,,"ROUND(E878*F878,2)",254.9,0,0
xl/worksheets/sheet2.xml,H878,,E878+G878,2803.9,0,0
xl/worksheets/sheet2.xml,J878,,"_xlfn.XLOOKUP(C878,Departments!$A$2:$A$6,Departments!$B$2:$B$6,""Unknown"")",Quality,0,0
xl/worksheets/sheet2.xml,F879,,"VLOOKUP(D879,Lookup!$A$2:$B$4,2,FALSE())",0.15,0,0
xl/worksheets/sheet2.xml,G879,,"ROUND(E879*F879,2)",387.9,0,0
xl/worksheets/sheet2.xml,H879,,E879+G879,2973.9,0,0
xl/worksheets/sheet2.xml,J879,,"_xlfn.XLOOKUP(C879,Departments!$A$2:$A$6,Departments!$B$2:$B$6,""Unknown"")",Human Resources,0,0
xl/worksheets/sheet2.xml,F880,,"VLOOKUP(D880,Lookup!$A$2:$B$4,2,FALSE())",0.05,0,0
xl/worksheets/sheet2.xml,G880,,"ROUND(E880*F880,2)",131.15,0,0
xl/worksheets/sheet2.xml,H880,,E880+G880,2754.15,0,0
xl/worksheets/sheet2.xml,J880,,"_xlfn.XLOOKUP(C880,Departments!$A$2:$A$6,Departments!$B$2:$B$6,""Unknown"")",Technology,0,0
xl/worksheets/sheet2.xml,F881,,"VLOOKUP(D881,Lookup!$A$2:$B$4,2,FALSE())",0.1,0,0
xl/worksheets/sheet2.xml,G881,,"ROUND(E881*F881,2)",266,0,0
xl/worksheets/sheet2.xml,H881,,E881+G881,2926,0,0
xl/worksheets/sheet2.xml,J881,,"_xlfn.XLOOKUP(C881,Departments!$A$2:$A$6,Departments!$B$2:$B$6,""Unknown"")",Operations,0,0
xl/worksheets/sheet2.xml,F882,,"VLOOKUP(D882,Lookup!$A$2:$B$4,2,FALSE())",0.15,0,0
xl/worksheets/sheet2.xml,G882,,"ROUND(E882*F882,2)",404.55,0,0
xl/worksheets/sheet2.xml,H882,,E882+G882,3101.55,0,0
xl/worksheets/sheet2.xml,J882,,"_xlfn.XLOOKUP(C882,Departments!$A$2:$A$6,Departments!$B$2:$B$6,""Unknown"")",Finance,0,0
xl/worksheets/sheet2.xml,F883,,"VLOOKUP(D883,Lookup!$A$2:$B$4,2,FALSE())",0.05,0,0
xl/worksheets/sheet2.xml,G883,,"ROUND(E883*F883,2)",136.7,0,0
xl/worksheets/sheet2.xml,H883,,E883+G883,2870.7,0,0
xl/worksheets/sheet2.xml,J883,,"_xlfn.XLOOKUP(C883,Departments!$A$2:$A$6,Departments!$B$2:$B$6,""Unknown"")",Quality,0,0
xl/worksheets/sheet2.xml,F884,,"VLOOKUP(D884,Lookup!$A$2:$B$4,2,FALSE())",0.1,0,0
xl/worksheets/sheet2.xml,G884,,"ROUND(E884*F884,2)",277.1,0,0
xl/worksheets/sheet2.xml,H884,,E884+G884,3048.1,0,0
xl/worksheets/sheet2.xml,J884,,"_xlfn.XLOOKUP(C884,Departments!$A$2:$A$6,Departments!$B$2:$B$6,""Unknown"")",Human Resources,0,0
xl/worksheets/sheet2.xml,F885,,"VLOOKUP(D885,Lookup!$A$2:$B$4,2,FALSE())",0.15,0,0
xl/worksheets/sheet2.xml,G885,,"ROUND(E885*F885,2)",421.2,0,0
xl/worksheets/sheet2.xml,H885,,E885+G885,3229.2,0,0
xl/worksheets/sheet2.xml,J885,,"_xlfn.XLOOKUP(C885,Departments!$A$2:$A$6,Departments!$B$2:$B$6,""Unknown"")",Technology,0,0
xl/worksheets/sheet2.xml,F886,,"VLOOKUP(D886,Lookup!$A$2:$B$4,2,FALSE())",0.05,0,0
xl/worksheets/sheet2.xml,G886,,"ROUND(E886*F886,2)",142.25,0,0
xl/worksheets/sheet2.xml,H886,,E886+G886,2987.25,0,0
xl/worksheets/sheet2.xml,J886,,"_xlfn.XLOOKUP(C886,Departments!$A$2:$A$6,Departments!$B$2:$B$6,""Unknown"")",Operations,0,0
xl/worksheets/sheet2.xml,F887,,"VLOOKUP(D887,Lookup!$A$2:$B$4,2,FALSE())",0.1,0,0
xl/worksheets/sheet2.xml,G887,,"ROUND(E887*F887,2)",288.2,0,0
xl/worksheets/sheet2.xml,H887,,E887+G887,3170.2,0,0
xl/worksheets/sheet2.xml,J887,,"_xlfn.XLOOKUP(C887,Departments!$A$2:$A$6,Departments!$B$2:$B$6,""Unknown"")",Finance,0,0
xl/worksheets/sheet2.xml,F888,,"VLOOKUP(D888,Lookup!$A$2:$B$4,2,FALSE())",0.15,0,0
xl/worksheets/sheet2.xml,G888,,"ROUND(E888*F888,2)",437.85,0,0
xl/worksheets/sheet2.xml,H888,,E888+G888,3356.85,0,0
xl/worksheets/sheet2.xml,J888,,"_xlfn.XLOOKUP(C888,Departments!$A$2:$A$6,Departments!$B$2:$B$6,""Unknown"")",Quality,0,0
xl/worksheets/sheet2.xml,F889,,"VLOOKUP(D889,Lookup!$A$2:$B$4,2,FALSE())",0.05,0,0
xl/worksheets/sheet2.xml,G889,,"ROUND(E889*F889,2)",147.8,0,0
xl/worksheets/sheet2.xml,H889,,E889+G889,3103.8,0,0
xl/worksheets/sheet2.xml,J889,,"_xlfn.XLOOKUP(C889,Departments!$A$2:$A$6,Departments!$B$2:$B$6,""Unknown"")",Human Resources,0,0
xl/worksheets/sheet2.xml,F890,,"VLOOKUP(D890,Lookup!$A$2:$B$4,2,FALSE())",0.1,0,0
xl/worksheets/sheet2.xml,G890,,"ROUND(E890*F890,2)",299.3,0,0
xl/worksheets/sheet2.xml,H890,,E890+G890,3292.3,0,0
xl/worksheets/sheet2.xml,J890,,"_xlfn.XLOOKUP(C890,Departments!$A$2:$A$6,Departments!$B$2:$B$6,""Unknown"")",Technology,0,0
xl/worksheets/sheet2.xml,F891,,"VLOOKUP(D891,Lookup!$A$2:$B$4,2,FALSE())",0.15,0,0
xl/worksheets/sheet2.xml,G891,,"ROUND(E891*F891,2)",454.5,0,0
xl/worksheets/sheet2.xml,H891,,E891+G891,3484.5,0,0
xl/worksheets/sheet2.xml,J891,,"_xlfn.XLOOKUP(C891,Departments!$A$2:$A$6,Departments!$B$2:$B$6,""Unknown"")",Operations,0,0
xl/worksheets/sheet2.xml,F892,,"VLOOKUP(D892,Lookup!$A$2:$B$4,2,FALSE())",0.05,0,0
xl/worksheets/sheet2.xml,G892,,"ROUND(E892*F892,2)",153.35,0,0
xl/worksheets/sheet2.xml,H892,,E892+G892,3220.35,0,0
xl/worksheets/sheet2.xml,J892,,"_xlfn.XLOOKUP(C892,Departments!$A$2:$A$6,Departments!$B$2:$B$6,""Unknown"")",Finance,0,0
xl/worksheets/sheet2.xml,F893,,"VLOOKUP(D893,Lookup!$A$2:$B$4,2,FALSE())",0.1,0,0
xl/worksheets/sheet2.xml,G893,,"ROUND(E893*F893,2)",310.4,0,0
xl/worksheets/sheet2.xml,H893,,E893+G893,3414.4,0,0
xl/worksheets/sheet2.xml,J893,,"_xlfn.XLOOKUP(C893,Departments!$A$2:$A$6,Departments!$B$2:$B$6,""Unknown"")",Quality,0,0
xl/worksheets/sheet2.xml,F894,,"VLOOKUP(D894,Lookup!$A$2:$B$4,2,FALSE())",0.15,0,0
xl/worksheets/sheet2.xml,G894,,"ROUND(E894*F894,2)",471.15,0,0
xl/worksheets/sheet2.xml,H894,,E894+G894,3612.15,0,0
xl/worksheets/sheet2.xml,J894,,"_xlfn.XLOOKUP(C894,Departments!$A$2:$A$6,Departments!$B$2:$B$6,""Unknown"")",Human Resources,0,0
xl/worksheets/sheet2.xml,F895,,"VLOOKUP(D895,Lookup!$A$2:$B$4,2,FALSE())",0.05,0,0
xl/worksheets/sheet2.xml,G895,,"ROUND(E895*F895,2)",158.9,0,0
xl/worksheets/sheet2.xml,H895,,E895+G895,3336.9,0,0
xl/worksheets/sheet2.xml,J895,,"_xlfn.XLOOKUP(C895,Departments!$A$2:$A$6,Departments!$B$2:$B$6,""Unknown"")",Technology,0,0
xl/worksheets/sheet2.xml,F896,,"VLOOKUP(D896,Lookup!$A$2:$B$4,2,FALSE())",0.1,0,0
xl/worksheets/sheet2.xml,G896,,"ROUND(E896*F896,2)",321.5,0,0
xl/worksheets/sheet2.xml,H896,,E896+G896,3536.5,0,0
xl/worksheets/sheet2.xml,J896,,"_xlfn.XLOOKUP(C896,Departments!$A$2:$A$6,Departments!$B$2:$B$6,""Unknown"")",Operations,0,0
xl/worksheets/sheet2.xml,F897,,"VLOOKUP(D897,Lookup!$A$2:$B$4,2,FALSE())",0.15,0,0
xl/worksheets/sheet2.xml,G897,,"ROUND(E897*F897,2)",487.8,0,0
xl/worksheets/sheet2.xml,H897,,E897+G897,3739.8,0,0
xl/worksheets/sheet2.xml,J897,,"_xlfn.XLOOKUP(C897,Departments!$A$2:$A$6,Departments!$B$2:$B$6,""Unknown"")",Finance,0,0
xl/worksheets/sheet2.xml,F898,,"VLOOKUP(D898,Lookup!$A$2:$B$4,2,FALSE())",0.05,0,0
xl/worksheets/sheet2.xml,G898,,"ROUND(E898*F898,2)",164.45,0,0
xl/worksheets/sheet2.xml,H898,,E898+G898,3453.45,0,0
xl/worksheets/sheet2.xml,J898,,"_xlfn.XLOOKUP(C898,Departments!$A$2:$A$6,Departments!$B$2:$B$6,""Unknown"")",Quality,0,0
xl/worksheets/sheet2.xml,F899,,"VLOOKUP(D899,Lookup!$A$2:$B$4,2,FALSE())",0.1,0,0
xl/worksheets/sheet2.xml,G899,,"ROUND(E899*F899,2)",332.6,0,0
xl/worksheets/sheet2.xml,H899,,E899+G899,3658.6,0,0
xl/worksheets/sheet2.xml,J899,,"_xlfn.XLOOKUP(C899,Departments!$A$2:$A$6,Departments!$B$2:$B$6,""Unknown"")",Human Resources,0,0
xl/worksheets/sheet2.xml,F900,,"VLOOKUP(D900,Lookup!$A$2:$B$4,2,FALSE())",0.15,0,0
xl/worksheets/sheet2.xml,G900,,"ROUND(E900*F900,2)",504.45,0,0
xl/worksheets/sheet2.xml,H900,,E900+G900,3867.45,0,0
xl/worksheets/sheet2.xml,J900,,"_xlfn.XLOOKUP(C900,Departments!$A$2:$A$6,Departments!$B$2:$B$6,""Unknown"")",Technology,0,0
xl/worksheets/sheet2.xml,F901,,"VLOOKUP(D901,Lookup!$A$2:$B$4,2,FALSE())",0.05,0,0
xl/worksheets/sheet2.xml,G901,,"ROUND(E901*F901,2)",170,0,0
xl/worksheets/sheet2.xml,H901,,E901+G901,3570,0,0
xl/worksheets/sheet2.xml,J901,,"_xlfn.XLOOKUP(C901,Departments!$A$2:$A$6,Departments!$B$2:$B$6,""Unknown"")",Operations,0,0
xl/worksheets/sheet2.xml,F902,,"VLOOKUP(D902,Lookup!$A$2:$B$4,2,FALSE())",0.1,0,0
xl/worksheets/sheet2.xml,G902,,"ROUND(E902*F902,2)",343.7,0,0
xl/worksheets/sheet2.xml,H902,,E902+G902,3780.7,0,0
xl/worksheets/sheet2.xml,J902,,"_xlfn.XLOOKUP(C902,Departments!$A$2:$A$6,Departments!$B$2:$B$6,""Unknown"")",Finance,0,0
xl/worksheets/sheet2.xml,F903,,"VLOOKUP(D903,Lookup!$A$2:$B$4,2,FALSE())",0.15,0,0
xl/worksheets/sheet2.xml,G903,,"ROUND(E903*F903,2)",521.1,0,0
xl/worksheets/sheet2.xml,H903,,E903+G903,3995.1,0,0
xl/worksheets/sheet2.xml,J903,,"_xlfn.XLOOKUP(C903,Departments!$A$2:$A$6,Departments!$B$2:$B$6,""Unknown"")",Quality,0,0
xl/worksheets/sheet2.xml,F904,,"VLOOKUP(D904,Lookup!$A$2:$B$4,2,FALSE())",0.05,0,0
xl/worksheets/sheet2.xml,G904,,"ROUND(E904*F904,2)",175.55,0,0
xl/worksheets/sheet2.xml,H904,,E904+G904,3686.55,0,0
xl/worksheets/sheet2.xml,J904,,"_xlfn.XLOOKUP(C904,Departments!$A$2:$A$6,Departments!$B$2:$B$6,""Unknown"")",Human Resources,0,0
xl/worksheets/sheet2.xml,F905,,"VLOOKUP(D905,Lookup!$A$2:$B$4,2,FALSE())",0.1,0,0
xl/worksheets/sheet2.xml,G905,,"ROUND(E905*F905,2)",354.8,0,0
xl/worksheets/sheet2.xml,H905,,E905+G905,3902.8,0,0
xl/worksheets/sheet2.xml,J905,,"_xlfn.XLOOKUP(C905,Departments!$A$2:$A$6,Departments!$B$2:$B$6,""Unknown"")",Technology,0,0
xl/worksheets/sheet2.xml,F906,,"VLOOKUP(D906,Lookup!$A$2:$B$4,2,FALSE())",0.15,0,0
xl/worksheets/sheet2.xml,G906,,"ROUND(E906*F906,2)",537.75,0,0
xl/worksheets/sheet2.xml,H906,,E906+G906,4122.75,0,0
xl/worksheets/sheet2.xml,J906,,"_xlfn.XLOOKUP(C906,Departments!$A$2:$A$6,Departments!$B$2:$B$6,""Unknown"")",Operations,0,0
xl/worksheets/sheet2.xml,F907,,"VLOOKUP(D907,Lookup!$A$2:$B$4,2,FALSE())",0.05,0,0
xl/worksheets/sheet2.xml,G907,,"ROUND(E907*F907,2)",181.1,0,0
xl/worksheets/sheet2.xml,H907,,E907+G907,3803.1,0,0
xl/worksheets/sheet2.xml,J907,,"_xlfn.XLOOKUP(C907,Departments!$A$2:$A$6,Departments!$B$2:$B$6,""Unknown"")",Finance,0,0
xl/worksheets/sheet2.xml,F908,,"VLOOKUP(D908,Lookup!$A$2:$B$4,2,FALSE())",0.1,0,0
xl/worksheets/sheet2.xml,G908,,"ROUND(E908*F908,2)",365.9,0,0
xl/worksheets/sheet2.xml,H908,,E908+G908,4024.9,0,0
xl/worksheets/sheet2.xml,J908,,"_xlfn.XLOOKUP(C908,Departments!$A$2:$A$6,Departments!$B$2:$B$6,""Unknown"")",Quality,0,0
xl/worksheets/sheet2.xml,F909,,"VLOOKUP(D909,Lookup!$A$2:$B$4,2,FALSE())",0.15,0,0
xl/worksheets/sheet2.xml,G909,,"ROUND(E909*F909,2)",554.4,0,0
xl/worksheets/sheet2.xml,H909,,E909+G909,4250.4,0,0
xl/worksheets/sheet2.xml,J909,,"_xlfn.XLOOKUP(C909,Departments!$A$2:$A$6,Departments!$B$2:$B$6,""Unknown"")",Human Resources,0,0
xl/worksheets/sheet2.xml,F910,,"VLOOKUP(D910,Lookup!$A$2:$B$4,2,FALSE())",0.05,0,0
xl/worksheets/sheet2.xml,G910,,"ROUND(E910*F910,2)",186.65,0,0
xl/worksheets/sheet2.xml,H910,,E910+G910,3919.65,0,0
xl/worksheets/sheet2.xml,J910,,"_xlfn.XLOOKUP(C910,Departments!$A$2:$A$6,Departments!$B$2:$B$6,""Unknown"")",Technology,0,0
xl/worksheets/sheet2.xml,F911,,"VLOOKUP(D911,Lookup!$A$2:$B$4,2,FALSE())",0.1,0,0
xl/worksheets/sheet2.xml,G911,,"ROUND(E911*F911,2)",377,0,0
xl/worksheets/sheet2.xml,H911,,E911+G911,4147,0,0
xl/worksheets/sheet2.xml,J911,,"_xlfn.XLOOKUP(C911,Departments!$A$2:$A$6,Departments!$B$2:$B$6,""Unknown"")",Operations,0,0
xl/worksheets/sheet2.xml,F912,,"VLOOKUP(D912,Lookup!$A$2:$B$4,2,FALSE())",0.15,0,0
xl/worksheets/sheet2.xml,G912,,"ROUND(E912*F912,2)",571.05,0,0
xl/worksheets/sheet2.xml,H912,,E912+G912,4378.05,0,0
xl/worksheets/sheet2.xml,J912,,"_xlfn.XLOOKUP(C912,Departments!$A$2:$A$6,Departments!$B$2:$B$6,""Unknown"")",Finance,0,0
xl/worksheets/sheet2.xml,F913,,"VLOOKUP(D913,Lookup!$A$2:$B$4,2,FALSE())",0.05,0,0
xl/worksheets/sheet2.xml,G913,,"ROUND(E913*F913,2)",192.2,0,0
xl/worksheets/sheet2.xml,H913,,E913+G913,4036.2,0,0
xl/worksheets/sheet2.xml,J913,,"_xlfn.XLOOKUP(C913,Departments!$A$2:$A$6,Departments!$B$2:$B$6,""Unknown"")",Quality,0,0
xl/worksheets/sheet2.xml,F914,,"VLOOKUP(D914,Lookup!$A$2:$B$4,2,FALSE())",0.1,0,0
xl/worksheets/sheet2.xml,G914,,"ROUND(E914*F914,2)",388.1,0,0
xl/worksheets/sheet2.xml,H914,,E914+G914,4269.1,0,0
xl/worksheets/sheet2.xml,J914,,"_xlfn.XLOOKUP(C914,Departments!$A$2:$A$6,Departments!$B$2:$B$6,""Unknown"")",Human Resources,0,0
xl/worksheets/sheet2.xml,F915,,"VLOOKUP(D915,Lookup!$A$2:$B$4,2,FALSE())",0.15,0,0
xl/worksheets/sheet2.xml,G915,,"ROUND(E915*F915,2)",587.7,0,0
xl/worksheets/sheet2.xml,H915,,E915+G915,4505.7,0,0
xl/worksheets/sheet2.xml,J915,,"_xlfn.XLOOKUP(C915,Departments!$A$2:$A$6,Departments!$B$2:$B$6,""Unknown"")",Technology,0,0
xl/worksheets/sheet2.xml,F916,,"VLOOKUP(D916,Lookup!$A$2:$B$4,2,FALSE())",0.05,0,0
xl/worksheets/sheet2.xml,G916,,"ROUND(E916*F916,2)",197.75,0,0
xl/worksheets/sheet2.xml,H916,,E916+G916,4152.75,0,0
xl/worksheets/sheet2.xml,J916,,"_xlfn.XLOOKUP(C916,Departments!$A$2:$A$6,Departments!$B$2:$B$6,""Unknown"")",Operations,0,0
xl/worksheets/sheet2.xml,F917,,"VLOOKUP(D917,Lookup!$A$2:$B$4,2,FALSE())",0.1,0,0
xl/worksheets/sheet2.xml,G917,,"ROUND(E917*F917,2)",399.2,0,0
xl/worksheets/sheet2.xml,H917,,E917+G917,4391.2,0,0
xl/worksheets/sheet2.xml,J917,,"_xlfn.XLOOKUP(C917,Departments!$A$2:$A$6,Departments!$B$2:$B$6,""Unknown"")",Finance,0,0
xl/worksheets/sheet2.xml,F918,,"VLOOKUP(D918,Lookup!$A$2:$B$4,2,FALSE())",0.15,0,0
xl/worksheets/sheet2.xml,G918,,"ROUND(E918*F918,2)",604.35,0,0
xl/worksheets/sheet2.xml,H918,,E918+G918,4633.35,0,0
xl/worksheets/sheet2.xml,J918,,"_xlfn.XLOOKUP(C918,Departments!$A$2:$A$6,Departments!$B$2:$B$6,""Unknown"")",Quality,0,0
xl/worksheets/sheet2.xml,F919,,"VLOOKUP(D919,Lookup!$A$2:$B$4,2,FALSE())",0.05,0,0
xl/worksheets/sheet2.xml,G919,,"ROUND(E919*F919,2)",203.3,0,0
xl/worksheets/sheet2.xml,H919,,E919+G919,4269.3,0,0
xl/worksheets/sheet2.xml,J919,,"_xlfn.XLOOKUP(C919,Departments!$A$2:$A$6,Departments!$B$2:$B$6,""Unknown"")",Human Resources,0,0
xl/worksheets/sheet2.xml,F920,,"VLOOKUP(D920,Lookup!$A$2:$B$4,2,FALSE())",0.1,0,0
xl/worksheets/sheet2.xml,G920,,"ROUND(E920*F920,2)",410.3,0,0
xl/worksheets/sheet2.xml,H920,,E920+G920,4513.3,0,0
xl/worksheets/sheet2.xml,J920,,"_xlfn.XLOOKUP(C920,Departments!$A$2:$A$6,Departments!$B$2:$B$6,""Unknown"")",Technology,0,0
xl/worksheets/sheet2.xml,F921,,"VLOOKUP(D921,Lookup!$A$2:$B$4,2,FALSE())",0.15,0,0
xl/worksheets/sheet2.xml,G921,,"ROUND(E921*F921,2)",621,0,0
xl/worksheets/sheet2.xml,H921,,E921+G921,4761,0,0
xl/worksheets/sheet2.xml,J921,,"_xlfn.XLOOKUP(C921,Departments!$A$2:$A$6,Departments!$B$2:$B$6,""Unknown"")",Operations,0,0
xl/worksheets/sheet2.xml,F922,,"VLOOKUP(D922,Lookup!$A$2:$B$4,2,FALSE())",0.05,0,0
xl/worksheets/sheet2.xml,G922,,"ROUND(E922*F922,2)",208.85,0,0
xl/worksheets/sheet2.xml,H922,,E922+G922,4385.85,0,0
xl/worksheets/sheet2.xml,J922,,"_xlfn.XLOOKUP(C922,Departments!$A$2:$A$6,Departments!$B$2:$B$6,""Unknown"")",Finance,0,0
xl/worksheets/sheet2.xml,F923,,"VLOOKUP(D923,Lookup!$A$2:$B$4,2,FALSE())",0.1,0,0
xl/worksheets/sheet2.xml,G923,,"ROUND(E923*F923,2)",421.4,0,0
xl/worksheets/sheet2.xml,H923,,E923+G923,4635.4,0,0
xl/worksheets/sheet2.xml,J923,,"_xlfn.XLOOKUP(C923,Departments!$A$2:$A$6,Departments!$B$2:$B$6,""Unknown"")",Quality,0,0
xl/worksheets/sheet2.xml,F924,,"VLOOKUP(D924,Lookup!$A$2:$B$4,2,FALSE())",0.15,0,0
xl/worksheets/sheet2.xml,G924,,"ROUND(E924*F924,2)",637.65,0,0
xl/worksheets/sheet2.xml,H924,,E924+G924,4888.65,0,0
xl/worksheets/sheet2.xml,J924,,"_xlfn.XLOOKUP(C924,Departments!$A$2:$A$6,Departments!$B$2:$B$6,""Unknown"")",Human Resources,0,0
xl/worksheets/sheet2.xml,F925,,"VLOOKUP(D925,Lookup!$A$2:$B$4,2,FALSE())",0.05,0,0
xl/worksheets/sheet2.xml,G925,,"ROUND(E925*F925,2)",214.4,0,0
xl/worksheets/sheet2.xml,H925,,E925+G925,4502.4,0,0
xl/worksheets/sheet2.xml,J925,,"_xlfn.XLOOKUP(C925,Departments!$A$2:$A$6,Departments!$B$2:$B$6,""Unknown"")",Technology,0,0
xl/worksheets/sheet2.xml,F926,,"VLOOKUP(D926,Lookup!$A$2:$B$4,2,FALSE())",0.1,0,0
xl/worksheets/sheet2.xml,G926,,"ROUND(E926*F926,2)",432.5,0,0
xl/worksheets/sheet2.xml,H926,,E926+G926,4757.5,0,0
xl/worksheets/sheet2.xml,J926,,"_xlfn.XLOOKUP(C926,Departments!$A$2:$A$6,Departments!$B$2:$B$6,""Unknown"")",Operations,0,0
xl/worksheets/sheet2.xml,F927,,"VLOOKUP(D927,Lookup!$A$2:$B$4,2,FALSE())",0.15,0,0
xl/worksheets/sheet2.xml,G927,,"ROUND(E927*F927,2)",654.3,0,0
xl/worksheets/sheet2.xml,H927,,E927+G927,5016.3,0,0
xl/worksheets/sheet2.xml,J927,,"_xlfn.XLOOKUP(C927,Departments!$A$2:$A$6,Departments!$B$2:$B$6,""Unknown"")",Finance,0,0
xl/worksheets/sheet2.xml,F928,,"VLOOKUP(D928,Lookup!$A$2:$B$4,2,FALSE())",0.05,0,0
xl/worksheets/sheet2.xml,G928,,"ROUND(E928*F928,2)",219.95,0,0
xl/worksheets/sheet2.xml,H928,,E928+G928,4618.95,0,0
xl/worksheets/sheet2.xml,J928,,"_xlfn.XLOOKUP(C928,Departments!$A$2:$A$6,Departments!$B$2:$B$6,""Unknown"")",Quality,0,0
xl/worksheets/sheet2.xml,F929,,"VLOOKUP(D929,Lookup!$A$2:$B$4,2,FALSE())",0.1,0,0
xl/worksheets/sheet2.xml,G929,,"ROUND(E929*F929,2)",443.6,0,0
xl/worksheets/sheet2.xml,H929,,E929+G929,4879.6,0,0
xl/worksheets/sheet2.xml,J929,,"_xlfn.XLOOKUP(C929,Departments!$A$2:$A$6,Departments!$B$2:$B$6,""Unknown"")",Human Resources,0,0
xl/worksheets/sheet2.xml,F930,,"VLOOKUP(D930,Lookup!$A$2:$B$4,2,FALSE())",0.15,0,0
xl/worksheets/sheet2.xml,G930,,"ROUND(E930*F930,2)",670.95,0,0
xl/worksheets/sheet2.xml,H930,,E930+G930,5143.95,0,0
xl/worksheets/sheet2.xml,J930,,"_xlfn.XLOOKUP(C930,Departments!$A$2:$A$6,Departments!$B$2:$B$6,""Unknown"")",Technology,0,0
xl/worksheets/sheet2.xml,F931,,"VLOOKUP(D931,Lookup!$A$2:$B$4,2,FALSE())",0.05,0,0
xl/worksheets/sheet2.xml,G931,,"ROUND(E931*F931,2)",225.5,0,0
xl/worksheets/sheet2.xml,H931,,E931+G931,4735.5,0,0
xl/worksheets/sheet2.xml,J931,,"_xlfn.XLOOKUP(C931,Departments!$A$2:$A$6,Departments!$B$2:$B$6,""Unknown"")",Operations,0,0
xl/worksheets/sheet2.xml,F932,,"VLOOKUP(D932,Lookup!$A$2:$B$4,2,FALSE())",0.1,0,0
xl/worksheets/sheet2.xml,G932,,"ROUND(E932*F932,2)",454.7,0,0
xl/worksheets/sheet2.xml,H932,,E932+G932,5001.7,0,0
xl/worksheets/sheet2.xml,J932,,"_xlfn.XLOOKUP(C932,Departments!$A$2:$A$6,Departments!$B$2:$B$6,""Unknown"")",Finance,0,0
xl/worksheets/sheet2.xml,F933,,"VLOOKUP(D933,Lookup!$A$2:$B$4,2,FALSE())",0.15,0,0
xl/worksheets/sheet2.xml,G933,,"ROUND(E933*F933,2)",687.6,0,0
xl/worksheets/sheet2.xml,H933,,E933+G933,5271.6,0,0
xl/worksheets/sheet2.xml,J933,,"_xlfn.XLOOKUP(C933,Departments!$A$2:$A$6,Departments!$B$2:$B$6,""Unknown"")",Quality,0,0
xl/worksheets/sheet2.xml,F934,,"VLOOKUP(D934,Lookup!$A$2:$B$4,2,FALSE())",0.05,0,0
xl/worksheets/sheet2.xml,G934,,"ROUND(E934*F934,2)",231.05,0,0
xl/worksheets/sheet2.xml,H934,,E934+G934,4852.05,0,0
xl/worksheets/sheet2.xml,J934,,"_xlfn.XLOOKUP(C934,Departments!$A$2:$A$6,Departments!$B$2:$B$6,""Unknown"")",Human Resources,0,0
xl/worksheets/sheet2.xml,F935,,"VLOOKUP(D935,Lookup!$A$2:$B$4,2,FALSE())",0.1,0,0
xl/worksheets/sheet2.xml,G935,,"ROUND(E935*F935,2)",465.8,0,0
xl/worksheets/sheet2.xml,H935,,E935+G935,5123.8,0,0
xl/worksheets/sheet2.xml,J935,,"_xlfn.XLOOKUP(C935,Departments!$A$2:$A$6,Departments!$B$2:$B$6,""Unknown"")",Technology,0,0
xl/worksheets/sheet2.xml,F936,,"VLOOKUP(D936,Lookup!$A$2:$B$4,2,FALSE())",0.15,0,0
xl/worksheets/sheet2.xml,G936,,"ROUND(E936*F936,2)",704.25,0,0
xl/worksheets/sheet2.xml,H936,,E936+G936,5399.25,0,0
xl/worksheets/sheet2.xml,J936,,"_xlfn.XLOOKUP(C936,Departments!$A$2:$A$6,Departments!$B$2:$B$6,""Unknown"")",Operations,0,0
xl/worksheets/sheet2.xml,F937,,"VLOOKUP(D937,Lookup!$A$2:$B$4,2,FALSE())",0.05,0,0
xl/worksheets/sheet2.xml,G937,,"ROUND(E937*F937,2)",236.6,0,0
xl/worksheets/sheet2.xml,H937,,E937+G937,4968.6,0,0
xl/worksheets/sheet2.xml,J937,,"_xlfn.XLOOKUP(C937,Departments!$A$2:$A$6,Departments!$B$2:$B$6,""Unknown"")",Finance,0,0
xl/worksheets/sheet2.xml,F938,,"VLOOKUP(D938,Lookup!$A$2:$B$4,2,FALSE())",0.1,0,0
xl/worksheets/sheet2.xml,G938,,"ROUND(E938*F938,2)",476.9,0,0
xl/worksheets/sheet2.xml,H938,,E938+G938,5245.9,0,0
xl/worksheets/sheet2.xml,J938,,"_xlfn.XLOOKUP(C938,Departments!$A$2:$A$6,Departments!$B$2:$B$6,""Unknown"")",Quality,0,0
xl/worksheets/sheet2.xml,F939,,"VLOOKUP(D939,Lookup!$A$2:$B$4,2,FALSE())",0.15,0,0
xl/worksheets/sheet2.xml,G939,,"ROUND(E939*F939,2)",720.9,0,0
xl/worksheets/sheet2.xml,H939,,E939+G939,5526.9,0,0
xl/worksheets/sheet2.xml,J939,,"_xlfn.XLOOKUP(C939,Departments!$A$2:$A$6,Departments!$B$2:$B$6,""Unknown"")",Human Resources,0,0
xl/worksheets/sheet2.xml,F940,,"VLOOKUP(D940,Lookup!$A$2:$B$4,2,FALSE())",0.05,0,0
xl/worksheets/sheet2.xml,G940,,"ROUND(E940*F940,2)",242.15,0,0
xl/worksheets/sheet2.xml,H940,,E940+G940,5085.15,0,0
xl/worksheets/sheet2.xml,J940,,"_xlfn.XLOOKUP(C940,Departments!$A$2:$A$6,Departments!$B$2:$B$6,""Unknown"")",Technology,0,0
xl/worksheets/sheet2.xml,F941,,"VLOOKUP(D941,Lookup!$A$2:$B$4,2,FALSE())",0.1,0,0
xl/worksheets/sheet2.xml,G941,,"ROUND(E941*F941,2)",488,0,0
xl/worksheets/sheet2.xml,H941,,E941+G941,5368,0,0
xl/worksheets/sheet2.xml,J941,,"_xlfn.XLOOKUP(C941,Departments!$A$2:$A$6,Departments!$B$2:$B$6,""Unknown"")",Operations,0,0
xl/worksheets/sheet2.xml,F942,,"VLOOKUP(D942,Lookup!$A$2:$B$4,2,FALSE())",0.15,0,0
xl/worksheets/sheet2.xml,G942,,"ROUND(E942*F942,2)",737.55,0,0
xl/worksheets/sheet2.xml,H942,,E942+G942,5654.55,0,0
xl/worksheets/sheet2.xml,J942,,"_xlfn.XLOOKUP(C942,Departments!$A$2:$A$6,Departments!$B$2:$B$6,""Unknown"")",Finance,0,0
xl/worksheets/sheet2.xml,F943,,"VLOOKUP(D943,Lookup!$A$2:$B$4,2,FALSE())",0.05,0,0
xl/worksheets/sheet2.xml,G943,,"ROUND(E943*F943,2)",247.7,0,0
xl/worksheets/sheet2.xml,H943,,E943+G943,5201.7,0,0
xl/worksheets/sheet2.xml,J943,,"_xlfn.XLOOKUP(C943,Departments!$A$2:$A$6,Departments!$B$2:$B$6,""Unknown"")",Quality,0,0
xl/worksheets/sheet2.xml,F944,,"VLOOKUP(D944,Lookup!$A$2:$B$4,2,FALSE())",0.1,0,0
xl/worksheets/sheet2.xml,G944,,"ROUND(E944*F944,2)",499.1,0,0
xl/worksheets/sheet2.xml,H944,,E944+G944,5490.1,0,0
xl/worksheets/sheet2.xml,J944,,"_xlfn.XLOOKUP(C944,Departments!$A$2:$A$6,Departments!$B$2:$B$6,""Unknown"")",Human Resources,0,0
xl/worksheets/sheet2.xml,F945,,"VLOOKUP(D945,Lookup!$A$2:$B$4,2,FALSE())",0.15,0,0
xl/worksheets/sheet2.xml,G945,,"ROUND(E945*F945,2)",754.2,0,0
xl/worksheets/sheet2.xml,H945,,E945+G945,5782.2,0,0
xl/worksheets/sheet2.xml,J945,,"_xlfn.XLOOKUP(C945,Departments!$A$2:$A$6,Departments!$B$2:$B$6,""Unknown"")",Technology,0,0
xl/worksheets/sheet2.xml,F946,,"VLOOKUP(D946,Lookup!$A$2:$B$4,2,FALSE())",0.05,0,0
xl/worksheets/sheet2.xml,G946,,"ROUND(E946*F946,2)",253.25,0,0
xl/worksheets/sheet2.xml,H946,,E946+G946,5318.25,0,0
xl/worksheets/sheet2.xml,J946,,"_xlfn.XLOOKUP(C946,Departments!$A$2:$A$6,Departments!$B$2:$B$6,""Unknown"")",Operations,0,0
xl/worksheets/sheet2.xml,F947,,"VLOOKUP(D947,Lookup!$A$2:$B$4,2,FALSE())",0.1,0,0
xl/worksheets/sheet2.xml,G947,,"ROUND(E947*F947,2)",10.2,0,0
xl/worksheets/sheet2.xml,H947,,E947+G947,112.2,0,0
xl/worksheets/sheet2.xml,J947,,"_xlfn.XLOOKUP(C947,Departments!$A$2:$A$6,Departments!$B$2:$B$6,""Unknown"")",Finance,0,0
xl/worksheets/sheet2.xml,F948,,"VLOOKUP(D948,Lookup!$A$2:$B$4,2,FALSE())",0.15,0,0
xl/worksheets/sheet2.xml,G948,,"ROUND(E948*F948,2)",20.85,0,0
xl/worksheets/sheet2.xml,H948,,E948+G948,159.85,0,0
xl/worksheets/sheet2.xml,J948,,"_xlfn.XLOOKUP(C948,Departments!$A$2:$A$6,Departments!$B$2:$B$6,""Unknown"")",Quality,0,0
xl/worksheets/sheet2.xml,F949,,"VLOOKUP(D949,Lookup!$A$2:$B$4,2,FALSE())",0.05,0,0
xl/worksheets/sheet2.xml,G949,,"ROUND(E949*F949,2)",8.8,0,0
xl/worksheets/sheet2.xml,H949,,E949+G949,184.8,0,0
xl/worksheets/sheet2.xml,J949,,"_xlfn.XLOOKUP(C949,Departments!$A$2:$A$6,Departments!$B$2:$B$6,""Unknown"")",Human Resources,0,0
xl/worksheets/sheet2.xml,F950,,"VLOOKUP(D950,Lookup!$A$2:$B$4,2,FALSE())",0.1,0,0
xl/worksheets/sheet2.xml,G950,,"ROUND(E950*F950,2)",21.3,0,0
xl/worksheets/sheet2.xml,H950,,E950+G950,234.3,0,0
xl/worksheets/sheet2.xml,J950,,"_xlfn.XLOOKUP(C950,Departments!$A$2:$A$6,Departments!$B$2:$B$6,""Unknown"")",Technology,0,0
xl/worksheets/sheet2.xml,F951,,"VLOOKUP(D951,Lookup!$A$2:$B$4,2,FALSE())",0.15,0,0
xl/worksheets/sheet2.xml,G951,,"ROUND(E951*F951,2)",37.5,0,0
xl/worksheets/sheet2.xml,H951,,E951+G951,287.5,0,0
xl/worksheets/sheet2.xml,J951,,"_xlfn.XLOOKUP(C951,Departments!$A$2:$A$6,Departments!$B$2:$B$6,""Unknown"")",Operations,0,0
xl/worksheets/sheet2.xml,F952,,"VLOOKUP(D952,Lookup!$A$2:$B$4,2,FALSE())",0.05,0,0
xl/worksheets/sheet2.xml,G952,,"ROUND(E952*F952,2)",14.35,0,0
xl/worksheets/sheet2.xml,H952,,E952+G952,301.35,0,0
xl/worksheets/sheet2.xml,J952,,"_xlfn.XLOOKUP(C952,Departments!$A$2:$A$6,Departments!$B$2:$B$6,""Unknown"")",Finance,0,0
xl/worksheets/sheet2.xml,F953,,"VLOOKUP(D953,Lookup!$A$2:$B$4,2,FALSE())",0.1,0,0
xl/worksheets/sheet2.xml,G953,,"ROUND(E953*F953,2)",32.4,0,0
xl/worksheets/sheet2.xml,H953,,E953+G953,356.4,0,0
xl/worksheets/sheet2.xml,J953,,"_xlfn.XLOOKUP(C953,Departments!$A$2:$A$6,Departments!$B$2:$B$6,""Unknown"")",Quality,0,0
xl/worksheets/sheet2.xml,F954,,"VLOOKUP(D954,Lookup!$A$2:$B$4,2,FALSE())",0.15,0,0
xl/worksheets/sheet2.xml,G954,,"ROUND(E954*F954,2)",54.15,0,0
xl/worksheets/sheet2.xml,H954,,E954+G954,415.15,0,0
xl/worksheets/sheet2.xml,J954,,"_xlfn.XLOOKUP(C954,Departments!$A$2:$A$6,Departments!$B$2:$B$6,""Unknown"")",Human Resources,0,0
xl/worksheets/sheet2.xml,F955,,"VLOOKUP(D955,Lookup!$A$2:$B$4,2,FALSE())",0.05,0,0
xl/worksheets/sheet2.xml,G955,,"ROUND(E955*F955,2)",19.9,0,0
xl/worksheets/sheet2.xml,H955,,E955+G955,417.9,0,0
xl/worksheets/sheet2.xml,J955,,"_xlfn.XLOOKUP(C955,Departments!$A$2:$A$6,Departments!$B$2:$B$6,""Unknown"")",Technology,0,0
xl/worksheets/sheet2.xml,F956,,"VLOOKUP(D956,Lookup!$A$2:$B$4,2,FALSE())",0.1,0,0
xl/worksheets/sheet2.xml,G956,,"ROUND(E956*F956,2)",43.5,0,0
xl/worksheets/sheet2.xml,H956,,E956+G956,478.5,0,0
xl/worksheets/sheet2.xml,J956,,"_xlfn.XLOOKUP(C956,Departments!$A$2:$A$6,Departments!$B$2:$B$6,""Unknown"")",Operations,0,0
xl/worksheets/sheet2.xml,F957,,"VLOOKUP(D957,Lookup!$A$2:$B$4,2,FALSE())",0.15,0,0
xl/worksheets/sheet2.xml,G957,,"ROUND(E957*F957,2)",70.8,0,0
xl/worksheets/sheet2.xml,H957,,E957+G957,542.8,0,0
xl/worksheets/sheet2.xml,J957,,"_xlfn.XLOOKUP(C957,Departments!$A$2:$A$6,Departments!$B$2:$B$6,""Unknown"")",Finance,0,0
xl/worksheets/sheet2.xml,F958,,"VLOOKUP(D958,Lookup!$A$2:$B$4,2,FALSE())",0.05,0,0
xl/worksheets/sheet2.xml,G958,,"ROUND(E958*F958,2)",25.45,0,0
xl/worksheets/sheet2.xml,H958,,E958+G958,534.45,0,0
xl/worksheets/sheet2.xml,J958,,"_xlfn.XLOOKUP(C958,Departments!$A$2:$A$6,Departments!$B$2:$B$6,""Unknown"")",Quality,0,0
xl/worksheets/sheet2.xml,F959,,"VLOOKUP(D959,Lookup!$A$2:$B$4,2,FALSE())",0.1,0,0
xl/worksheets/sheet2.xml,G959,,"ROUND(E959*F959,2)",54.6,0,0
xl/worksheets/sheet2.xml,H959,,E959+G959,600.6,0,0
xl/worksheets/sheet2.xml,J959,,"_xlfn.XLOOKUP(C959,Departments!$A$2:$A$6,Departments!$B$2:$B$6,""Unknown"")",Human Resources,0,0
xl/worksheets/sheet2.xml,F960,,"VLOOKUP(D960,Lookup!$A$2:$B$4,2,FALSE())",0.15,0,0
xl/worksheets/sheet2.xml,G960,,"ROUND(E960*F960,2)",87.45,0,0
xl/worksheets/sheet2.xml,H960,,E960+G960,670.45,0,0
xl/worksheets/sheet2.xml,J960,,"_xlfn.XLOOKUP(C960,Departments!$A$2:$A$6,Departments!$B$2:$B$6,""Unknown"")",Technology,0,0
xl/worksheets/sheet2.xml,F961,,"VLOOKUP(D961,Lookup!$A$2:$B$4,2,FALSE())",0.05,0,0
xl/worksheets/sheet2.xml,G961,,"ROUND(E961*F961,2)",31,0,0
xl/worksheets/sheet2.xml,H961,,E961+G961,651,0,0
xl/worksheets/sheet2.xml,J961,,"_xlfn.XLOOKUP(C961,Departments!$A$2:$A$6,Departments!$B$2:$B$6,""Unknown"")",Operations,0,0
xl/worksheets/sheet2.xml,F962,,"VLOOKUP(D962,Lookup!$A$2:$B$4,2,FALSE())",0.1,0,0
xl/worksheets/sheet2.xml,G962,,"ROUND(E962*F962,2)",65.7,0,0
xl/worksheets/sheet2.xml,H962,,E962+G962,722.7,0,0
xl/worksheets/sheet2.xml,J962,,"_xlfn.XLOOKUP(C962,Departments!$A$2:$A$6,Departments!$B$2:$B$6,""Unknown"")",Finance,0,0
xl/worksheets/sheet2.xml,F963,,"VLOOKUP(D963,Lookup!$A$2:$B$4,2,FALSE())",0.15,0,0
xl/worksheets/sheet2.xml,G963,,"ROUND(E963*F963,2)",104.1,0,0
xl/worksheets/sheet2.xml,H963,,E963+G963,798.1,0,0
xl/worksheets/sheet2.xml,J963,,"_xlfn.XLOOKUP(C963,Departments!$A$2:$A$6,Departments!$B$2:$B$6,""Unknown"")",Quality,0,0
xl/worksheets/sheet2.xml,F964,,"VLOOKUP(D964,Lookup!$A$2:$B$4,2,FALSE())",0.05,0,0
xl/worksheets/sheet2.xml,G964,,"ROUND(E964*F964,2)",36.55,0,0
xl/worksheets/sheet2.xml,H964,,E964+G964,767.55,0,0
xl/worksheets/sheet2.xml,J964,,"_xlfn.XLOOKUP(C964,Departments!$A$2:$A$6,Departments!$B$2:$B$6,""Unknown"")",Human Resources,0,0
xl/worksheets/sheet2.xml,F965,,"VLOOKUP(D965,Lookup!$A$2:$B$4,2,FALSE())",0.1,0,0
xl/worksheets/sheet2.xml,G965,,"ROUND(E965*F965,2)",76.8,0,0
xl/worksheets/sheet2.xml,H965,,E965+G965,844.8,0,0
xl/worksheets/sheet2.xml,J965,,"_xlfn.XLOOKUP(C965,Departments!$A$2:$A$6,Departments!$B$2:$B$6,""Unknown"")",Technology,0,0
xl/worksheets/sheet2.xml,F966,,"VLOOKUP(D966,Lookup!$A$2:$B$4,2,FALSE())",0.15,0,0
xl/worksheets/sheet2.xml,G966,,"ROUND(E966*F966,2)",120.75,0,0
xl/worksheets/sheet2.xml,H966,,E966+G966,925.75,0,0
xl/worksheets/sheet2.xml,J966,,"_xlfn.XLOOKUP(C966,Departments!$A$2:$A$6,Departments!$B$2:$B$6,""Unknown"")",Operations,0,0
xl/worksheets/sheet2.xml,F967,,"VLOOKUP(D967,Lookup!$A$2:$B$4,2,FALSE())",0.05,0,0
xl/worksheets/sheet2.xml,G967,,"ROUND(E967*F967,2)",42.1,0,0
xl/worksheets/sheet2.xml,H967,,E967+G967,884.1,0,0
xl/worksheets/sheet2.xml,J967,,"_xlfn.XLOOKUP(C967,Departments!$A$2:$A$6,Departments!$B$2:$B$6,""Unknown"")",Finance,0,0
xl/worksheets/sheet2.xml,F968,,"VLOOKUP(D968,Lookup!$A$2:$B$4,2,FALSE())",0.1,0,0
xl/worksheets/sheet2.xml,G968,,"ROUND(E968*F968,2)",87.9,0,0
xl/worksheets/sheet2.xml,H968,,E968+G968,966.9,0,0
xl/worksheets/sheet2.xml,J968,,"_xlfn.XLOOKUP(C968,Departments!$A$2:$A$6,Departments!$B$2:$B$6,""Unknown"")",Quality,0,0
xl/worksheets/sheet2.xml,F969,,"VLOOKUP(D969,Lookup!$A$2:$B$4,2,FALSE())",0.15,0,0
xl/worksheets/sheet2.xml,G969,,"ROUND(E969*F969,2)",137.4,0,0
xl/worksheets/sheet2.xml,H969,,E969+G969,1053.4,0,0
xl/worksheets/sheet2.xml,J969,,"_xlfn.XLOOKUP(C969,Departments!$A$2:$A$6,Departments!$B$2:$B$6,""Unknown"")",Human Resources,0,0
xl/worksheets/sheet2.xml,F970,,"VLOOKUP(D970,Lookup!$A$2:$B$4,2,FALSE())",0.05,0,0
xl/worksheets/sheet2.xml,G970,,"ROUND(E970*F970,2)",47.65,0,0
xl/worksheets/sheet2.xml,H970,,E970+G970,1000.65,0,0
xl/worksheets/sheet2.xml,J970,,"_xlfn.XLOOKUP(C970,Departments!$A$2:$A$6,Departments!$B$2:$B$6,""Unknown"")",Technology,0,0
xl/worksheets/sheet2.xml,F971,,"VLOOKUP(D971,Lookup!$A$2:$B$4,2,FALSE())",0.1,0,0
xl/worksheets/sheet2.xml,G971,,"ROUND(E971*F971,2)",99,0,0
xl/worksheets/sheet2.xml,H971,,E971+G971,1089,0,0
xl/worksheets/sheet2.xml,J971,,"_xlfn.XLOOKUP(C971,Departments!$A$2:$A$6,Departments!$B$2:$B$6,""Unknown"")",Operations,0,0
xl/worksheets/sheet2.xml,F972,,"VLOOKUP(D972,Lookup!$A$2:$B$4,2,FALSE())",0.15,0,0
xl/worksheets/sheet2.xml,G972,,"ROUND(E972*F972,2)",154.05,0,0
xl/worksheets/sheet2.xml,H972,,E972+G972,1181.05,0,0
xl/worksheets/sheet2.xml,J972,,"_xlfn.XLOOKUP(C972,Departments!$A$2:$A$6,Departments!$B$2:$B$6,""Unknown"")",Finance,0,0
xl/worksheets/sheet2.xml,F973,,"VLOOKUP(D973,Lookup!$A$2:$B$4,2,FALSE())",0.05,0,0
xl/worksheets/sheet2.xml,G973,,"ROUND(E973*F973,2)",53.2,0,0
xl/worksheets/sheet2.xml,H973,,E973+G973,1117.2,0,0
xl/worksheets/sheet2.xml,J973,,"_xlfn.XLOOKUP(C973,Departments!$A$2:$A$6,Departments!$B$2:$B$6,""Unknown"")",Quality,0,0
xl/worksheets/sheet2.xml,F974,,"VLOOKUP(D974,Lookup!$A$2:$B$4,2,FALSE())",0.1,0,0
xl/worksheets/sheet2.xml,G974,,"ROUND(E974*F974,2)",110.1,0,0
xl/worksheets/sheet2.xml,H974,,E974+G974,1211.1,0,0
xl/worksheets/sheet2.xml,J974,,"_xlfn.XLOOKUP(C974,Departments!$A$2:$A$6,Departments!$B$2:$B$6,""Unknown"")",Human Resources,0,0
xl/worksheets/sheet2.xml,F975,,"VLOOKUP(D975,Lookup!$A$2:$B$4,2,FALSE())",0.15,0,0
xl/worksheets/sheet2.xml,G975,,"ROUND(E975*F975,2)",170.7,0,0
xl/worksheets/sheet2.xml,H975,,E975+G975,1308.7,0,0
xl/worksheets/sheet2.xml,J975,,"_xlfn.XLOOKUP(C975,Departments!$A$2:$A$6,Departments!$B$2:$B$6,""Unknown"")",Technology,0,0
xl/worksheets/sheet2.xml,F976,,"VLOOKUP(D976,Lookup!$A$2:$B$4,2,FALSE())",0.05,0,0
xl/worksheets/sheet2.xml,G976,,"ROUND(E976*F976,2)",58.75,0,0
xl/worksheets/sheet2.xml,H976,,E976+G976,1233.75,0,0
xl/worksheets/sheet2.xml,J976,,"_xlfn.XLOOKUP(C976,Departments!$A$2:$A$6,Departments!$B$2:$B$6,""Unknown"")",Operations,0,0
xl/worksheets/sheet2.xml,F977,,"VLOOKUP(D977,Lookup!$A$2:$B$4,2,FALSE())",0.1,0,0
xl/worksheets/sheet2.xml,G977,,"ROUND(E977*F977,2)",121.2,0,0
xl/worksheets/sheet2.xml,H977,,E977+G977,1333.2,0,0
xl/worksheets/sheet2.xml,J977,,"_xlfn.XLOOKUP(C977,Departments!$A$2:$A$6,Departments!$B$2:$B$6,""Unknown"")",Finance,0,0
xl/worksheets/sheet2.xml,F978,,"VLOOKUP(D978,Lookup!$A$2:$B$4,2,FALSE())",0.15,0,0
xl/worksheets/sheet2.xml,G978,,"ROUND(E978*F978,2)",187.35,0,0
xl/worksheets/sheet2.xml,H978,,E978+G978,1436.35,0,0
xl/worksheets/sheet2.xml,J978,,"_xlfn.XLOOKUP(C978,Departments!$A$2:$A$6,Departments!$B$2:$B$6,""Unknown"")",Quality,0,0
xl/worksheets/sheet2.xml,F979,,"VLOOKUP(D979,Lookup!$A$2:$B$4,2,FALSE())",0.05,0,0
xl/worksheets/sheet2.xml,G979,,"ROUND(E979*F979,2)",64.3,0,0
xl/worksheets/sheet2.xml,H979,,E979+G979,1350.3,0,0
xl/worksheets/sheet2.xml,J979,,"_xlfn.XLOOKUP(C979,Departments!$A$2:$A$6,Departments!$B$2:$B$6,""Unknown"")",Human Resources,0,0
xl/worksheets/sheet2.xml,F980,,"VLOOKUP(D980,Lookup!$A$2:$B$4,2,FALSE())",0.1,0,0
xl/worksheets/sheet2.xml,G980,,"ROUND(E980*F980,2)",132.3,0,0
xl/worksheets/sheet2.xml,H980,,E980+G980,1455.3,0,0
xl/worksheets/sheet2.xml,J980,,"_xlfn.XLOOKUP(C980,Departments!$A$2:$A$6,Departments!$B$2:$B$6,""Unknown"")",Technology,0,0
xl/worksheets/sheet2.xml,F981,,"VLOOKUP(D981,Lookup!$A$2:$B$4,2,FALSE())",0.15,0,0
xl/worksheets/sheet2.xml,G981,,"ROUND(E981*F981,2)",204,0,0
xl/worksheets/sheet2.xml,H981,,E981+G981,1564,0,0
xl/worksheets/sheet2.xml,J981,,"_xlfn.XLOOKUP(C981,Departments!$A$2:$A$6,Departments!$B$2:$B$6,""Unknown"")",Operations,0,0
xl/worksheets/sheet2.xml,F982,,"VLOOKUP(D982,Lookup!$A$2:$B$4,2,FALSE())",0.05,0,0
xl/worksheets/sheet2.xml,G982,,"ROUND(E982*F982,2)",69.85,0,0
xl/worksheets/sheet2.xml,H982,,E982+G982,1466.85,0,0
xl/worksheets/sheet2.xml,J982,,"_xlfn.XLOOKUP(C982,Departments!$A$2:$A$6,Departments!$B$2:$B$6,""Unknown"")",Finance,0,0
xl/worksheets/sheet2.xml,F983,,"VLOOKUP(D983,Lookup!$A$2:$B$4,2,FALSE())",0.1,0,0
xl/worksheets/sheet2.xml,G983,,"ROUND(E983*F983,2)",143.4,0,0
xl/worksheets/sheet2.xml,H983,,E983+G983,1577.4,0,0
xl/worksheets/sheet2.xml,J983,,"_xlfn.XLOOKUP(C983,Departments!$A$2:$A$6,Departments!$B$2:$B$6,""Unknown"")",Quality,0,0
xl/worksheets/sheet2.xml,F984,,"VLOOKUP(D984,Lookup!$A$2:$B$4,2,FALSE())",0.15,0,0
xl/worksheets/sheet2.xml,G984,,"ROUND(E984*F984,2)",220.65,0,0
xl/worksheets/sheet2.xml,H984,,E984+G984,1691.65,0,0
xl/worksheets/sheet2.xml,J984,,"_xlfn.XLOOKUP(C984,Departments!$A$2:$A$6,Departments!$B$2:$B$6,""Unknown"")",Human Resources,0,0
xl/worksheets/sheet2.xml,F985,,"VLOOKUP(D985,Lookup!$A$2:$B$4,2,FALSE())",0.05,0,0
xl/worksheets/sheet2.xml,G985,,"ROUND(E985*F985,2)",75.4,0,0
xl/worksheets/sheet2.xml,H985,,E985+G985,1583.4,0,0
xl/worksheets/sheet2.xml,J985,,"_xlfn.XLOOKUP(C985,Departments!$A$2:$A$6,Departments!$B$2:$B$6,""Unknown"")",Technology,0,0
xl/worksheets/sheet2.xml,F986,,"VLOOKUP(D986,Lookup!$A$2:$B$4,2,FALSE())",0.1,0,0
xl/worksheets/sheet2.xml,G986,,"ROUND(E986*F986,2)",154.5,0,0
xl/worksheets/sheet2.xml,H986,,E986+G986,1699.5,0,0
xl/worksheets/sheet2.xml,J986,,"_xlfn.XLOOKUP(C986,Departments!$A$2:$A$6,Departments!$B$2:$B$6,""Unknown"")",Operations,0,0
xl/worksheets/sheet2.xml,F987,,"VLOOKUP(D987,Lookup!$A$2:$B$4,2,FALSE())",0.15,0,0
xl/worksheets/sheet2.xml,G987,,"ROUND(E987*F987,2)",237.3,0,0
xl/worksheets/sheet2.xml,H987,,E987+G987,1819.3,0,0
xl/worksheets/sheet2.xml,J987,,"_xlfn.XLOOKUP(C987,Departments!$A$2:$A$6,Departments!$B$2:$B$6,""Unknown"")",Finance,0,0
xl/worksheets/sheet2.xml,F988,,"VLOOKUP(D988,Lookup!$A$2:$B$4,2,FALSE())",0.05,0,0
xl/worksheets/sheet2.xml,G988,,"ROUND(E988*F988,2)",80.95,0,0
xl/worksheets/sheet2.xml,H988,,E988+G988,1699.95,0,0
xl/worksheets/sheet2.xml,J988,,"_xlfn.XLOOKUP(C988,Departments!$A$2:$A$6,Departments!$B$2:$B$6,""Unknown"")",Quality,0,0
xl/worksheets/sheet2.xml,F989,,"VLOOKUP(D989,Lookup!$A$2:$B$4,2,FALSE())",0.1,0,0
xl/worksheets/sheet2.xml,G989,,"ROUND(E989*F989,2)",165.6,0,0
xl/worksheets/sheet2.xml,H989,,E989+G989,1821.6,0,0
xl/worksheets/sheet2.xml,J989,,"_xlfn.XLOOKUP(C989,Departments!$A$2:$A$6,Departments!$B$2:$B$6,""Unknown"")",Human Resources,0,0
xl/worksheets/sheet2.xml,F990,,"VLOOKUP(D990,Lookup!$A$2:$B$4,2,FALSE())",0.15,0,0
xl/worksheets/sheet2.xml,G990,,"ROUND(E990*F990,2)",253.95,0,0
xl/worksheets/sheet2.xml,H990,,E990+G990,1946.95,0,0
xl/worksheets/sheet2.xml,J990,,"_xlfn.XLOOKUP(C990,Departments!$A$2:$A$6,Departments!$B$2:$B$6,""Unknown"")",Technology,0,0
xl/worksheets/sheet2.xml,F991,,"VLOOKUP(D991,Lookup!$A$2:$B$4,2,FALSE())",0.05,0,0
xl/worksheets/sheet2.xml,G991,,"ROUND(E991*F991,2)",86.5,0,0
xl/worksheets/sheet2.xml,H991,,E991+G991,1816.5,0,0
xl/worksheets/sheet2.xml,J991,,"_xlfn.XLOOKUP(C991,Departments!$A$2:$A$6,Departments!$B$2:$B$6,""Unknown"")",Operations,0,0
xl/worksheets/sheet2.xml,F992,,"VLOOKUP(D992,Lookup!$A$2:$B$4,2,FALSE())",0.1,0,0
xl/worksheets/sheet2.xml,G992,,"ROUND(E992*F992,2)",176.7,0,0
xl/worksheets/sheet2.xml,H992,,E992+G992,1943.7,0,0
xl/worksheets/sheet2.xml,J992,,"_xlfn.XLOOKUP(C992,Departments!$A$2:$A$6,Departments!$B$2:$B$6,""Unknown"")",Finance,0,0
xl/worksheets/sheet2.xml,F993,,"VLOOKUP(D993,Lookup!$A$2:$B$4,2,FALSE())",0.15,0,0
xl/worksheets/sheet2.xml,G993,,"ROUND(E993*F993,2)",270.6,0,0
xl/worksheets/sheet2.xml,H993,,E993+G993,2074.6,0,0
xl/worksheets/sheet2.xml,J993,,"_xlfn.XLOOKUP(C993,Departments!$A$2:$A$6,Departments!$B$2:$B$6,""Unknown"")",Quality,0,0
xl/worksheets/sheet2.xml,F994,,"VLOOKUP(D994,Lookup!$A$2:$B$4,2,FALSE())",0.05,0,0
xl/worksheets/sheet2.xml,G994,,"ROUND(E994*F994,2)",92.05,0,0
xl/worksheets/sheet2.xml,H994,,E994+G994,1933.05,0,0
xl/worksheets/sheet2.xml,J994,,"_xlfn.XLOOKUP(C994,Departments!$A$2:$A$6,Departments!$B$2:$B$6,""Unknown"")",Human Resources,0,0
xl/worksheets/sheet2.xml,F995,,"VLOOKUP(D995,Lookup!$A$2:$B$4,2,FALSE())",0.1,0,0
xl/worksheets/sheet2.xml,G995,,"ROUND(E995*F995,2)",187.8,0,0
xl/worksheets/sheet2.xml,H995,,E995+G995,2065.8,0,0
xl/worksheets/sheet2.xml,J995,,"_xlfn.XLOOKUP(C995,Departments!$A$2:$A$6,Departments!$B$2:$B$6,""Unknown"")",Technology,0,0
xl/worksheets/sheet2.xml,F996,,"VLOOKUP(D996,Lookup!$A$2:$B$4,2,FALSE())",0.15,0,0
xl/worksheets/sheet2.xml,G996,,"ROUND(E996*F996,2)",287.25,0,0
xl/worksheets/sheet2.xml,H996,,E996+G996,2202.25,0,0
xl/worksheets/sheet2.xml,J996,,"_xlfn.XLOOKUP(C996,Departments!$A$2:$A$6,Departments!$B$2:$B$6,""Unknown"")",Operations,0,0
xl/worksheets/sheet2.xml,F997,,"VLOOKUP(D997,Lookup!$A$2:$B$4,2,FALSE())",0.05,0,0
xl/worksheets/sheet2.xml,G997,,"ROUND(E997*F997,2)",97.6,0,0
xl/worksheets/sheet2.xml,H997,,E997+G997,2049.6,0,0
xl/worksheets/sheet2.xml,J997,,"_xlfn.XLOOKUP(C997,Departments!$A$2:$A$6,Departments!$B$2:$B$6,""Unknown"")",Finance,0,0
xl/worksheets/sheet2.xml,F998,,"VLOOKUP(D998,Lookup!$A$2:$B$4,2,FALSE())",0.1,0,0
xl/worksheets/sheet2.xml,G998,,"ROUND(E998*F998,2)",198.9,0,0
xl/worksheets/sheet2.xml,H998,,E998+G998,2187.9,0,0
xl/worksheets/sheet2.xml,J998,,"_xlfn.XLOOKUP(C998,Departments!$A$2:$A$6,Departments!$B$2:$B$6,""Unknown"")",Quality,0,0
xl/worksheets/sheet2.xml,F999,,"VLOOKUP(D999,Lookup!$A$2:$B$4,2,FALSE())",0.15,0,0
xl/worksheets/sheet2.xml,G999,,"ROUND(E999*F999,2)",303.9,0,0
xl/worksheets/sheet2.xml,H999,,E999+G999,2329.9,0,0
xl/worksheets/sheet2.xml,J999,,"_xlfn.XLOOKUP(C999,Departments!$A$2:$A$6,Departments!$B$2:$B$6,""Unknown"")",Human Resources,0,0
xl/worksheets/sheet2.xml,F1000,,"VLOOKUP(D1000,Lookup!$A$2:$B$4,2,FALSE())",0.05,0,0
xl/worksheets/sheet2.xml,G1000,,"ROUND(E1000*F1000,2)",103.15,0,0
xl/worksheets/sheet2.xml,H1000,,E1000+G1000,2166.15,0,0
xl/worksheets/sheet2.xml,J1000,,"_xlfn.XLOOKUP(C1000,Departments!$A$2:$A$6,Departments!$B$2:$B$6,""Unknown"")",Technology,0,0
xl/worksheets/sheet2.xml,F1001,,"VLOOKUP(D1001,Lookup!$A$2:$B$4,2,FALSE())",0.1,0,0
xl/worksheets/sheet2.xml,G1001,,"ROUND(E1001*F1001,2)",210,0,0
xl/worksheets/sheet2.xml,H1001,,E1001+G1001,2310,0,0
xl/worksheets/sheet2.xml,J1001,,"_xlfn.XLOOKUP(C1001,Departments!$A$2:$A$6,Departments!$B$2:$B$6,""Unknown"")",Operations,0,0
xl/worksheets/sheet2.xml,F1002,,"VLOOKUP(D1002,Lookup!$A$2:$B$4,2,FALSE())",0.15,0,0
xl/worksheets/sheet2.xml,G1002,,"ROUND(E1002*F1002,2)",320.55,0,0
xl/worksheets/sheet2.xml,H1002,,E1002+G1002,2457.55,0,0
xl/worksheets/sheet2.xml,J1002,,"_xlfn.XLOOKUP(C1002,Departments!$A$2:$A$6,Departments!$B$2:$B$6,""Unknown"")",Finance,0,0
xl/worksheets/sheet2.xml,F1003,,"VLOOKUP(D1003,Lookup!$A$2:$B$4,2,FALSE())",0.05,0,0
xl/worksheets/sheet2.xml,G1003,,"ROUND(E1003*F1003,2)",108.7,0,0
xl/worksheets/sheet2.xml,H1003,,E1003+G1003,2282.7,0,0
xl/worksheets/sheet2.xml,J1003,,"_xlfn.XLOOKUP(C1003,Departments!$A$2:$A$6,Departments!$B$2:$B$6,""Unknown"")",Quality,0,0
xl/worksheets/sheet2.xml,F1004,,"VLOOKUP(D1004,Lookup!$A$2:$B$4,2,FALSE())",0.1,0,0
xl/worksheets/sheet2.xml,G1004,,"ROUND(E1004*F1004,2)",221.1,0,0
xl/worksheets/sheet2.xml,H1004,,E1004+G1004,2432.1,0,0
xl/worksheets/sheet2.xml,J1004,,"_xlfn.XLOOKUP(C1004,Departments!$A$2:$A$6,Departments!$B$2:$B$6,""Unknown"")",Human Resources,0,0
xl/worksheets/sheet2.xml,F1005,,"VLOOKUP(D1005,Lookup!$A$2:$B$4,2,FALSE())",0.15,0,0
xl/worksheets/sheet2.xml,G1005,,"ROUND(E1005*F1005,2)",337.2,0,0
xl/worksheets/sheet2.xml,H1005,,E1005+G1005,2585.2,0,0
xl/worksheets/sheet2.xml,J1005,,"_xlfn.XLOOKUP(C1005,Departments!$A$2:$A$6,Departments!$B$2:$B$6,""Unknown"")",Technology,0,0
xl/worksheets/sheet2.xml,F1006,,"VLOOKUP(D1006,Lookup!$A$2:$B$4,2,FALSE())",0.05,0,0
xl/worksheets/sheet2.xml,G1006,,"ROUND(E1006*F1006,2)",114.25,0,0
xl/worksheets/sheet2.xml,H1006,,E1006+G1006,2399.25,0,0
xl/worksheets/sheet2.xml,J1006,,"_xlfn.XLOOKUP(C1006,Departments!$A$2:$A$6,Departments!$B$2:$B$6,""Unknown"")",Operations,0,0
xl/worksheets/sheet2.xml,F1007,,"VLOOKUP(D1007,Lookup!$A$2:$B$4,2,FALSE())",0.1,0,0
xl/worksheets/sheet2.xml,G1007,,"ROUND(E1007*F1007,2)",232.2,0,0
xl/worksheets/sheet2.xml,H1007,,E1007+G1007,2554.2,0,0
xl/worksheets/sheet2.xml,J1007,,"_xlfn.XLOOKUP(C1007,Departments!$A$2:$A$6,Departments!$B$2:$B$6,""Unknown"")",Finance,0,0
xl/worksheets/sheet2.xml,F1008,,"VLOOKUP(D1008,Lookup!$A$2:$B$4,2,FALSE())",0.15,0,0
xl/worksheets/sheet2.xml,G1008,,"ROUND(E1008*F1008,2)",353.85,0,0
xl/worksheets/sheet2.xml,H1008,,E1008+G1008,2712.85,0,0
xl/worksheets/sheet2.xml,J1008,,"_xlfn.XLOOKUP(C1008,Departments!$A$2:$A$6,Departments!$B$2:$B$6,""Unknown"")",Quality,0,0
xl/worksheets/sheet2.xml,F1009,,"VLOOKUP(D1009,Lookup!$A$2:$B$4,2,FALSE())",0.05,0,0
xl/worksheets/sheet2.xml,G1009,,"ROUND(E1009*F1009,2)",119.8,0,0
xl/worksheets/sheet2.xml,H1009,,E1009+G1009,2515.8,0,0
xl/worksheets/sheet2.xml,J1009,,"_xlfn.XLOOKUP(C1009,Departments!$A$2:$A$6,Departments!$B$2:$B$6,""Unknown"")",Human Resources,0,0
xl/worksheets/sheet2.xml,F1010,,"VLOOKUP(D1010,Lookup!$A$2:$B$4,2,FALSE())",0.1,0,0
xl/worksheets/sheet2.xml,G1010,,"ROUND(E1010*F1010,2)",243.3,0,0
xl/worksheets/sheet2.xml,H1010,,E1010+G1010,2676.3,0,0
xl/worksheets/sheet2.xml,J1010,,"_xlfn.XLOOKUP(C1010,Departments!$A$2:$A$6,Departments!$B$2:$B$6,""Unknown"")",Technology,0,0
xl/worksheets/sheet2.xml,F1011,,"VLOOKUP(D1011,Lookup!$A$2:$B$4,2,FALSE())",0.15,0,0
xl/worksheets/sheet2.xml,G1011,,"ROUND(E1011*F1011,2)",370.5,0,0
xl/worksheets/sheet2.xml,H1011,,E1011+G1011,2840.5,0,0
xl/worksheets/sheet2.xml,J1011,,"_xlfn.XLOOKUP(C1011,Departments!$A$2:$A$6,Departments!$B$2:$B$6,""Unknown"")",Operations,0,0
xl/worksheets/sheet2.xml,F1012,,"VLOOKUP(D1012,Lookup!$A$2:$B$4,2,FALSE())",0.05,0,0
xl/worksheets/sheet2.xml,G1012,,"ROUND(E1012*F1012,2)",125.35,0,0
xl/worksheets/sheet2.xml,H1012,,E1012+G1012,2632.35,0,0
xl/worksheets/sheet2.xml,J1012,,"_xlfn.XLOOKUP(C1012,Departments!$A$2:$A$6,Departments!$B$2:$B$6,""Unknown"")",Finance,0,0
xl/worksheets/sheet2.xml,F1013,,"VLOOKUP(D1013,Lookup!$A$2:$B$4,2,FALSE())",0.1,0,0
xl/worksheets/sheet2.xml,G1013,,"ROUND(E1013*F1013,2)",254.4,0,0
xl/worksheets/sheet2.xml,H1013,,E1013+G1013,2798.4,0,0
xl/worksheets/sheet2.xml,J1013,,"_xlfn.XLOOKUP(C1013,Departments!$A$2:$A$6,Departments!$B$2:$B$6,""Unknown"")",Quality,0,0
xl/worksheets/sheet2.xml,F1014,,"VLOOKUP(D1014,Lookup!$A$2:$B$4,2,FALSE())",0.15,0,0
xl/worksheets/sheet2.xml,G1014,,"ROUND(E1014*F1014,2)",387.15,0,0
xl/worksheets/sheet2.xml,H1014,,E1014+G1014,2968.15,0,0
xl/worksheets/sheet2.xml,J1014,,"_xlfn.XLOOKUP(C1014,Departments!$A$2:$A$6,Departments!$B$2:$B$6,""Unknown"")",Human Resources,0,0
xl/worksheets/sheet2.xml,F1015,,"VLOOKUP(D1015,Lookup!$A$2:$B$4,2,FALSE())",0.05,0,0
xl/worksheets/sheet2.xml,G1015,,"ROUND(E1015*F1015,2)",130.9,0,0
xl/worksheets/sheet2.xml,H1015,,E1015+G1015,2748.9,0,0
xl/worksheets/sheet2.xml,J1015,,"_xlfn.XLOOKUP(C1015,Departments!$A$2:$A$6,Departments!$B$2:$B$6,""Unknown"")",Technology,0,0
xl/worksheets/sheet2.xml,F1016,,"VLOOKUP(D1016,Lookup!$A$2:$B$4,2,FALSE())",0.1,0,0
xl/worksheets/sheet2.xml,G1016,,"ROUND(E1016*F1016,2)",265.5,0,0
xl/worksheets/sheet2.xml,H1016,,E1016+G1016,2920.5,0,0
xl/worksheets/sheet2.xml,J1016,,"_xlfn.XLOOKUP(C1016,Departments!$A$2:$A$6,Departments!$B$2:$B$6,""Unknown"")",Operations,0,0
xl/worksheets/sheet2.xml,F1017,,"VLOOKUP(D1017,Lookup!$A$2:$B$4,2,FALSE())",0.15,0,0
xl/worksheets/sheet2.xml,G1017,,"ROUND(E1017*F1017,2)",403.8,0,0
xl/worksheets/sheet2.xml,H1017,,E1017+G1017,3095.8,0,0
xl/worksheets/sheet2.xml,J1017,,"_xlfn.XLOOKUP(C1017,Departments!$A$2:$A$6,Departments!$B$2:$B$6,""Unknown"")",Finance,0,0
xl/worksheets/sheet2.xml,F1018,,"VLOOKUP(D1018,Lookup!$A$2:$B$4,2,FALSE())",0.05,0,0
xl/worksheets/sheet2.xml,G1018,,"ROUND(E1018*F1018,2)",136.45,0,0
xl/worksheets/sheet2.xml,H1018,,E1018+G1018,2865.45,0,0
xl/worksheets/sheet2.xml,J1018,,"_xlfn.XLOOKUP(C1018,Departments!$A$2:$A$6,Departments!$B$2:$B$6,""Unknown"")",Quality,0,0
xl/worksheets/sheet2.xml,F1019,,"VLOOKUP(D1019,Lookup!$A$2:$B$4,2,FALSE())",0.1,0,0
xl/worksheets/sheet2.xml,G1019,,"ROUND(E1019*F1019,2)",276.6,0,0
xl/worksheets/sheet2.xml,H1019,,E1019+G1019,3042.6,0,0
xl/worksheets/sheet2.xml,J1019,,"_xlfn.XLOOKUP(C1019,Departments!$A$2:$A$6,Departments!$B$2:$B$6,""Unknown"")",Human Resources,0,0
xl/worksheets/sheet2.xml,F1020,,"VLOOKUP(D1020,Lookup!$A$2:$B$4,2,FALSE())",0.15,0,0
xl/worksheets/sheet2.xml,G1020,,"ROUND(E1020*F1020,2)",420.45,0,0
xl/worksheets/sheet2.xml,H1020,,E1020+G1020,3223.45,0,0
xl/worksheets/sheet2.xml,J1020,,"_xlfn.XLOOKUP(C1020,Departments!$A$2:$A$6,Departments!$B$2:$B$6,""Unknown"")",Technology,0,0
xl/worksheets/sheet2.xml,F1021,,"VLOOKUP(D1021,Lookup!$A$2:$B$4,2,FALSE())",0.05,0,0
xl/worksheets/sheet2.xml,G1021,,"ROUND(E1021*F1021,2)",142,0,0
xl/worksheets/sheet2.xml,H1021,,E1021+G1021,2982,0,0
xl/worksheets/sheet2.xml,J1021,,"_xlfn.XLOOKUP(C1021,Departments!$A$2:$A$6,Departments!$B$2:$B$6,""Unknown"")",Operations,0,0
xl/worksheets/sheet2.xml,F1022,,"VLOOKUP(D1022,Lookup!$A$2:$B$4,2,FALSE())",0.1,0,0
xl/worksheets/sheet2.xml,G1022,,"ROUND(E1022*F1022,2)",287.7,0,0
xl/worksheets/sheet2.xml,H1022,,E1022+G1022,3164.7,0,0
xl/worksheets/sheet2.xml,J1022,,"_xlfn.XLOOKUP(C1022,Departments!$A$2:$A$6,Departments!$B$2:$B$6,""Unknown"")",Finance,0,0
xl/worksheets/sheet2.xml,F1023,,"VLOOKUP(D1023,Lookup!$A$2:$B$4,2,FALSE())",0.15,0,0
xl/worksheets/sheet2.xml,G1023,,"ROUND(E1023*F1023,2)",437.1,0,0
xl/worksheets/sheet2.xml,H1023,,E1023+G1023,3351.1,0,0
xl/worksheets/sheet2.xml,J1023,,"_xlfn.XLOOKUP(C1023,Departments!$A$2:$A$6,Departments!$B$2:$B$6,""Unknown"")",Quality,0,0
xl/worksheets/sheet2.xml,F1024,,"VLOOKUP(D1024,Lookup!$A$2:$B$4,2,FALSE())",0.05,0,0
xl/worksheets/sheet2.xml,G1024,,"ROUND(E1024*F1024,2)",147.55,0,0
xl/worksheets/sheet2.xml,H1024,,E1024+G1024,3098.55,0,0
xl/worksheets/sheet2.xml,J1024,,"_xlfn.XLOOKUP(C1024,Departments!$A$2:$A$6,Departments!$B$2:$B$6,""Unknown"")",Human Resources,0,0
xl/worksheets/sheet2.xml,F1025,,"VLOOKUP(D1025,Lookup!$A$2:$B$4,2,FALSE())",0.1,0,0
xl/worksheets/sheet2.xml,G1025,,"ROUND(E1025*F1025,2)",298.8,0,0
xl/worksheets/sheet2.xml,H1025,,E1025+G1025,3286.8,0,0
xl/worksheets/sheet2.xml,J1025,,"_xlfn.XLOOKUP(C1025,Departments!$A$2:$A$6,Departments!$B$2:$B$6,""Unknown"")",Technology,0,0
xl/worksheets/sheet2.xml,F1026,,"VLOOKUP(D1026,Lookup!$A$2:$B$4,2,FALSE())",0.15,0,0
xl/worksheets/sheet2.xml,G1026,,"ROUND(E1026*F1026,2)",453.75,0,0
xl/worksheets/sheet2.xml,H1026,,E1026+G1026,3478.75,0,0
xl/worksheets/sheet2.xml,J1026,,"_xlfn.XLOOKUP(C1026,Departments!$A$2:$A$6,Departments!$B$2:$B$6,""Unknown"")",Operations,0,0
xl/worksheets/sheet2.xml,F1027,,"VLOOKUP(D1027,Lookup!$A$2:$B$4,2,FALSE())",0.05,0,0
xl/worksheets/sheet2.xml,G1027,,"ROUND(E1027*F1027,2)",153.1,0,0
xl/worksheets/sheet2.xml,H1027,,E1027+G1027,3215.1,0,0
xl/worksheets/sheet2.xml,J1027,,"_xlfn.XLOOKUP(C1027,Departments!$A$2:$A$6,Departments!$B$2:$B$6,""Unknown"")",Finance,0,0
xl/worksheets/sheet2.xml,F1028,,"VLOOKUP(D1028,Lookup!$A$2:$B$4,2,FALSE())",0.1,0,0
xl/worksheets/sheet2.xml,G1028,,"ROUND(E1028*F1028,2)",309.9,0,0
xl/worksheets/sheet2.xml,H1028,,E1028+G1028,3408.9,0,0
xl/worksheets/sheet2.xml,J1028,,"_xlfn.XLOOKUP(C1028,Departments!$A$2:$A$6,Departments!$B$2:$B$6,""Unknown"")",Quality,0,0
xl/worksheets/sheet2.xml,F1029,,"VLOOKUP(D1029,Lookup!$A$2:$B$4,2,FALSE())",0.15,0,0
xl/worksheets/sheet2.xml,G1029,,"ROUND(E1029*F1029,2)",470.4,0,0
xl/worksheets/sheet2.xml,H1029,,E1029+G1029,3606.4,0,0
xl/worksheets/sheet2.xml,J1029,,"_xlfn.XLOOKUP(C1029,Departments!$A$2:$A$6,Departments!$B$2:$B$6,""Unknown"")",Human Resources,0,0
xl/worksheets/sheet2.xml,F1030,,"VLOOKUP(D1030,Lookup!$A$2:$B$4,2,FALSE())",0.05,0,0
xl/worksheets/sheet2.xml,G1030,,"ROUND(E1030*F1030,2)",158.65,0,0
xl/worksheets/sheet2.xml,H1030,,E1030+G1030,3331.65,0,0
xl/worksheets/sheet2.xml,J1030,,"_xlfn.XLOOKUP(C1030,Departments!$A$2:$A$6,Departments!$B$2:$B$6,""Unknown"")",Technology,0,0
xl/worksheets/sheet2.xml,F1031,,"VLOOKUP(D1031,Lookup!$A$2:$B$4,2,FALSE())",0.1,0,0
xl/worksheets/sheet2.xml,G1031,,"ROUND(E1031*F1031,2)",321,0,0
xl/worksheets/sheet2.xml,H1031,,E1031+G1031,3531,0,0
xl/worksheets/sheet2.xml,J1031,,"_xlfn.XLOOKUP(C1031,Departments!$A$2:$A$6,Departments!$B$2:$B$6,""Unknown"")",Operations,0,0
xl/worksheets/sheet2.xml,F1032,,"VLOOKUP(D1032,Lookup!$A$2:$B$4,2,FALSE())",0.15,0,0
xl/worksheets/sheet2.xml,G1032,,"ROUND(E1032*F1032,2)",487.05,0,0
xl/worksheets/sheet2.xml,H1032,,E1032+G1032,3734.05,0,0
xl/worksheets/sheet2.xml,J1032,,"_xlfn.XLOOKUP(C1032,Departments!$A$2:$A$6,Departments!$B$2:$B$6,""Unknown"")",Finance,0,0
xl/worksheets/sheet2.xml,F1033,,"VLOOKUP(D1033,Lookup!$A$2:$B$4,2,FALSE())",0.05,0,0
xl/worksheets/sheet2.xml,G1033,,"ROUND(E1033*F1033,2)",164.2,0,0
xl/worksheets/sheet2.xml,H1033,,E1033+G1033,3448.2,0,0
xl/worksheets/sheet2.xml,J1033,,"_xlfn.XLOOKUP(C1033,Departments!$A$2:$A$6,Departments!$B$2:$B$6,""Unknown"")",Quality,0,0
xl/worksheets/sheet2.xml,F1034,,"VLOOKUP(D1034,Lookup!$A$2:$B$4,2,FALSE())",0.1,0,0
xl/worksheets/sheet2.xml,G1034,,"ROUND(E1034*F1034,2)",332.1,0,0
xl/worksheets/sheet2.xml,H1034,,E1034+G1034,3653.1,0,0
xl/worksheets/sheet2.xml,J1034,,"_xlfn.XLOOKUP(C1034,Departments!$A$2:$A$6,Departments!$B$2:$B$6,""Unknown"")",Human Resources,0,0
xl/worksheets/sheet2.xml,F1035,,"VLOOKUP(D1035,Lookup!$A$2:$B$4,2,FALSE())",0.15,0,0
xl/worksheets/sheet2.xml,G1035,,"ROUND(E1035*F1035,2)",503.7,0,0
xl/worksheets/sheet2.xml,H1035,,E1035+G1035,3861.7,0,0
xl/worksheets/sheet2.xml,J1035,,"_xlfn.XLOOKUP(C1035,Departments!$A$2:$A$6,Departments!$B$2:$B$6,""Unknown"")",Technology,0,0
xl/worksheets/sheet2.xml,F1036,,"VLOOKUP(D1036,Lookup!$A$2:$B$4,2,FALSE())",0.05,0,0
xl/worksheets/sheet2.xml,G1036,,"ROUND(E1036*F1036,2)",169.75,0,0
xl/worksheets/sheet2.xml,H1036,,E1036+G1036,3564.75,0,0
xl/worksheets/sheet2.xml,J1036,,"_xlfn.XLOOKUP(C1036,Departments!$A$2:$A$6,Departments!$B$2:$B$6,""Unknown"")",Operations,0,0
xl/worksheets/sheet2.xml,F1037,,"VLOOKUP(D1037,Lookup!$A$2:$B$4,2,FALSE())",0.1,0,0
xl/worksheets/sheet2.xml,G1037,,"ROUND(E1037*F1037,2)",343.2,0,0
xl/worksheets/sheet2.xml,H1037,,E1037+G1037,3775.2,0,0
xl/worksheets/sheet2.xml,J1037,,"_xlfn.XLOOKUP(C1037,Departments!$A$2:$A$6,Departments!$B$2:$B$6,""Unknown"")",Finance,0,0
xl/worksheets/sheet2.xml,F1038,,"VLOOKUP(D1038,Lookup!$A$2:$B$4,2,FALSE())",0.15,0,0
xl/worksheets/sheet2.xml,G1038,,"ROUND(E1038*F1038,2)",520.35,0,0
xl/worksheets/sheet2.xml,H1038,,E1038+G1038,3989.35,0,0
xl/worksheets/sheet2.xml,J1038,,"_xlfn.XLOOKUP(C1038,Departments!$A$2:$A$6,Departments!$B$2:$B$6,""Unknown"")",Quality,0,0
xl/worksheets/sheet2.xml,F1039,,"VLOOKUP(D1039,Lookup!$A$2:$B$4,2,FALSE())",0.05,0,0
xl/worksheets/sheet2.xml,G1039,,"ROUND(E1039*F1039,2)",175.3,0,0
xl/worksheets/sheet2.xml,H1039,,E1039+G1039,3681.3,0,0
xl/worksheets/sheet2.xml,J1039,,"_xlfn.XLOOKUP(C1039,Departments!$A$2:$A$6,Departments!$B$2:$B$6,""Unknown"")",Human Resources,0,0
xl/worksheets/sheet2.xml,F1040,,"VLOOKUP(D1040,Lookup!$A$2:$B$4,2,FALSE())",0.1,0,0
xl/worksheets/sheet2.xml,G1040,,"ROUND(E1040*F1040,2)",354.3,0,0
xl/worksheets/sheet2.xml,H1040,,E1040+G1040,3897.3,0,0
xl/worksheets/sheet2.xml,J1040,,"_xlfn.XLOOKUP(C1040,Departments!$A$2:$A$6,Departments!$B$2:$B$6,""Unknown"")",Technology,0,0
xl/worksheets/sheet2.xml,F1041,,"VLOOKUP(D1041,Lookup!$A$2:$B$4,2,FALSE())",0.15,0,0
xl/worksheets/sheet2.xml,G1041,,"ROUND(E1041*F1041,2)",537,0,0
xl/worksheets/sheet2.xml,H1041,,E1041+G1041,4117,0,0
xl/worksheets/sheet2.xml,J1041,,"_xlfn.XLOOKUP(C1041,Departments!$A$2:$A$6,Departments!$B$2:$B$6,""Unknown"")",Operations,0,0
xl/worksheets/sheet2.xml,F1042,,"VLOOKUP(D1042,Lookup!$A$2:$B$4,2,FALSE())",0.05,0,0
xl/worksheets/sheet2.xml,G1042,,"ROUND(E1042*F1042,2)",180.85,0,0
xl/worksheets/sheet2.xml,H1042,,E1042+G1042,3797.85,0,0
xl/worksheets/sheet2.xml,J1042,,"_xlfn.XLOOKUP(C1042,Departments!$A$2:$A$6,Departments!$B$2:$B$6,""Unknown"")",Finance,0,0
xl/worksheets/sheet2.xml,F1043,,"VLOOKUP(D1043,Lookup!$A$2:$B$4,2,FALSE())",0.1,0,0
xl/worksheets/sheet2.xml,G1043,,"ROUND(E1043*F1043,2)",365.4,0,0
xl/worksheets/sheet2.xml,H1043,,E1043+G1043,4019.4,0,0
xl/worksheets/sheet2.xml,J1043,,"_xlfn.XLOOKUP(C1043,Departments!$A$2:$A$6,Departments!$B$2:$B$6,""Unknown"")",Quality,0,0
xl/worksheets/sheet2.xml,F1044,,"VLOOKUP(D1044,Lookup!$A$2:$B$4,2,FALSE())",0.15,0,0
xl/worksheets/sheet2.xml,G1044,,"ROUND(E1044*F1044,2)",553.65,0,0
xl/worksheets/sheet2.xml,H1044,,E1044+G1044,4244.65,0,0
xl/worksheets/sheet2.xml,J1044,,"_xlfn.XLOOKUP(C1044,Departments!$A$2:$A$6,Departments!$B$2:$B$6,""Unknown"")",Human Resources,0,0
xl/worksheets/sheet2.xml,F1045,,"VLOOKUP(D1045,Lookup!$A$2:$B$4,2,FALSE())",0.05,0,0
xl/worksheets/sheet2.xml,G1045,,"ROUND(E1045*F1045,2)",186.4,0,0
xl/worksheets/sheet2.xml,H1045,,E1045+G1045,3914.4,0,0
xl/worksheets/sheet2.xml,J1045,,"_xlfn.XLOOKUP(C1045,Departments!$A$2:$A$6,Departments!$B$2:$B$6,""Unknown"")",Technology,0,0
xl/worksheets/sheet2.xml,F1046,,"VLOOKUP(D1046,Lookup!$A$2:$B$4,2,FALSE())",0.1,0,0
xl/worksheets/sheet2.xml,G1046,,"ROUND(E1046*F1046,2)",376.5,0,0
xl/worksheets/sheet2.xml,H1046,,E1046+G1046,4141.5,0,0
xl/worksheets/sheet2.xml,J1046,,"_xlfn.XLOOKUP(C1046,Departments!$A$2:$A$6,Departments!$B$2:$B$6,""Unknown"")",Operations,0,0
xl/worksheets/sheet2.xml,F1047,,"VLOOKUP(D1047,Lookup!$A$2:$B$4,2,FALSE())",0.15,0,0
xl/worksheets/sheet2.xml,G1047,,"ROUND(E1047*F1047,2)",570.3,0,0
xl/worksheets/sheet2.xml,H1047,,E1047+G1047,4372.3,0,0
xl/worksheets/sheet2.xml,J1047,,"_xlfn.XLOOKUP(C1047,Departments!$A$2:$A$6,Departments!$B$2:$B$6,""Unknown"")",Finance,0,0
xl/worksheets/sheet2.xml,F1048,,"VLOOKUP(D1048,Lookup!$A$2:$B$4,2,FALSE())",0.05,0,0
xl/worksheets/sheet2.xml,G1048,,"ROUND(E1048*F1048,2)",191.95,0,0
xl/worksheets/sheet2.xml,H1048,,E1048+G1048,4030.95,0,0
xl/worksheets/sheet2.xml,J1048,,"_xlfn.XLOOKUP(C1048,Departments!$A$2:$A$6,Departments!$B$2:$B$6,""Unknown"")",Quality,0,0
xl/worksheets/sheet2.xml,F1049,,"VLOOKUP(D1049,Lookup!$A$2:$B$4,2,FALSE())",0.1,0,0
xl/worksheets/sheet2.xml,G1049,,"ROUND(E1049*F1049,2)",387.6,0,0
xl/worksheets/sheet2.xml,H1049,,E1049+G1049,4263.6,0,0
xl/worksheets/sheet2.xml,J1049,,"_xlfn.XLOOKUP(C1049,Departments!$A$2:$A$6,Departments!$B$2:$B$6,""Unknown"")",Human Resources,0,0
xl/worksheets/sheet2.xml,F1050,,"VLOOKUP(D1050,Lookup!$A$2:$B$4,2,FALSE())",0.15,0,0
xl/worksheets/sheet2.xml,G1050,,"ROUND(E1050*F1050,2)",586.95,0,0
xl/worksheets/sheet2.xml,H1050,,E1050+G1050,4499.95,0,0
xl/worksheets/sheet2.xml,J1050,,"_xlfn.XLOOKUP(C1050,Departments!$A$2:$A$6,Departments!$B$2:$B$6,""Unknown"")",Technology,0,0
xl/worksheets/sheet2.xml,F1051,,"VLOOKUP(D1051,Lookup!$A$2:$B$4,2,FALSE())",0.05,0,0
xl/worksheets/sheet2.xml,G1051,,"ROUND(E1051*F1051,2)",197.5,0,0
xl/worksheets/sheet2.xml,H1051,,E1051+G1051,4147.5,0,0
xl/worksheets/sheet2.xml,J1051,,"_xlfn.XLOOKUP(C1051,Departments!$A$2:$A$6,Departments!$B$2:$B$6,""Unknown"")",Operations,0,0
xl/worksheets/sheet2.xml,F1052,,"VLOOKUP(D1052,Lookup!$A$2:$B$4,2,FALSE())",0.1,0,0
xl/worksheets/sheet2.xml,G1052,,"ROUND(E1052*F1052,2)",398.7,0,0
xl/worksheets/sheet2.xml,H1052,,E1052+G1052,4385.7,0,0
xl/worksheets/sheet2.xml,J1052,,"_xlfn.XLOOKUP(C1052,Departments!$A$2:$A$6,Departments!$B$2:$B$6,""Unknown"")",Finance,0,0
xl/worksheets/sheet2.xml,F1053,,"VLOOKUP(D1053,Lookup!$A$2:$B$4,2,FALSE())",0.15,0,0
xl/worksheets/sheet2.xml,G1053,,"ROUND(E1053*F1053,2)",603.6,0,0
xl/worksheets/sheet2.xml,H1053,,E1053+G1053,4627.6,0,0
xl/worksheets/sheet2.xml,J1053,,"_xlfn.XLOOKUP(C1053,Departments!$A$2:$A$6,Departments!$B$2:$B$6,""Unknown"")",Quality,0,0
xl/worksheets/sheet2.xml,F1054,,"VLOOKUP(D1054,Lookup!$A$2:$B$4,2,FALSE())",0.05,0,0
xl/worksheets/sheet2.xml,G1054,,"ROUND(E1054*F1054,2)",203.05,0,0
xl/worksheets/sheet2.xml,H1054,,E1054+G1054,4264.05,0,0
xl/worksheets/sheet2.xml,J1054,,"_xlfn.XLOOKUP(C1054,Departments!$A$2:$A$6,Departments!$B$2:$B$6,""Unknown"")",Human Resources,0,0
xl/worksheets/sheet2.xml,F1055,,"VLOOKUP(D1055,Lookup!$A$2:$B$4,2,FALSE())",0.1,0,0
xl/worksheets/sheet2.xml,G1055,,"ROUND(E1055*F1055,2)",409.8,0,0
xl/worksheets/sheet2.xml,H1055,,E1055+G1055,4507.8,0,0
xl/worksheets/sheet2.xml,J1055,,"_xlfn.XLOOKUP(C1055,Departments!$A$2:$A$6,Departments!$B$2:$B$6,""Unknown"")",Technology,0,0
xl/worksheets/sheet2.xml,F1056,,"VLOOKUP(D1056,Lookup!$A$2:$B$4,2,FALSE())",0.15,0,0
xl/worksheets/sheet2.xml,G1056,,"ROUND(E1056*F1056,2)",620.25,0,0
xl/worksheets/sheet2.xml,H1056,,E1056+G1056,4755.25,0,0
xl/worksheets/sheet2.xml,J1056,,"_xlfn.XLOOKUP(C1056,Departments!$A$2:$A$6,Departments!$B$2:$B$6,""Unknown"")",Operations,0,0
xl/worksheets/sheet2.xml,F1057,,"VLOOKUP(D1057,Lookup!$A$2:$B$4,2,FALSE())",0.05,0,0
xl/worksheets/sheet2.xml,G1057,,"ROUND(E1057*F1057,2)",208.6,0,0
xl/worksheets/sheet2.xml,H1057,,E1057+G1057,4380.6,0,0
xl/worksheets/sheet2.xml,J1057,,"_xlfn.XLOOKUP(C1057,Departments!$A$2:$A$6,Departments!$B$2:$B$6,""Unknown"")",Finance,0,0
xl/worksheets/sheet2.xml,F1058,,"VLOOKUP(D1058,Lookup!$A$2:$B$4,2,FALSE())",0.1,0,0
xl/worksheets/sheet2.xml,G1058,,"ROUND(E1058*F1058,2)",420.9,0,0
xl/worksheets/sheet2.xml,H1058,,E1058+G1058,4629.9,0,0
xl/worksheets/sheet2.xml,J1058,,"_xlfn.XLOOKUP(C1058,Departments!$A$2:$A$6,Departments!$B$2:$B$6,""Unknown"")",Quality,0,0
xl/worksheets/sheet2.xml,F1059,,"VLOOKUP(D1059,Lookup!$A$2:$B$4,2,FALSE())",0.15,0,0
xl/worksheets/sheet2.xml,G1059,,"ROUND(E1059*F1059,2)",636.9,0,0
xl/worksheets/sheet2.xml,H1059,,E1059+G1059,4882.9,0,0
xl/worksheets/sheet2.xml,J1059,,"_xlfn.XLOOKUP(C1059,Departments!$A$2:$A$6,Departments!$B$2:$B$6,""Unknown"")",Human Resources,0,0
xl/worksheets/sheet2.xml,F1060,,"VLOOKUP(D1060,Lookup!$A$2:$B$4,2,FALSE())",0.05,0,0
xl/worksheets/sheet2.xml,G1060,,"ROUND(E1060*F1060,2)",214.15,0,0
xl/worksheets/sheet2.xml,H1060,,E1060+G1060,4497.15,0,0
xl/worksheets/sheet2.xml,J1060,,"_xlfn.XLOOKUP(C1060,Departments!$A$2:$A$6,Departments!$B$2:$B$6,""Unknown"")",Technology,0,0
xl/worksheets/sheet2.xml,F1061,,"VLOOKUP(D1061,Lookup!$A$2:$B$4,2,FALSE())",0.1,0,0
xl/worksheets/sheet2.xml,G1061,,"ROUND(E1061*F1061,2)",432,0,0
xl/worksheets/sheet2.xml,H1061,,E1061+G1061,4752,0,0
xl/worksheets/sheet2.xml,J1061,,"_xlfn.XLOOKUP(C1061,Departments!$A$2:$A$6,Departments!$B$2:$B$6,""Unknown"")",Operations,0,0
xl/worksheets/sheet2.xml,F1062,,"VLOOKUP(D1062,Lookup!$A$2:$B$4,2,FALSE())",0.15,0,0
xl/worksheets/sheet2.xml,G1062,,"ROUND(E1062*F1062,2)",653.55,0,0
xl/worksheets/sheet2.xml,H1062,,E1062+G1062,5010.55,0,0
xl/worksheets/sheet2.xml,J1062,,"_xlfn.XLOOKUP(C1062,Departments!$A$2:$A$6,Departments!$B$2:$B$6,""Unknown"")",Finance,0,0
xl/worksheets/sheet2.xml,F1063,,"VLOOKUP(D1063,Lookup!$A$2:$B$4,2,FALSE())",0.05,0,0
xl/worksheets/sheet2.xml,G1063,,"ROUND(E1063*F1063,2)",219.7,0,0
xl/worksheets/sheet2.xml,H1063,,E1063+G1063,4613.7,0,0
xl/worksheets/sheet2.xml,J1063,,"_xlfn.XLOOKUP(C1063,Departments!$A$2:$A$6,Departments!$B$2:$B$6,""Unknown"")",Quality,0,0
xl/worksheets/sheet2.xml,F1064,,"VLOOKUP(D1064,Lookup!$A$2:$B$4,2,FALSE())",0.1,0,0
xl/worksheets/sheet2.xml,G1064,,"ROUND(E1064*F1064,2)",443.1,0,0
xl/worksheets/sheet2.xml,H1064,,E1064+G1064,4874.1,0,0
xl/worksheets/sheet2.xml,J1064,,"_xlfn.XLOOKUP(C1064,Departments!$A$2:$A$6,Departments!$B$2:$B$6,""Unknown"")",Human Resources,0,0
xl/worksheets/sheet2.xml,F1065,,"VLOOKUP(D1065,Lookup!$A$2:$B$4,2,FALSE())",0.15,0,0
xl/worksheets/sheet2.xml,G1065,,"ROUND(E1065*F1065,2)",670.2,0,0
xl/worksheets/sheet2.xml,H1065,,E1065+G1065,5138.2,0,0
xl/worksheets/sheet2.xml,J1065,,"_xlfn.XLOOKUP(C1065,Departments!$A$2:$A$6,Departments!$B$2:$B$6,""Unknown"")",Technology,0,0
xl/worksheets/sheet2.xml,F1066,,"VLOOKUP(D1066,Lookup!$A$2:$B$4,2,FALSE())",0.05,0,0
xl/worksheets/sheet2.xml,G1066,,"ROUND(E1066*F1066,2)",225.25,0,0
xl/worksheets/sheet2.xml,H1066,,E1066+G1066,4730.25,0,0
xl/worksheets/sheet2.xml,J1066,,"_xlfn.XLOOKUP(C1066,Departments!$A$2:$A$6,Departments!$B$2:$B$6,""Unknown"")",Operations,0,0
xl/worksheets/sheet2.xml,F1067,,"VLOOKUP(D1067,Lookup!$A$2:$B$4,2,FALSE())",0.1,0,0
xl/worksheets/sheet2.xml,G1067,,"ROUND(E1067*F1067,2)",454.2,0,0
xl/worksheets/sheet2.xml,H1067,,E1067+G1067,4996.2,0,0
xl/worksheets/sheet2.xml,J1067,,"_xlfn.XLOOKUP(C1067,Departments!$A$2:$A$6,Departments!$B$2:$B$6,""Unknown"")",Finance,0,0
xl/worksheets/sheet2.xml,F1068,,"VLOOKUP(D1068,Lookup!$A$2:$B$4,2,FALSE())",0.15,0,0
xl/worksheets/sheet2.xml,G1068,,"ROUND(E1068*F1068,2)",686.85,0,0
xl/worksheets/sheet2.xml,H1068,,E1068+G1068,5265.85,0,0
xl/worksheets/sheet2.xml,J1068,,"_xlfn.XLOOKUP(C1068,Departments!$A$2:$A$6,Departments!$B$2:$B$6,""Unknown"")",Quality,0,0
xl/worksheets/sheet2.xml,F1069,,"VLOOKUP(D1069,Lookup!$A$2:$B$4,2,FALSE())",0.05,0,0
xl/worksheets/sheet2.xml,G1069,,"ROUND(E1069*F1069,2)",230.8,0,0
xl/worksheets/sheet2.xml,H1069,,E1069+G1069,4846.8,0,0
xl/worksheets/sheet2.xml,J1069,,"_xlfn.XLOOKUP(C1069,Departments!$A$2:$A$6,Departments!$B$2:$B$6,""Unknown"")",Human Resources,0,0
xl/worksheets/sheet2.xml,F1070,,"VLOOKUP(D1070,Lookup!$A$2:$B$4,2,FALSE())",0.1,0,0
xl/worksheets/sheet2.xml,G1070,,"ROUND(E1070*F1070,2)",465.3,0,0
xl/worksheets/sheet2.xml,H1070,,E1070+G1070,5118.3,0,0
xl/worksheets/sheet2.xml,J1070,,"_xlfn.XLOOKUP(C1070,Departments!$A$2:$A$6,Departments!$B$2:$B$6,""Unknown"")",Technology,0,0
xl/worksheets/sheet2.xml,F1071,,"VLOOKUP(D1071,Lookup!$A$2:$B$4,2,FALSE())",0.15,0,0
xl/worksheets/sheet2.xml,G1071,,"ROUND(E1071*F1071,2)",703.5,0,0
xl/worksheets/sheet2.xml,H1071,,E1071+G1071,5393.5,0,0
xl/worksheets/sheet2.xml,J1071,,"_xlfn.XLOOKUP(C1071,Departments!$A$2:$A$6,Departments!$B$2:$B$6,""Unknown"")",Operations,0,0
xl/worksheets/sheet2.xml,F1072,,"VLOOKUP(D1072,Lookup!$A$2:$B$4,2,FALSE())",0.05,0,0
xl/worksheets/sheet2.xml,G1072,,"ROUND(E1072*F1072,2)",236.35,0,0
xl/worksheets/sheet2.xml,H1072,,E1072+G1072,4963.35,0,0
xl/worksheets/sheet2.xml,J1072,,"_xlfn.XLOOKUP(C1072,Departments!$A$2:$A$6,Departments!$B$2:$B$6,""Unknown"")",Finance,0,0
xl/worksheets/sheet2.xml,F1073,,"VLOOKUP(D1073,Lookup!$A$2:$B$4,2,FALSE())",0.1,0,0
xl/worksheets/sheet2.xml,G1073,,"ROUND(E1073*F1073,2)",476.4,0,0
xl/worksheets/sheet2.xml,H1073,,E1073+G1073,5240.4,0,0
xl/worksheets/sheet2.xml,J1073,,"_xlfn.XLOOKUP(C1073,Departments!$A$2:$A$6,Departments!$B$2:$B$6,""Unknown"")",Quality,0,0
xl/worksheets/sheet2.xml,F1074,,"VLOOKUP(D1074,Lookup!$A$2:$B$4,2,FALSE())",0.15,0,0
xl/worksheets/sheet2.xml,G1074,,"ROUND(E1074*F1074,2)",720.15,0,0
xl/worksheets/sheet2.xml,H1074,,E1074+G1074,5521.15,0,0
xl/worksheets/sheet2.xml,J1074,,"_xlfn.XLOOKUP(C1074,Departments!$A$2:$A$6,Departments!$B$2:$B$6,""Unknown"")",Human Resources,0,0
xl/worksheets/sheet2.xml,F1075,,"VLOOKUP(D1075,Lookup!$A$2:$B$4,2,FALSE())",0.05,0,0
xl/worksheets/sheet2.xml,G1075,,"ROUND(E1075*F1075,2)",241.9,0,0
xl/worksheets/sheet2.xml,H1075,,E1075+G1075,5079.9,0,0
xl/worksheets/sheet2.xml,J1075,,"_xlfn.XLOOKUP(C1075,Departments!$A$2:$A$6,Departments!$B$2:$B$6,""Unknown"")",Technology,0,0
xl/worksheets/sheet2.xml,F1076,,"VLOOKUP(D1076,Lookup!$A$2:$B$4,2,FALSE())",0.1,0,0
xl/worksheets/sheet2.xml,G1076,,"ROUND(E1076*F1076,2)",487.5,0,0
xl/worksheets/sheet2.xml,H1076,,E1076+G1076,5362.5,0,0
xl/worksheets/sheet2.xml,J1076,,"_xlfn.XLOOKUP(C1076,Departments!$A$2:$A$6,Departments!$B$2:$B$6,""Unknown"")",Operations,0,0
xl/worksheets/sheet2.xml,F1077,,"VLOOKUP(D1077,Lookup!$A$2:$B$4,2,FALSE())",0.15,0,0
xl/worksheets/sheet2.xml,G1077,,"ROUND(E1077*F1077,2)",736.8,0,0
xl/worksheets/sheet2.xml,H1077,,E1077+G1077,5648.8,0,0
xl/worksheets/sheet2.xml,J1077,,"_xlfn.XLOOKUP(C1077,Departments!$A$2:$A$6,Departments!$B$2:$B$6,""Unknown"")",Finance,0,0
xl/worksheets/sheet2.xml,F1078,,"VLOOKUP(D1078,Lookup!$A$2:$B$4,2,FALSE())",0.05,0,0
xl/worksheets/sheet2.xml,G1078,,"ROUND(E1078*F1078,2)",247.45,0,0
xl/worksheets/sheet2.xml,H1078,,E1078+G1078,5196.45,0,0
xl/worksheets/sheet2.xml,J1078,,"_xlfn.XLOOKUP(C1078,Departments!$A$2:$A$6,Departments!$B$2:$B$6,""Unknown"")",Quality,0,0
xl/worksheets/sheet2.xml,F1079,,"VLOOKUP(D1079,Lookup!$A$2:$B$4,2,FALSE())",0.1,0,0
xl/worksheets/sheet2.xml,G1079,,"ROUND(E1079*F1079,2)",498.6,0,0
xl/worksheets/sheet2.xml,H1079,,E1079+G1079,5484.6,0,0
xl/worksheets/sheet2.xml,J1079,,"_xlfn.XLOOKUP(C1079,Departments!$A$2:$A$6,Departments!$B$2:$B$6,""Unknown"")",Human Resources,0,0
xl/worksheets/sheet2.xml,F1080,,"VLOOKUP(D1080,Lookup!$A$2:$B$4,2,FALSE())",0.15,0,0
xl/worksheets/sheet2.xml,G1080,,"ROUND(E1080*F1080,2)",753.45,0,0
xl/worksheets/sheet2.xml,H1080,,E1080+G1080,5776.45,0,0
xl/worksheets/sheet2.xml,J1080,,"_xlfn.XLOOKUP(C1080,Departments!$A$2:$A$6,Departments!$B$2:$B$6,""Unknown"")",Technology,0,0
xl/worksheets/sheet2.xml,F1081,,"VLOOKUP(D1081,Lookup!$A$2:$B$4,2,FALSE())",0.05,0,0
xl/worksheets/sheet2.xml,G1081,,"ROUND(E1081*F1081,2)",253,0,0
xl/worksheets/sheet2.xml,H1081,,E1081+G1081,5313,0,0
xl/worksheets/sheet2.xml,J1081,,"_xlfn.XLOOKUP(C1081,Departments!$A$2:$A$6,Departments!$B$2:$B$6,""Unknown"")",Operations,0,0
xl/worksheets/sheet2.xml,F1082,,"VLOOKUP(D1082,Lookup!$A$2:$B$4,2,FALSE())",0.1,0,0
xl/worksheets/sheet2.xml,G1082,,"ROUND(E1082*F1082,2)",509.7,0,0
xl/worksheets/sheet2.xml,H1082,,E1082+G1082,5606.7,0,0
xl/worksheets/sheet2.xml,J1082,,"_xlfn.XLOOKUP(C1082,Departments!$A$2:$A$6,Departments!$B$2:$B$6,""Unknown"")",Finance,0,0
xl/worksheets/sheet2.xml,F1083,,"VLOOKUP(D1083,Lookup!$A$2:$B$4,2,FALSE())",0.15,0,0
xl/worksheets/sheet2.xml,G1083,,"ROUND(E1083*F1083,2)",20.1,0,0
xl/worksheets/sheet2.xml,H1083,,E1083+G1083,154.1,0,0
xl/worksheets/sheet2.xml,J1083,,"_xlfn.XLOOKUP(C1083,Departments!$A$2:$A$6,Departments!$B$2:$B$6,""Unknown"")",Quality,0,0
xl/worksheets/sheet2.xml,F1084,,"VLOOKUP(D1084,Lookup!$A$2:$B$4,2,FALSE())",0.05,0,0
xl/worksheets/sheet2.xml,G1084,,"ROUND(E1084*F1084,2)",8.55,0,0
xl/worksheets/sheet2.xml,H1084,,E1084+G1084,179.55,0,0
xl/worksheets/sheet2.xml,J1084,,"_xlfn.XLOOKUP(C1084,Departments!$A$2:$A$6,Departments!$B$2:$B$6,""Unknown"")",Human Resources,0,0
xl/worksheets/sheet2.xml,F1085,,"VLOOKUP(D1085,Lookup!$A$2:$B$4,2,FALSE())",0.1,0,0
xl/worksheets/sheet2.xml,G1085,,"ROUND(E1085*F1085,2)",20.8,0,0
xl/worksheets/sheet2.xml,H1085,,E1085+G1085,228.8,0,0
xl/worksheets/sheet2.xml,J1085,,"_xlfn.XLOOKUP(C1085,Departments!$A$2:$A$6,Departments!$B$2:$B$6,""Unknown"")",Technology,0,0
xl/worksheets/sheet2.xml,F1086,,"VLOOKUP(D1086,Lookup!$A$2:$B$4,2,FALSE())",0.15,0,0
xl/worksheets/sheet2.xml,G1086,,"ROUND(E1086*F1086,2)",36.75,0,0
xl/worksheets/sheet2.xml,H1086,,E1086+G1086,281.75,0,0
xl/worksheets/sheet2.xml,J1086,,"_xlfn.XLOOKUP(C1086,Departments!$A$2:$A$6,Departments!$B$2:$B$6,""Unknown"")",Operations,0,0
xl/worksheets/sheet2.xml,F1087,,"VLOOKUP(D1087,Lookup!$A$2:$B$4,2,FALSE())",0.05,0,0
xl/worksheets/sheet2.xml,G1087,,"ROUND(E1087*F1087,2)",14.1,0,0
xl/worksheets/sheet2.xml,H1087,,E1087+G1087,296.1,0,0
xl/worksheets/sheet2.xml,J1087,,"_xlfn.XLOOKUP(C1087,Departments!$A$2:$A$6,Departments!$B$2:$B$6,""Unknown"")",Finance,0,0
xl/worksheets/sheet2.xml,F1088,,"VLOOKUP(D1088,Lookup!$A$2:$B$4,2,FALSE())",0.1,0,0
xl/worksheets/sheet2.xml,G1088,,"ROUND(E1088*F1088,2)",31.9,0,0
xl/worksheets/sheet2.xml,H1088,,E1088+G1088,350.9,0,0
xl/worksheets/sheet2.xml,J1088,,"_xlfn.XLOOKUP(C1088,Departments!$A$2:$A$6,Departments!$B$2:$B$6,""Unknown"")",Quality,0,0
xl/worksheets/sheet2.xml,F1089,,"VLOOKUP(D1089,Lookup!$A$2:$B$4,2,FALSE())",0.15,0,0
xl/worksheets/sheet2.xml,G1089,,"ROUND(E1089*F1089,2)",53.4,0,0
xl/worksheets/sheet2.xml,H1089,,E1089+G1089,409.4,0,0
xl/worksheets/sheet2.xml,J1089,,"_xlfn.XLOOKUP(C1089,Departments!$A$2:$A$6,Departments!$B$2:$B$6,""Unknown"")",Human Resources,0,0
xl/worksheets/sheet2.xml,F1090,,"VLOOKUP(D1090,Lookup!$A$2:$B$4,2,FALSE())",0.05,0,0
xl/worksheets/sheet2.xml,G1090,,"ROUND(E1090*F1090,2)",19.65,0,0
xl/worksheets/sheet2.xml,H1090,,E1090+G1090,412.65,0,0
xl/worksheets/sheet2.xml,J1090,,"_xlfn.XLOOKUP(C1090,Departments!$A$2:$A$6,Departments!$B$2:$B$6,""Unknown"")",Technology,0,0
xl/worksheets/sheet2.xml,F1091,,"VLOOKUP(D1091,Lookup!$A$2:$B$4,2,FALSE())",0.1,0,0
xl/worksheets/sheet2.xml,G1091,,"ROUND(E1091*F1091,2)",43,0,0
xl/worksheets/sheet2.xml,H1091,,E1091+G1091,473,0,0
xl/worksheets/sheet2.xml,J1091,,"_xlfn.XLOOKUP(C1091,Departments!$A$2:$A$6,Departments!$B$2:$B$6,""Unknown"")",Operations,0,0
xl/worksheets/sheet2.xml,F1092,,"VLOOKUP(D1092,Lookup!$A$2:$B$4,2,FALSE())",0.15,0,0
xl/worksheets/sheet2.xml,G1092,,"ROUND(E1092*F1092,2)",70.05,0,0
xl/worksheets/sheet2.xml,H1092,,E1092+G1092,537.05,0,0
xl/worksheets/sheet2.xml,J1092,,"_xlfn.XLOOKUP(C1092,Departments!$A$2:$A$6,Departments!$B$2:$B$6,""Unknown"")",Finance,0,0
xl/worksheets/sheet2.xml,F1093,,"VLOOKUP(D1093,Lookup!$A$2:$B$4,2,FALSE())",0.05,0,0
xl/worksheets/sheet2.xml,G1093,,"ROUND(E1093*F1093,2)",25.2,0,0
xl/worksheets/sheet2.xml,H1093,,E1093+G1093,529.2,0,0
xl/worksheets/sheet2.xml,J1093,,"_xlfn.XLOOKUP(C1093,Departments!$A$2:$A$6,Departments!$B$2:$B$6,""Unknown"")",Quality,0,0
xl/worksheets/sheet2.xml,F1094,,"VLOOKUP(D1094,Lookup!$A$2:$B$4,2,FALSE())",0.1,0,0
xl/worksheets/sheet2.xml,G1094,,"ROUND(E1094*F1094,2)",54.1,0,0
xl/worksheets/sheet2.xml,H1094,,E1094+G1094,595.1,0,0
xl/worksheets/sheet2.xml,J1094,,"_xlfn.XLOOKUP(C1094,Departments!$A$2:$A$6,Departments!$B$2:$B$6,""Unknown"")",Human Resources,0,0
xl/worksheets/sheet2.xml,F1095,,"VLOOKUP(D1095,Lookup!$A$2:$B$4,2,FALSE())",0.15,0,0
xl/worksheets/sheet2.xml,G1095,,"ROUND(E1095*F1095,2)",86.7,0,0
xl/worksheets/sheet2.xml,H1095,,E1095+G1095,664.7,0,0
xl/worksheets/sheet2.xml,J1095,,"_xlfn.XLOOKUP(C1095,Departments!$A$2:$A$6,Departments!$B$2:$B$6,""Unknown"")",Technology,0,0
xl/worksheets/sheet2.xml,F1096,,"VLOOKUP(D1096,Lookup!$A$2:$B$4,2,FALSE())",0.05,0,0
xl/worksheets/sheet2.xml,G1096,,"ROUND(E1096*F1096,2)",30.75,0,0
xl/worksheets/sheet2.xml,H1096,,E1096+G1096,645.75,0,0
xl/worksheets/sheet2.xml,J1096,,"_xlfn.XLOOKUP(C1096,Departments!$A$2:$A$6,Departments!$B$2:$B$6,""Unknown"")",Operations,0,0
xl/worksheets/sheet2.xml,F1097,,"VLOOKUP(D1097,Lookup!$A$2:$B$4,2,FALSE())",0.1,0,0
xl/worksheets/sheet2.xml,G1097,,"ROUND(E1097*F1097,2)",65.2,0,0
xl/worksheets/sheet2.xml,H1097,,E1097+G1097,717.2,0,0
xl/worksheets/sheet2.xml,J1097,,"_xlfn.XLOOKUP(C1097,Departments!$A$2:$A$6,Departments!$B$2:$B$6,""Unknown"")",Finance,0,0
xl/worksheets/sheet2.xml,F1098,,"VLOOKUP(D1098,Lookup!$A$2:$B$4,2,FALSE())",0.15,0,0
xl/worksheets/sheet2.xml,G1098,,"ROUND(E1098*F1098,2)",103.35,0,0
xl/worksheets/sheet2.xml,H1098,,E1098+G1098,792.35,0,0
xl/worksheets/sheet2.xml,J1098,,"_xlfn.XLOOKUP(C1098,Departments!$A$2:$A$6,Departments!$B$2:$B$6,""Unknown"")",Quality,0,0
xl/worksheets/sheet2.xml,F1099,,"VLOOKUP(D1099,Lookup!$A$2:$B$4,2,FALSE())",0.05,0,0
xl/worksheets/sheet2.xml,G1099,,"ROUND(E1099*F1099,2)",36.3,0,0
xl/worksheets/sheet2.xml,H1099,,E1099+G1099,762.3,0,0
xl/worksheets/sheet2.xml,J1099,,"_xlfn.XLOOKUP(C1099,Departments!$A$2:$A$6,Departments!$B$2:$B$6,""Unknown"")",Human Resources,0,0
xl/worksheets/sheet2.xml,F1100,,"VLOOKUP(D1100,Lookup!$A$2:$B$4,2,FALSE())",0.1,0,0
xl/worksheets/sheet2.xml,G1100,,"ROUND(E1100*F1100,2)",76.3,0,0
xl/worksheets/sheet2.xml,H1100,,E1100+G1100,839.3,0,0
xl/worksheets/sheet2.xml,J1100,,"_xlfn.XLOOKUP(C1100,Departments!$A$2:$A$6,Departments!$B$2:$B$6,""Unknown"")",Technology,0,0
xl/worksheets/sheet2.xml,F1101,,"VLOOKUP(D1101,Lookup!$A$2:$B$4,2,FALSE())",0.15,0,0
xl/worksheets/sheet2.xml,G1101,,"ROUND(E1101*F1101,2)",120,0,0
xl/worksheets/sheet2.xml,H1101,,E1101+G1101,920,0,0
xl/worksheets/sheet2.xml,J1101,,"_xlfn.XLOOKUP(C1101,Departments!$A$2:$A$6,Departments!$B$2:$B$6,""Unknown"")",Operations,0,0
xl/worksheets/sheet2.xml,F1102,,"VLOOKUP(D1102,Lookup!$A$2:$B$4,2,FALSE())",0.05,0,0
xl/worksheets/sheet2.xml,G1102,,"ROUND(E1102*F1102,2)",41.85,0,0
xl/worksheets/sheet2.xml,H1102,,E1102+G1102,878.85,0,0
xl/worksheets/sheet2.xml,J1102,,"_xlfn.XLOOKUP(C1102,Departments!$A$2:$A$6,Departments!$B$2:$B$6,""Unknown"")",Finance,0,0
xl/worksheets/sheet2.xml,F1103,,"VLOOKUP(D1103,Lookup!$A$2:$B$4,2,FALSE())",0.1,0,0
xl/worksheets/sheet2.xml,G1103,,"ROUND(E1103*F1103,2)",87.4,0,0
xl/worksheets/sheet2.xml,H1103,,E1103+G1103,961.4,0,0
xl/worksheets/sheet2.xml,J1103,,"_xlfn.XLOOKUP(C1103,Departments!$A$2:$A$6,Departments!$B$2:$B$6,""Unknown"")",Quality,0,0
xl/worksheets/sheet2.xml,F1104,,"VLOOKUP(D1104,Lookup!$A$2:$B$4,2,FALSE())",0.15,0,0
xl/worksheets/sheet2.xml,G1104,,"ROUND(E1104*F1104,2)",136.65,0,0
xl/worksheets/sheet2.xml,H1104,,E1104+G1104,1047.65,0,0
xl/worksheets/sheet2.xml,J1104,,"_xlfn.XLOOKUP(C1104,Departments!$A$2:$A$6,Departments!$B$2:$B$6,""Unknown"")",Human Resources,0,0
xl/worksheets/sheet2.xml,F1105,,"VLOOKUP(D1105,Lookup!$A$2:$B$4,2,FALSE())",0.05,0,0
xl/worksheets/sheet2.xml,G1105,,"ROUND(E1105*F1105,2)",47.4,0,0
xl/worksheets/sheet2.xml,H1105,,E1105+G1105,995.4,0,0
xl/worksheets/sheet2.xml,J1105,,"_xlfn.XLOOKUP(C1105,Departments!$A$2:$A$6,Departments!$B$2:$B$6,""Unknown"")",Technology,0,0
xl/worksheets/sheet2.xml,F1106,,"VLOOKUP(D1106,Lookup!$A$2:$B$4,2,FALSE())",0.1,0,0
xl/worksheets/sheet2.xml,G1106,,"ROUND(E1106*F1106,2)",98.5,0,0
xl/worksheets/sheet2.xml,H1106,,E1106+G1106,1083.5,0,0
xl/worksheets/sheet2.xml,J1106,,"_xlfn.XLOOKUP(C1106,Departments!$A$2:$A$6,Departments!$B$2:$B$6,""Unknown"")",Operations,0,0
xl/worksheets/sheet2.xml,F1107,,"VLOOKUP(D1107,Lookup!$A$2:$B$4,2,FALSE())",0.15,0,0
xl/worksheets/sheet2.xml,G1107,,"ROUND(E1107*F1107,2)",153.3,0,0
xl/worksheets/sheet2.xml,H1107,,E1107+G1107,1175.3,0,0
xl/worksheets/sheet2.xml,J1107,,"_xlfn.XLOOKUP(C1107,Departments!$A$2:$A$6,Departments!$B$2:$B$6,""Unknown"")",Finance,0,0
xl/worksheets/sheet2.xml,F1108,,"VLOOKUP(D1108,Lookup!$A$2:$B$4,2,FALSE())",0.05,0,0
xl/worksheets/sheet2.xml,G1108,,"ROUND(E1108*F1108,2)",52.95,0,0
xl/worksheets/sheet2.xml,H1108,,E1108+G1108,1111.95,0,0
xl/worksheets/sheet2.xml,J1108,,"_xlfn.XLOOKUP(C1108,Departments!$A$2:$A$6,Departments!$B$2:$B$6,""Unknown"")",Quality,0,0
xl/worksheets/sheet2.xml,F1109,,"VLOOKUP(D1109,Lookup!$A$2:$B$4,2,FALSE())",0.1,0,0
xl/worksheets/sheet2.xml,G1109,,"ROUND(E1109*F1109,2)",109.6,0,0
xl/worksheets/sheet2.xml,H1109,,E1109+G1109,1205.6,0,0
xl/worksheets/sheet2.xml,J1109,,"_xlfn.XLOOKUP(C1109,Departments!$A$2:$A$6,Departments!$B$2:$B$6,""Unknown"")",Human Resources,0,0
xl/worksheets/sheet2.xml,F1110,,"VLOOKUP(D1110,Lookup!$A$2:$B$4,2,FALSE())",0.15,0,0
xl/worksheets/sheet2.xml,G1110,,"ROUND(E1110*F1110,2)",169.95,0,0
xl/worksheets/sheet2.xml,H1110,,E1110+G1110,1302.95,0,0
xl/worksheets/sheet2.xml,J1110,,"_xlfn.XLOOKUP(C1110,Departments!$A$2:$A$6,Departments!$B$2:$B$6,""Unknown"")",Technology,0,0
xl/worksheets/sheet2.xml,F1111,,"VLOOKUP(D1111,Lookup!$A$2:$B$4,2,FALSE())",0.05,0,0
xl/worksheets/sheet2.xml,G1111,,"ROUND(E1111*F1111,2)",58.5,0,0
xl/worksheets/sheet2.xml,H1111,,E1111+G1111,1228.5,0,0
xl/worksheets/sheet2.xml,J1111,,"_xlfn.XLOOKUP(C1111,Departments!$A$2:$A$6,Departments!$B$2:$B$6,""Unknown"")",Operations,0,0
xl/worksheets/sheet2.xml,F1112,,"VLOOKUP(D1112,Lookup!$A$2:$B$4,2,FALSE())",0.1,0,0
xl/worksheets/sheet2.xml,G1112,,"ROUND(E1112*F1112,2)",120.7,0,0
xl/worksheets/sheet2.xml,H1112,,E1112+G1112,1327.7,0,0
xl/worksheets/sheet2.xml,J1112,,"_xlfn.XLOOKUP(C1112,Departments!$A$2:$A$6,Departments!$B$2:$B$6,""Unknown"")",Finance,0,0
xl/worksheets/sheet2.xml,F1113,,"VLOOKUP(D1113,Lookup!$A$2:$B$4,2,FALSE())",0.15,0,0
xl/worksheets/sheet2.xml,G1113,,"ROUND(E1113*F1113,2)",186.6,0,0
xl/worksheets/sheet2.xml,H1113,,E1113+G1113,1430.6,0,0
xl/worksheets/sheet2.xml,J1113,,"_xlfn.XLOOKUP(C1113,Departments!$A$2:$A$6,Departments!$B$2:$B$6,""Unknown"")",Quality,0,0
xl/worksheets/sheet2.xml,F1114,,"VLOOKUP(D1114,Lookup!$A$2:$B$4,2,FALSE())",0.05,0,0
xl/worksheets/sheet2.xml,G1114,,"ROUND(E1114*F1114,2)",64.05,0,0
xl/worksheets/sheet2.xml,H1114,,E1114+G1114,1345.05,0,0
xl/worksheets/sheet2.xml,J1114,,"_xlfn.XLOOKUP(C1114,Departments!$A$2:$A$6,Departments!$B$2:$B$6,""Unknown"")",Human Resources,0,0
xl/worksheets/sheet2.xml,F1115,,"VLOOKUP(D1115,Lookup!$A$2:$B$4,2,FALSE())",0.1,0,0
xl/worksheets/sheet2.xml,G1115,,"ROUND(E1115*F1115,2)",131.8,0,0
xl/worksheets/sheet2.xml,H1115,,E1115+G1115,1449.8,0,0
xl/worksheets/sheet2.xml,J1115,,"_xlfn.XLOOKUP(C1115,Departments!$A$2:$A$6,Departments!$B$2:$B$6,""Unknown"")",Technology,0,0
xl/worksheets/sheet2.xml,F1116,,"VLOOKUP(D1116,Lookup!$A$2:$B$4,2,FALSE())",0.15,0,0
xl/worksheets/sheet2.xml,G1116,,"ROUND(E1116*F1116,2)",203.25,0,0
xl/worksheets/sheet2.xml,H1116,,E1116+G1116,1558.25,0,0
xl/worksheets/sheet2.xml,J1116,,"_xlfn.XLOOKUP(C1116,Departments!$A$2:$A$6,Departments!$B$2:$B$6,""Unknown"")",Operations,0,0
xl/worksheets/sheet2.xml,F1117,,"VLOOKUP(D1117,Lookup!$A$2:$B$4,2,FALSE())",0.05,0,0
xl/worksheets/sheet2.xml,G1117,,"ROUND(E1117*F1117,2)",69.6,0,0
xl/worksheets/sheet2.xml,H1117,,E1117+G1117,1461.6,0,0
xl/worksheets/sheet2.xml,J1117,,"_xlfn.XLOOKUP(C1117,Departments!$A$2:$A$6,Departments!$B$2:$B$6,""Unknown"")",Finance,0,0
xl/worksheets/sheet2.xml,F1118,,"VLOOKUP(D1118,Lookup!$A$2:$B$4,2,FALSE())",0.1,0,0
xl/worksheets/sheet2.xml,G1118,,"ROUND(E1118*F1118,2)",142.9,0,0
xl/worksheets/sheet2.xml,H1118,,E1118+G1118,1571.9,0,0
xl/worksheets/sheet2.xml,J1118,,"_xlfn.XLOOKUP(C1118,Departments!$A$2:$A$6,Departments!$B$2:$B$6,""Unknown"")",Quality,0,0
xl/worksheets/sheet2.xml,F1119,,"VLOOKUP(D1119,Lookup!$A$2:$B$4,2,FALSE())",0.15,0,0
xl/worksheets/sheet2.xml,G1119,,"ROUND(E1119*F1119,2)",219.9,0,0
xl/worksheets/sheet2.xml,H1119,,E1119+G1119,1685.9,0,0
xl/worksheets/sheet2.xml,J1119,,"_xlfn.XLOOKUP(C1119,Departments!$A$2:$A$6,Departments!$B$2:$B$6,""Unknown"")",Human Resources,0,0
xl/worksheets/sheet2.xml,F1120,,"VLOOKUP(D1120,Lookup!$A$2:$B$4,2,FALSE())",0.05,0,0
xl/worksheets/sheet2.xml,G1120,,"ROUND(E1120*F1120,2)",75.15,0,0
xl/worksheets/sheet2.xml,H1120,,E1120+G1120,1578.15,0,0
xl/worksheets/sheet2.xml,J1120,,"_xlfn.XLOOKUP(C1120,Departments!$A$2:$A$6,Departments!$B$2:$B$6,""Unknown"")",Technology,0,0
xl/worksheets/sheet2.xml,F1121,,"VLOOKUP(D1121,Lookup!$A$2:$B$4,2,FALSE())",0.1,0,0
xl/worksheets/sheet2.xml,G1121,,"ROUND(E1121*F1121,2)",154,0,0
xl/worksheets/sheet2.xml,H1121,,E1121+G1121,1694,0,0
xl/worksheets/sheet2.xml,J1121,,"_xlfn.XLOOKUP(C1121,Departments!$A$2:$A$6,Departments!$B$2:$B$6,""Unknown"")",Operations,0,0
xl/worksheets/sheet2.xml,F1122,,"VLOOKUP(D1122,Lookup!$A$2:$B$4,2,FALSE())",0.15,0,0
xl/worksheets/sheet2.xml,G1122,,"ROUND(E1122*F1122,2)",236.55,0,0
xl/worksheets/sheet2.xml,H1122,,E1122+G1122,1813.55,0,0
xl/worksheets/sheet2.xml,J1122,,"_xlfn.XLOOKUP(C1122,Departments!$A$2:$A$6,Departments!$B$2:$B$6,""Unknown"")",Finance,0,0
xl/worksheets/sheet2.xml,F1123,,"VLOOKUP(D1123,Lookup!$A$2:$B$4,2,FALSE())",0.05,0,0
xl/worksheets/sheet2.xml,G1123,,"ROUND(E1123*F1123,2)",80.7,0,0
xl/worksheets/sheet2.xml,H1123,,E1123+G1123,1694.7,0,0
xl/worksheets/sheet2.xml,J1123,,"_xlfn.XLOOKUP(C1123,Departments!$A$2:$A$6,Departments!$B$2:$B$6,""Unknown"")",Quality,0,0
xl/worksheets/sheet2.xml,F1124,,"VLOOKUP(D1124,Lookup!$A$2:$B$4,2,FALSE())",0.1,0,0
xl/worksheets/sheet2.xml,G1124,,"ROUND(E1124*F1124,2)",165.1,0,0
xl/worksheets/sheet2.xml,H1124,,E1124+G1124,1816.1,0,0
xl/worksheets/sheet2.xml,J1124,,"_xlfn.XLOOKUP(C1124,Departments!$A$2:$A$6,Departments!$B$2:$B$6,""Unknown"")",Human Resources,0,0
xl/worksheets/sheet2.xml,F1125,,"VLOOKUP(D1125,Lookup!$A$2:$B$4,2,FALSE())",0.15,0,0
xl/worksheets/sheet2.xml,G1125,,"ROUND(E1125*F1125,2)",253.2,0,0
xl/worksheets/sheet2.xml,H1125,,E1125+G1125,1941.2,0,0
xl/worksheets/sheet2.xml,J1125,,"_xlfn.XLOOKUP(C1125,Departments!$A$2:$A$6,Departments!$B$2:$B$6,""Unknown"")",Technology,0,0
xl/worksheets/sheet2.xml,F1126,,"VLOOKUP(D1126,Lookup!$A$2:$B$4,2,FALSE())",0.05,0,0
xl/worksheets/sheet2.xml,G1126,,"ROUND(E1126*F1126,2)",86.25,0,0
xl/worksheets/sheet2.xml,H1126,,E1126+G1126,1811.25,0,0
xl/worksheets/sheet2.xml,J1126,,"_xlfn.XLOOKUP(C1126,Departments!$A$2:$A$6,Departments!$B$2:$B$6,""Unknown"")",Operations,0,0
xl/worksheets/sheet2.xml,F1127,,"VLOOKUP(D1127,Lookup!$A$2:$B$4,2,FALSE())",0.1,0,0
xl/worksheets/sheet2.xml,G1127,,"ROUND(E1127*F1127,2)",176.2,0,0
xl/worksheets/sheet2.xml,H1127,,E1127+G1127,1938.2,0,0
xl/worksheets/sheet2.xml,J1127,,"_xlfn.XLOOKUP(C1127,Departments!$A$2:$A$6,Departments!$B$2:$B$6,""Unknown"")",Finance,0,0
xl/worksheets/sheet2.xml,F1128,,"VLOOKUP(D1128,Lookup!$A$2:$B$4,2,FALSE())",0.15,0,0
xl/worksheets/sheet2.xml,G1128,,"ROUND(E1128*F1128,2)",269.85,0,0
xl/worksheets/sheet2.xml,H1128,,E1128+G1128,2068.85,0,0
xl/worksheets/sheet2.xml,J1128,,"_xlfn.XLOOKUP(C1128,Departments!$A$2:$A$6,Departments!$B$2:$B$6,""Unknown"")",Quality,0,0
xl/worksheets/sheet2.xml,F1129,,"VLOOKUP(D1129,Lookup!$A$2:$B$4,2,FALSE())",0.05,0,0
xl/worksheets/sheet2.xml,G1129,,"ROUND(E1129*F1129,2)",91.8,0,0
xl/worksheets/sheet2.xml,H1129,,E1129+G1129,1927.8,0,0
xl/worksheets/sheet2.xml,J1129,,"_xlfn.XLOOKUP(C1129,Departments!$A$2:$A$6,Departments!$B$2:$B$6,""Unknown"")",Human Resources,0,0
xl/worksheets/sheet2.xml,F1130,,"VLOOKUP(D1130,Lookup!$A$2:$B$4,2,FALSE())",0.1,0,0
xl/worksheets/sheet2.xml,G1130,,"ROUND(E1130*F1130,2)",187.3,0,0
xl/worksheets/sheet2.xml,H1130,,E1130+G1130,2060.3,0,0
xl/worksheets/sheet2.xml,J1130,,"_xlfn.XLOOKUP(C1130,Departments!$A$2:$A$6,Departments!$B$2:$B$6,""Unknown"")",Technology,0,0
xl/worksheets/sheet2.xml,F1131,,"VLOOKUP(D1131,Lookup!$A$2:$B$4,2,FALSE())",0.15,0,0
xl/worksheets/sheet2.xml,G1131,,"ROUND(E1131*F1131,2)",286.5,0,0
xl/worksheets/sheet2.xml,H1131,,E1131+G1131,2196.5,0,0
xl/worksheets/sheet2.xml,J1131,,"_xlfn.XLOOKUP(C1131,Departments!$A$2:$A$6,Departments!$B$2:$B$6,""Unknown"")",Operations,0,0
xl/worksheets/sheet2.xml,F1132,,"VLOOKUP(D1132,Lookup!$A$2:$B$4,2,FALSE())",0.05,0,0
xl/worksheets/sheet2.xml,G1132,,"ROUND(E1132*F1132,2)",97.35,0,0
xl/worksheets/sheet2.xml,H1132,,E1132+G1132,2044.35,0,0
xl/worksheets/sheet2.xml,J1132,,"_xlfn.XLOOKUP(C1132,Departments!$A$2:$A$6,Departments!$B$2:$B$6,""Unknown"")",Finance,0,0
xl/worksheets/sheet2.xml,F1133,,"VLOOKUP(D1133,Lookup!$A$2:$B$4,2,FALSE())",0.1,0,0
xl/worksheets/sheet2.xml,G1133,,"ROUND(E1133*F1133,2)",198.4,0,0
xl/worksheets/sheet2.xml,H1133,,E1133+G1133,2182.4,0,0
xl/worksheets/sheet2.xml,J1133,,"_xlfn.XLOOKUP(C1133,Departments!$A$2:$A$6,Departments!$B$2:$B$6,""Unknown"")",Quality,0,0
xl/worksheets/sheet2.xml,F1134,,"VLOOKUP(D1134,Lookup!$A$2:$B$4,2,FALSE())",0.15,0,0
xl/worksheets/sheet2.xml,G1134,,"ROUND(E1134*F1134,2)",303.15,0,0
xl/worksheets/sheet2.xml,H1134,,E1134+G1134,2324.15,0,0
xl/worksheets/sheet2.xml,J1134,,"_xlfn.XLOOKUP(C1134,Departments!$A$2:$A$6,Departments!$B$2:$B$6,""Unknown"")",Human Resources,0,0
xl/worksheets/sheet2.xml,F1135,,"VLOOKUP(D1135,Lookup!$A$2:$B$4,2,FALSE())",0.05,0,0
xl/worksheets/sheet2.xml,G1135,,"ROUND(E1135*F1135,2)",102.9,0,0
xl/worksheets/sheet2.xml,H1135,,E1135+G1135,2160.9,0,0
xl/worksheets/sheet2.xml,J1135,,"_xlfn.XLOOKUP(C1135,Departments!$A$2:$A$6,Departments!$B$2:$B$6,""Unknown"")",Technology,0,0
xl/worksheets/sheet2.xml,F1136,,"VLOOKUP(D1136,Lookup!$A$2:$B$4,2,FALSE())",0.1,0,0
xl/worksheets/sheet2.xml,G1136,,"ROUND(E1136*F1136,2)",209.5,0,0
xl/worksheets/sheet2.xml,H1136,,E1136+G1136,2304.5,0,0
xl/worksheets/sheet2.xml,J1136,,"_xlfn.XLOOKUP(C1136,Departments!$A$2:$A$6,Departments!$B$2:$B$6,""Unknown"")",Operations,0,0
xl/worksheets/sheet2.xml,F1137,,"VLOOKUP(D1137,Lookup!$A$2:$B$4,2,FALSE())",0.15,0,0
xl/worksheets/sheet2.xml,G1137,,"ROUND(E1137*F1137,2)",319.8,0,0
xl/worksheets/sheet2.xml,H1137,,E1137+G1137,2451.8,0,0
xl/worksheets/sheet2.xml,J1137,,"_xlfn.XLOOKUP(C1137,Departments!$A$2:$A$6,Departments!$B$2:$B$6,""Unknown"")",Finance,0,0
xl/worksheets/sheet2.xml,F1138,,"VLOOKUP(D1138,Lookup!$A$2:$B$4,2,FALSE())",0.05,0,0
xl/worksheets/sheet2.xml,G1138,,"ROUND(E1138*F1138,2)",108.45,0,0
xl/worksheets/sheet2.xml,H1138,,E1138+G1138,2277.45,0,0
xl/worksheets/sheet2.xml,J1138,,"_xlfn.XLOOKUP(C1138,Departments!$A$2:$A$6,Departments!$B$2:$B$6,""Unknown"")",Quality,0,0
xl/worksheets/sheet2.xml,F1139,,"VLOOKUP(D1139,Lookup!$A$2:$B$4,2,FALSE())",0.1,0,0
xl/worksheets/sheet2.xml,G1139,,"ROUND(E1139*F1139,2)",220.6,0,0
xl/worksheets/sheet2.xml,H1139,,E1139+G1139,2426.6,0,0
xl/worksheets/sheet2.xml,J1139,,"_xlfn.XLOOKUP(C1139,Departments!$A$2:$A$6,Departments!$B$2:$B$6,""Unknown"")",Human Resources,0,0
xl/worksheets/sheet2.xml,F1140,,"VLOOKUP(D1140,Lookup!$A$2:$B$4,2,FALSE())",0.15,0,0
xl/worksheets/sheet2.xml,G1140,,"ROUND(E1140*F1140,2)",336.45,0,0
xl/worksheets/sheet2.xml,H1140,,E1140+G1140,2579.45,0,0
xl/worksheets/sheet2.xml,J1140,,"_xlfn.XLOOKUP(C1140,Departments!$A$2:$A$6,Departments!$B$2:$B$6,""Unknown"")",Technology,0,0
xl/worksheets/sheet2.xml,F1141,,"VLOOKUP(D1141,Lookup!$A$2:$B$4,2,FALSE())",0.05,0,0
xl/worksheets/sheet2.xml,G1141,,"ROUND(E1141*F1141,2)",114,0,0
xl/worksheets/sheet2.xml,H1141,,E1141+G1141,2394,0,0
xl/worksheets/sheet2.xml,J1141,,"_xlfn.XLOOKUP(C1141,Departments!$A$2:$A$6,Departments!$B$2:$B$6,""Unknown"")",Operations,0,0
xl/worksheets/sheet2.xml,F1142,,"VLOOKUP(D1142,Lookup!$A$2:$B$4,2,FALSE())",0.1,0,0
xl/worksheets/sheet2.xml,G1142,,"ROUND(E1142*F1142,2)",231.7,0,0
xl/worksheets/sheet2.xml,H1142,,E1142+G1142,2548.7,0,0
xl/worksheets/sheet2.xml,J1142,,"_xlfn.XLOOKUP(C1142,Departments!$A$2:$A$6,Departments!$B$2:$B$6,""Unknown"")",Finance,0,0
xl/worksheets/sheet2.xml,F1143,,"VLOOKUP(D1143,Lookup!$A$2:$B$4,2,FALSE())",0.15,0,0
xl/worksheets/sheet2.xml,G1143,,"ROUND(E1143*F1143,2)",353.1,0,0
xl/worksheets/sheet2.xml,H1143,,E1143+G1143,2707.1,0,0
xl/worksheets/sheet2.xml,J1143,,"_xlfn.XLOOKUP(C1143,Departments!$A$2:$A$6,Departments!$B$2:$B$6,""Unknown"")",Quality,0,0
xl/worksheets/sheet2.xml,F1144,,"VLOOKUP(D1144,Lookup!$A$2:$B$4,2,FALSE())",0.05,0,0
xl/worksheets/sheet2.xml,G1144,,"ROUND(E1144*F1144,2)",119.55,0,0
xl/worksheets/sheet2.xml,H1144,,E1144+G1144,2510.55,0,0
xl/worksheets/sheet2.xml,J1144,,"_xlfn.XLOOKUP(C1144,Departments!$A$2:$A$6,Departments!$B$2:$B$6,""Unknown"")",Human Resources,0,0
xl/worksheets/sheet2.xml,F1145,,"VLOOKUP(D1145,Lookup!$A$2:$B$4,2,FALSE())",0.1,0,0
xl/worksheets/sheet2.xml,G1145,,"ROUND(E1145*F1145,2)",242.8,0,0
xl/worksheets/sheet2.xml,H1145,,E1145+G1145,2670.8,0,0
xl/worksheets/sheet2.xml,J1145,,"_xlfn.XLOOKUP(C1145,Departments!$A$2:$A$6,Departments!$B$2:$B$6,""Unknown"")",Technology,0,0
xl/worksheets/sheet2.xml,F1146,,"VLOOKUP(D1146,Lookup!$A$2:$B$4,2,FALSE())",0.15,0,0
xl/worksheets/sheet2.xml,G1146,,"ROUND(E1146*F1146,2)",369.75,0,0
xl/worksheets/sheet2.xml,H1146,,E1146+G1146,2834.75,0,0
xl/worksheets/sheet2.xml,J1146,,"_xlfn.XLOOKUP(C1146,Departments!$A$2:$A$6,Departments!$B$2:$B$6,""Unknown"")",Operations,0,0
xl/worksheets/sheet2.xml,F1147,,"VLOOKUP(D1147,Lookup!$A$2:$B$4,2,FALSE())",0.05,0,0
xl/worksheets/sheet2.xml,G1147,,"ROUND(E1147*F1147,2)",125.1,0,0
xl/worksheets/sheet2.xml,H1147,,E1147+G1147,2627.1,0,0
xl/worksheets/sheet2.xml,J1147,,"_xlfn.XLOOKUP(C1147,Departments!$A$2:$A$6,Departments!$B$2:$B$6,""Unknown"")",Finance,0,0
xl/worksheets/sheet2.xml,F1148,,"VLOOKUP(D1148,Lookup!$A$2:$B$4,2,FALSE())",0.1,0,0
xl/worksheets/sheet2.xml,G1148,,"ROUND(E1148*F1148,2)",253.9,0,0
xl/worksheets/sheet2.xml,H1148,,E1148+G1148,2792.9,0,0
xl/worksheets/sheet2.xml,J1148,,"_xlfn.XLOOKUP(C1148,Departments!$A$2:$A$6,Departments!$B$2:$B$6,""Unknown"")",Quality,0,0
xl/worksheets/sheet2.xml,F1149,,"VLOOKUP(D1149,Lookup!$A$2:$B$4,2,FALSE())",0.15,0,0
xl/worksheets/sheet2.xml,G1149,,"ROUND(E1149*F1149,2)",386.4,0,0
xl/worksheets/sheet2.xml,H1149,,E1149+G1149,2962.4,0,0
xl/worksheets/sheet2.xml,J1149,,"_xlfn.XLOOKUP(C1149,Departments!$A$2:$A$6,Departments!$B$2:$B$6,""Unknown"")",Human Resources,0,0
xl/worksheets/sheet2.xml,F1150,,"VLOOKUP(D1150,Lookup!$A$2:$B$4,2,FALSE())",0.05,0,0
xl/worksheets/sheet2.xml,G1150,,"ROUND(E1150*F1150,2)",130.65,0,0
xl/worksheets/sheet2.xml,H1150,,E1150+G1150,2743.65,0,0
xl/worksheets/sheet2.xml,J1150,,"_xlfn.XLOOKUP(C1150,Departments!$A$2:$A$6,Departments!$B$2:$B$6,""Unknown"")",Technology,0,0
xl/worksheets/sheet2.xml,F1151,,"VLOOKUP(D1151,Lookup!$A$2:$B$4,2,FALSE())",0.1,0,0
xl/worksheets/sheet2.xml,G1151,,"ROUND(E1151*F1151,2)",265,0,0
xl/worksheets/sheet2.xml,H1151,,E1151+G1151,2915,0,0
xl/worksheets/sheet2.xml,J1151,,"_xlfn.XLOOKUP(C1151,Departments!$A$2:$A$6,Departments!$B$2:$B$6,""Unknown"")",Operations,0,0
xl/worksheets/sheet2.xml,F1152,,"VLOOKUP(D1152,Lookup!$A$2:$B$4,2,FALSE())",0.15,0,0
xl/worksheets/sheet2.xml,G1152,,"ROUND(E1152*F1152,2)",403.05,0,0
xl/worksheets/sheet2.xml,H1152,,E1152+G1152,3090.05,0,0
xl/worksheets/sheet2.xml,J1152,,"_xlfn.XLOOKUP(C1152,Departments!$A$2:$A$6,Departments!$B$2:$B$6,""Unknown"")",Finance,0,0
xl/worksheets/sheet2.xml,F1153,,"VLOOKUP(D1153,Lookup!$A$2:$B$4,2,FALSE())",0.05,0,0
xl/worksheets/sheet2.xml,G1153,,"ROUND(E1153*F1153,2)",136.2,0,0
xl/worksheets/sheet2.xml,H1153,,E1153+G1153,2860.2,0,0
xl/worksheets/sheet2.xml,J1153,,"_xlfn.XLOOKUP(C1153,Departments!$A$2:$A$6,Departments!$B$2:$B$6,""Unknown"")",Quality,0,0
xl/worksheets/sheet2.xml,F1154,,"VLOOKUP(D1154,Lookup!$A$2:$B$4,2,FALSE())",0.1,0,0
xl/worksheets/sheet2.xml,G1154,,"ROUND(E1154*F1154,2)",276.1,0,0
xl/worksheets/sheet2.xml,H1154,,E1154+G1154,3037.1,0,0
xl/worksheets/sheet2.xml,J1154,,"_xlfn.XLOOKUP(C1154,Departments!$A$2:$A$6,Departments!$B$2:$B$6,""Unknown"")",Human Resources,0,0
xl/worksheets/sheet2.xml,F1155,,"VLOOKUP(D1155,Lookup!$A$2:$B$4,2,FALSE())",0.15,0,0
xl/worksheets/sheet2.xml,G1155,,"ROUND(E1155*F1155,2)",419.7,0,0
xl/worksheets/sheet2.xml,H1155,,E1155+G1155,3217.7,0,0
xl/worksheets/sheet2.xml,J1155,,"_xlfn.XLOOKUP(C1155,Departments!$A$2:$A$6,Departments!$B$2:$B$6,""Unknown"")",Technology,0,0
xl/worksheets/sheet2.xml,F1156,,"VLOOKUP(D1156,Lookup!$A$2:$B$4,2,FALSE())",0.05,0,0
xl/worksheets/sheet2.xml,G1156,,"ROUND(E1156*F1156,2)",141.75,0,0
xl/worksheets/sheet2.xml,H1156,,E1156+G1156,2976.75,0,0
xl/worksheets/sheet2.xml,J1156,,"_xlfn.XLOOKUP(C1156,Departments!$A$2:$A$6,Departments!$B$2:$B$6,""Unknown"")",Operations,0,0
xl/worksheets/sheet2.xml,F1157,,"VLOOKUP(D1157,Lookup!$A$2:$B$4,2,FALSE())",0.1,0,0
xl/worksheets/sheet2.xml,G1157,,"ROUND(E1157*F1157,2)",287.2,0,0
xl/worksheets/sheet2.xml,H1157,,E1157+G1157,3159.2,0,0
xl/worksheets/sheet2.xml,J1157,,"_xlfn.XLOOKUP(C1157,Departments!$A$2:$A$6,Departments!$B$2:$B$6,""Unknown"")",Finance,0,0
xl/worksheets/sheet2.xml,F1158,,"VLOOKUP(D1158,Lookup!$A$2:$B$4,2,FALSE())",0.15,0,0
xl/worksheets/sheet2.xml,G1158,,"ROUND(E1158*F1158,2)",436.35,0,0
xl/worksheets/sheet2.xml,H1158,,E1158+G1158,3345.35,0,0
xl/worksheets/sheet2.xml,J1158,,"_xlfn.XLOOKUP(C1158,Departments!$A$2:$A$6,Departments!$B$2:$B$6,""Unknown"")",Quality,0,0
xl/worksheets/sheet2.xml,F1159,,"VLOOKUP(D1159,Lookup!$A$2:$B$4,2,FALSE())",0.05,0,0
xl/worksheets/sheet2.xml,G1159,,"ROUND(E1159*F1159,2)",147.3,0,0
xl/worksheets/sheet2.xml,H1159,,E1159+G1159,3093.3,0,0
xl/worksheets/sheet2.xml,J1159,,"_xlfn.XLOOKUP(C1159,Departments!$A$2:$A$6,Departments!$B$2:$B$6,""Unknown"")",Human Resources,0,0
xl/worksheets/sheet2.xml,F1160,,"VLOOKUP(D1160,Lookup!$A$2:$B$4,2,FALSE())",0.1,0,0
xl/worksheets/sheet2.xml,G1160,,"ROUND(E1160*F1160,2)",298.3,0,0
xl/worksheets/sheet2.xml,H1160,,E1160+G1160,3281.3,0,0
xl/worksheets/sheet2.xml,J1160,,"_xlfn.XLOOKUP(C1160,Departments!$A$2:$A$6,Departments!$B$2:$B$6,""Unknown"")",Technology,0,0
xl/worksheets/sheet2.xml,F1161,,"VLOOKUP(D1161,Lookup!$A$2:$B$4,2,FALSE())",0.15,0,0
xl/worksheets/sheet2.xml,G1161,,"ROUND(E1161*F1161,2)",453,0,0
xl/worksheets/sheet2.xml,H1161,,E1161+G1161,3473,0,0
xl/worksheets/sheet2.xml,J1161,,"_xlfn.XLOOKUP(C1161,Departments!$A$2:$A$6,Departments!$B$2:$B$6,""Unknown"")",Operations,0,0
xl/worksheets/sheet2.xml,F1162,,"VLOOKUP(D1162,Lookup!$A$2:$B$4,2,FALSE())",0.05,0,0
xl/worksheets/sheet2.xml,G1162,,"ROUND(E1162*F1162,2)",152.85,0,0
xl/worksheets/sheet2.xml,H1162,,E1162+G1162,3209.85,0,0
xl/worksheets/sheet2.xml,J1162,,"_xlfn.XLOOKUP(C1162,Departments!$A$2:$A$6,Departments!$B$2:$B$6,""Unknown"")",Finance,0,0
xl/worksheets/sheet2.xml,F1163,,"VLOOKUP(D1163,Lookup!$A$2:$B$4,2,FALSE())",0.1,0,0
xl/worksheets/sheet2.xml,G1163,,"ROUND(E1163*F1163,2)",309.4,0,0
xl/worksheets/sheet2.xml,H1163,,E1163+G1163,3403.4,0,0
xl/worksheets/sheet2.xml,J1163,,"_xlfn.XLOOKUP(C1163,Departments!$A$2:$A$6,Departments!$B$2:$B$6,""Unknown"")",Quality,0,0
xl/worksheets/sheet2.xml,F1164,,"VLOOKUP(D1164,Lookup!$A$2:$B$4,2,FALSE())",0.15,0,0
xl/worksheets/sheet2.xml,G1164,,"ROUND(E1164*F1164,2)",469.65,0,0
xl/worksheets/sheet2.xml,H1164,,E1164+G1164,3600.65,0,0
xl/worksheets/sheet2.xml,J1164,,"_xlfn.XLOOKUP(C1164,Departments!$A$2:$A$6,Departments!$B$2:$B$6,""Unknown"")",Human Resources,0,0
xl/worksheets/sheet2.xml,F1165,,"VLOOKUP(D1165,Lookup!$A$2:$B$4,2,FALSE())",0.05,0,0
xl/worksheets/sheet2.xml,G1165,,"ROUND(E1165*F1165,2)",158.4,0,0
xl/worksheets/sheet2.xml,H1165,,E1165+G1165,3326.4,0,0
xl/worksheets/sheet2.xml,J1165,,"_xlfn.XLOOKUP(C1165,Departments!$A$2:$A$6,Departments!$B$2:$B$6,""Unknown"")",Technology,0,0
xl/worksheets/sheet2.xml,F1166,,"VLOOKUP(D1166,Lookup!$A$2:$B$4,2,FALSE())",0.1,0,0
xl/worksheets/sheet2.xml,G1166,,"ROUND(E1166*F1166,2)",320.5,0,0
xl/worksheets/sheet2.xml,H1166,,E1166+G1166,3525.5,0,0
xl/worksheets/sheet2.xml,J1166,,"_xlfn.XLOOKUP(C1166,Departments!$A$2:$A$6,Departments!$B$2:$B$6,""Unknown"")",Operations,0,0
xl/worksheets/sheet2.xml,F1167,,"VLOOKUP(D1167,Lookup!$A$2:$B$4,2,FALSE())",0.15,0,0
xl/worksheets/sheet2.xml,G1167,,"ROUND(E1167*F1167,2)",486.3,0,0
xl/worksheets/sheet2.xml,H1167,,E1167+G1167,3728.3,0,0
xl/worksheets/sheet2.xml,J1167,,"_xlfn.XLOOKUP(C1167,Departments!$A$2:$A$6,Departments!$B$2:$B$6,""Unknown"")",Finance,0,0
xl/worksheets/sheet2.xml,F1168,,"VLOOKUP(D1168,Lookup!$A$2:$B$4,2,FALSE())",0.05,0,0
xl/worksheets/sheet2.xml,G1168,,"ROUND(E1168*F1168,2)",163.95,0,0
xl/worksheets/sheet2.xml,H1168,,E1168+G1168,3442.95,0,0
xl/worksheets/sheet2.xml,J1168,,"_xlfn.XLOOKUP(C1168,Departments!$A$2:$A$6,Departments!$B$2:$B$6,""Unknown"")",Quality,0,0
xl/worksheets/sheet2.xml,F1169,,"VLOOKUP(D1169,Lookup!$A$2:$B$4,2,FALSE())",0.1,0,0
xl/worksheets/sheet2.xml,G1169,,"ROUND(E1169*F1169,2)",331.6,0,0
xl/worksheets/sheet2.xml,H1169,,E1169+G1169,3647.6,0,0
xl/worksheets/sheet2.xml,J1169,,"_xlfn.XLOOKUP(C1169,Departments!$A$2:$A$6,Departments!$B$2:$B$6,""Unknown"")",Human Resources,0,0
xl/worksheets/sheet2.xml,F1170,,"VLOOKUP(D1170,Lookup!$A$2:$B$4,2,FALSE())",0.15,0,0
xl/worksheets/sheet2.xml,G1170,,"ROUND(E1170*F1170,2)",502.95,0,0
xl/worksheets/sheet2.xml,H1170,,E1170+G1170,3855.95,0,0
xl/worksheets/sheet2.xml,J1170,,"_xlfn.XLOOKUP(C1170,Departments!$A$2:$A$6,Departments!$B$2:$B$6,""Unknown"")",Technology,0,0
xl/worksheets/sheet2.xml,F1171,,"VLOOKUP(D1171,Lookup!$A$2:$B$4,2,FALSE())",0.05,0,0
xl/worksheets/sheet2.xml,G1171,,"ROUND(E1171*F1171,2)",169.5,0,0
xl/worksheets/sheet2.xml,H1171,,E1171+G1171,3559.5,0,0
xl/worksheets/sheet2.xml,J1171,,"_xlfn.XLOOKUP(C1171,Departments!$A$2:$A$6,Departments!$B$2:$B$6,""Unknown"")",Operations,0,0
xl/worksheets/sheet2.xml,F1172,,"VLOOKUP(D1172,Lookup!$A$2:$B$4,2,FALSE())",0.1,0,0
xl/worksheets/sheet2.xml,G1172,,"ROUND(E1172*F1172,2)",342.7,0,0
xl/worksheets/sheet2.xml,H1172,,E1172+G1172,3769.7,0,0
xl/worksheets/sheet2.xml,J1172,,"_xlfn.XLOOKUP(C1172,Departments!$A$2:$A$6,Departments!$B$2:$B$6,""Unknown"")",Finance,0,0
xl/worksheets/sheet2.xml,F1173,,"VLOOKUP(D1173,Lookup!$A$2:$B$4,2,FALSE())",0.15,0,0
xl/worksheets/sheet2.xml,G1173,,"ROUND(E1173*F1173,2)",519.6,0,0
xl/worksheets/sheet2.xml,H1173,,E1173+G1173,3983.6,0,0
xl/worksheets/sheet2.xml,J1173,,"_xlfn.XLOOKUP(C1173,Departments!$A$2:$A$6,Departments!$B$2:$B$6,""Unknown"")",Quality,0,0
xl/worksheets/sheet2.xml,F1174,,"VLOOKUP(D1174,Lookup!$A$2:$B$4,2,FALSE())",0.05,0,0
xl/worksheets/sheet2.xml,G1174,,"ROUND(E1174*F1174,2)",175.05,0,0
xl/worksheets/sheet2.xml,H1174,,E1174+G1174,3676.05,0,0
xl/worksheets/sheet2.xml,J1174,,"_xlfn.XLOOKUP(C1174,Departments!$A$2:$A$6,Departments!$B$2:$B$6,""Unknown"")",Human Resources,0,0
xl/worksheets/sheet2.xml,F1175,,"VLOOKUP(D1175,Lookup!$A$2:$B$4,2,FALSE())",0.1,0,0
xl/worksheets/sheet2.xml,G1175,,"ROUND(E1175*F1175,2)",353.8,0,0
xl/worksheets/sheet2.xml,H1175,,E1175+G1175,3891.8,0,0
xl/worksheets/sheet2.xml,J1175,,"_xlfn.XLOOKUP(C1175,Departments!$A$2:$A$6,Departments!$B$2:$B$6,""Unknown"")",Technology,0,0
xl/worksheets/sheet2.xml,F1176,,"VLOOKUP(D1176,Lookup!$A$2:$B$4,2,FALSE())",0.15,0,0
xl/worksheets/sheet2.xml,G1176,,"ROUND(E1176*F1176,2)",536.25,0,0
xl/worksheets/sheet2.xml,H1176,,E1176+G1176,4111.25,0,0
xl/worksheets/sheet2.xml,J1176,,"_xlfn.XLOOKUP(C1176,Departments!$A$2:$A$6,Departments!$B$2:$B$6,""Unknown"")",Operations,0,0
xl/worksheets/sheet2.xml,F1177,,"VLOOKUP(D1177,Lookup!$A$2:$B$4,2,FALSE())",0.05,0,0
xl/worksheets/sheet2.xml,G1177,,"ROUND(E1177*F1177,2)",180.6,0,0
xl/worksheets/sheet2.xml,H1177,,E1177+G1177,3792.6,0,0
xl/worksheets/sheet2.xml,J1177,,"_xlfn.XLOOKUP(C1177,Departments!$A$2:$A$6,Departments!$B$2:$B$6,""Unknown"")",Finance,0,0
xl/worksheets/sheet2.xml,F1178,,"VLOOKUP(D1178,Lookup!$A$2:$B$4,2,FALSE())",0.1,0,0
xl/worksheets/sheet2.xml,G1178,,"ROUND(E1178*F1178,2)",364.9,0,0
xl/worksheets/sheet2.xml,H1178,,E1178+G1178,4013.9,0,0
xl/worksheets/sheet2.xml,J1178,,"_xlfn.XLOOKUP(C1178,Departments!$A$2:$A$6,Departments!$B$2:$B$6,""Unknown"")",Quality,0,0
xl/worksheets/sheet2.xml,F1179,,"VLOOKUP(D1179,Lookup!$A$2:$B$4,2,FALSE())",0.15,0,0
xl/worksheets/sheet2.xml,G1179,,"ROUND(E1179*F1179,2)",552.9,0,0
xl/worksheets/sheet2.xml,H1179,,E1179+G1179,4238.9,0,0
xl/worksheets/sheet2.xml,J1179,,"_xlfn.XLOOKUP(C1179,Departments!$A$2:$A$6,Departments!$B$2:$B$6,""Unknown"")",Human Resources,0,0
xl/worksheets/sheet2.xml,F1180,,"VLOOKUP(D1180,Lookup!$A$2:$B$4,2,FALSE())",0.05,0,0
xl/worksheets/sheet2.xml,G1180,,"ROUND(E1180*F1180,2)",186.15,0,0
xl/worksheets/sheet2.xml,H1180,,E1180+G1180,3909.15,0,0
xl/worksheets/sheet2.xml,J1180,,"_xlfn.XLOOKUP(C1180,Departments!$A$2:$A$6,Departments!$B$2:$B$6,""Unknown"")",Technology,0,0
xl/worksheets/sheet2.xml,F1181,,"VLOOKUP(D1181,Lookup!$A$2:$B$4,2,FALSE())",0.1,0,0
xl/worksheets/sheet2.xml,G1181,,"ROUND(E1181*F1181,2)",376,0,0
xl/worksheets/sheet2.xml,H1181,,E1181+G1181,4136,0,0
xl/worksheets/sheet2.xml,J1181,,"_xlfn.XLOOKUP(C1181,Departments!$A$2:$A$6,Departments!$B$2:$B$6,""Unknown"")",Operations,0,0
xl/worksheets/sheet2.xml,F1182,,"VLOOKUP(D1182,Lookup!$A$2:$B$4,2,FALSE())",0.15,0,0
xl/worksheets/sheet2.xml,G1182,,"ROUND(E1182*F1182,2)",569.55,0,0
xl/worksheets/sheet2.xml,H1182,,E1182+G1182,4366.55,0,0
xl/worksheets/sheet2.xml,J1182,,"_xlfn.XLOOKUP(C1182,Departments!$A$2:$A$6,Departments!$B$2:$B$6,""Unknown"")",Finance,0,0
xl/worksheets/sheet2.xml,F1183,,"VLOOKUP(D1183,Lookup!$A$2:$B$4,2,FALSE())",0.05,0,0
xl/worksheets/sheet2.xml,G1183,,"ROUND(E1183*F1183,2)",191.7,0,0
xl/worksheets/sheet2.xml,H1183,,E1183+G1183,4025.7,0,0
xl/worksheets/sheet2.xml,J1183,,"_xlfn.XLOOKUP(C1183,Departments!$A$2:$A$6,Departments!$B$2:$B$6,""Unknown"")",Quality,0,0
xl/worksheets/sheet2.xml,F1184,,"VLOOKUP(D1184,Lookup!$A$2:$B$4,2,FALSE())",0.1,0,0
xl/worksheets/sheet2.xml,G1184,,"ROUND(E1184*F1184,2)",387.1,0,0
xl/worksheets/sheet2.xml,H1184,,E1184+G1184,4258.1,0,0
xl/worksheets/sheet2.xml,J1184,,"_xlfn.XLOOKUP(C1184,Departments!$A$2:$A$6,Departments!$B$2:$B$6,""Unknown"")",Human Resources,0,0
xl/worksheets/sheet2.xml,F1185,,"VLOOKUP(D1185,Lookup!$A$2:$B$4,2,FALSE())",0.15,0,0
xl/worksheets/sheet2.xml,G1185,,"ROUND(E1185*F1185,2)",586.2,0,0
xl/worksheets/sheet2.xml,H1185,,E1185+G1185,4494.2,0,0
xl/worksheets/sheet2.xml,J1185,,"_xlfn.XLOOKUP(C1185,Departments!$A$2:$A$6,Departments!$B$2:$B$6,""Unknown"")",Technology,0,0
xl/worksheets/sheet2.xml,F1186,,"VLOOKUP(D1186,Lookup!$A$2:$B$4,2,FALSE())",0.05,0,0
xl/worksheets/sheet2.xml,G1186,,"ROUND(E1186*F1186,2)",197.25,0,0
xl/worksheets/sheet2.xml,H1186,,E1186+G1186,4142.25,0,0
xl/worksheets/sheet2.xml,J1186,,"_xlfn.XLOOKUP(C1186,Departments!$A$2:$A$6,Departments!$B$2:$B$6,""Unknown"")",Operations,0,0
xl/worksheets/sheet2.xml,F1187,,"VLOOKUP(D1187,Lookup!$A$2:$B$4,2,FALSE())",0.1,0,0
xl/worksheets/sheet2.xml,G1187,,"ROUND(E1187*F1187,2)",398.2,0,0
xl/worksheets/sheet2.xml,H1187,,E1187+G1187,4380.2,0,0
xl/worksheets/sheet2.xml,J1187,,"_xlfn.XLOOKUP(C1187,Departments!$A$2:$A$6,Departments!$B$2:$B$6,""Unknown"")",Finance,0,0
xl/worksheets/sheet2.xml,F1188,,"VLOOKUP(D1188,Lookup!$A$2:$B$4,2,FALSE())",0.15,0,0
xl/worksheets/sheet2.xml,G1188,,"ROUND(E1188*F1188,2)",602.85,0,0
xl/worksheets/sheet2.xml,H1188,,E1188+G1188,4621.85,0,0
xl/worksheets/sheet2.xml,J1188,,"_xlfn.XLOOKUP(C1188,Departments!$A$2:$A$6,Departments!$B$2:$B$6,""Unknown"")",Quality,0,0
xl/worksheets/sheet2.xml,F1189,,"VLOOKUP(D1189,Lookup!$A$2:$B$4,2,FALSE())",0.05,0,0
xl/worksheets/sheet2.xml,G1189,,"ROUND(E1189*F1189,2)",202.8,0,0
xl/worksheets/sheet2.xml,H1189,,E1189+G1189,4258.8,0,0
xl/worksheets/sheet2.xml,J1189,,"_xlfn.XLOOKUP(C1189,Departments!$A$2:$A$6,Departments!$B$2:$B$6,""Unknown"")",Human Resources,0,0
xl/worksheets/sheet2.xml,F1190,,"VLOOKUP(D1190,Lookup!$A$2:$B$4,2,FALSE())",0.1,0,0
xl/worksheets/sheet2.xml,G1190,,"ROUND(E1190*F1190,2)",409.3,0,0
xl/worksheets/sheet2.xml,H1190,,E1190+G1190,4502.3,0,0
xl/worksheets/sheet2.xml,J1190,,"_xlfn.XLOOKUP(C1190,Departments!$A$2:$A$6,Departments!$B$2:$B$6,""Unknown"")",Technology,0,0
xl/worksheets/sheet2.xml,F1191,,"VLOOKUP(D1191,Lookup!$A$2:$B$4,2,FALSE())",0.15,0,0
xl/worksheets/sheet2.xml,G1191,,"ROUND(E1191*F1191,2)",619.5,0,0
xl/worksheets/sheet2.xml,H1191,,E1191+G1191,4749.5,0,0
xl/worksheets/sheet2.xml,J1191,,"_xlfn.XLOOKUP(C1191,Departments!$A$2:$A$6,Departments!$B$2:$B$6,""Unknown"")",Operations,0,0
xl/worksheets/sheet2.xml,F1192,,"VLOOKUP(D1192,Lookup!$A$2:$B$4,2,FALSE())",0.05,0,0
xl/worksheets/sheet2.xml,G1192,,"ROUND(E1192*F1192,2)",208.35,0,0
xl/worksheets/sheet2.xml,H1192,,E1192+G1192,4375.35,0,0
xl/worksheets/sheet2.xml,J1192,,"_xlfn.XLOOKUP(C1192,Departments!$A$2:$A$6,Departments!$B$2:$B$6,""Unknown"")",Finance,0,0
xl/worksheets/sheet2.xml,F1193,,"VLOOKUP(D1193,Lookup!$A$2:$B$4,2,FALSE())",0.1,0,0
xl/worksheets/sheet2.xml,G1193,,"ROUND(E1193*F1193,2)",420.4,0,0
xl/worksheets/sheet2.xml,H1193,,E1193+G1193,4624.4,0,0
xl/worksheets/sheet2.xml,J1193,,"_xlfn.XLOOKUP(C1193,Departments!$A$2:$A$6,Departments!$B$2:$B$6,""Unknown"")",Quality,0,0
xl/worksheets/sheet2.xml,F1194,,"VLOOKUP(D1194,Lookup!$A$2:$B$4,2,FALSE())",0.15,0,0
xl/worksheets/sheet2.xml,G1194,,"ROUND(E1194*F1194,2)",636.15,0,0
xl/worksheets/sheet2.xml,H1194,,E1194+G1194,4877.15,0,0
xl/worksheets/sheet2.xml,J1194,,"_xlfn.XLOOKUP(C1194,Departments!$A$2:$A$6,Departments!$B$2:$B$6,""Unknown"")",Human Resources,0,0
xl/worksheets/sheet2.xml,F1195,,"VLOOKUP(D1195,Lookup!$A$2:$B$4,2,FALSE())",0.05,0,0
xl/worksheets/sheet2.xml,G1195,,"ROUND(E1195*F1195,2)",213.9,0,0
xl/worksheets/sheet2.xml,H1195,,E1195+G1195,4491.9,0,0
xl/worksheets/sheet2.xml,J1195,,"_xlfn.XLOOKUP(C1195,Departments!$A$2:$A$6,Departments!$B$2:$B$6,""Unknown"")",Technology,0,0
xl/worksheets/sheet2.xml,F1196,,"VLOOKUP(D1196,Lookup!$A$2:$B$4,2,FALSE())",0.1,0,0
xl/worksheets/sheet2.xml,G1196,,"ROUND(E1196*F1196,2)",431.5,0,0
xl/worksheets/sheet2.xml,H1196,,E1196+G1196,4746.5,0,0
xl/worksheets/sheet2.xml,J1196,,"_xlfn.XLOOKUP(C1196,Departments!$A$2:$A$6,Departments!$B$2:$B$6,""Unknown"")",Operations,0,0
xl/worksheets/sheet2.xml,F1197,,"VLOOKUP(D1197,Lookup!$A$2:$B$4,2,FALSE())",0.15,0,0
xl/worksheets/sheet2.xml,G1197,,"ROUND(E1197*F1197,2)",652.8,0,0
xl/worksheets/sheet2.xml,H1197,,E1197+G1197,5004.8,0,0
xl/worksheets/sheet2.xml,J1197,,"_xlfn.XLOOKUP(C1197,Departments!$A$2:$A$6,Departments!$B$2:$B$6,""Unknown"")",Finance,0,0
xl/worksheets/sheet2.xml,F1198,,"VLOOKUP(D1198,Lookup!$A$2:$B$4,2,FALSE())",0.05,0,0
xl/worksheets/sheet2.xml,G1198,,"ROUND(E1198*F1198,2)",219.45,0,0
xl/worksheets/sheet2.xml,H1198,,E1198+G1198,4608.45,0,0
xl/worksheets/sheet2.xml,J1198,,"_xlfn.XLOOKUP(C1198,Departments!$A$2:$A$6,Departments!$B$2:$B$6,""Unknown"")",Quality,0,0
xl/worksheets/sheet2.xml,F1199,,"VLOOKUP(D1199,Lookup!$A$2:$B$4,2,FALSE())",0.1,0,0
xl/worksheets/sheet2.xml,G1199,,"ROUND(E1199*F1199,2)",442.6,0,0
xl/worksheets/sheet2.xml,H1199,,E1199+G1199,4868.6,0,0
xl/worksheets/sheet2.xml,J1199,,"_xlfn.XLOOKUP(C1199,Departments!$A$2:$A$6,Departments!$B$2:$B$6,""Unknown"")",Human Resources,0,0
xl/worksheets/sheet2.xml,F1200,,"VLOOKUP(D1200,Lookup!$A$2:$B$4,2,FALSE())",0.15,0,0
xl/worksheets/sheet2.xml,G1200,,"ROUND(E1200*F1200,2)",669.45,0,0
xl/worksheets/sheet2.xml,H1200,,E1200+G1200,5132.45,0,0
xl/worksheets/sheet2.xml,J1200,,"_xlfn.XLOOKUP(C1200,Departments!$A$2:$A$6,Departments!$B$2:$B$6,""Unknown"")",Technology,0,0
xl/worksheets/sheet2.xml,F1201,,"VLOOKUP(D1201,Lookup!$A$2:$B$4,2,FALSE())",0.05,0,0
xl/worksheets/sheet2.xml,G1201,,"ROUND(E1201*F1201,2)",225,0,0
xl/worksheets/sheet2.xml,H1201,,E1201+G1201,4725,0,0
xl/worksheets/sheet2.xml,J1201,,"_xlfn.XLOOKUP(C1201,Departments!$A$2:$A$6,Departments!$B$2:$B$6,""Unknown"")",Operations,0,0
